{
"type": "FeatureCollection",
"name": "Russia",
"crs": { "type": "name", "properties": { "name": "urn:ogc:def:crs:OGC:1.3:CRS84" } },
"features": [
{ "type": "Feature", "properties": { "fid": null, "id": null }, "geometry": { "type": "MultiPolygon", "coordinates": [ [ [ [ 37.796458984476921, 49.66875642595847 ], [ 37.798759796265593, 49.674496560816991 ], [ 37.802472505143129, 49.675902259350913 ], [ 37.799020732093034, 49.685936751487525 ], [ 37.800755703999144, 49.693645150157664 ], [ 37.803154389990141, 49.69361021783741 ], [ 37.805366770273103, 49.693517064983389 ], [ 37.806694198442884, 49.693354047488853 ], [ 37.807870253224877, 49.693458844449623 ], [ 37.808918222832602, 49.693400623915863 ], [ 37.809360698889201, 49.693726658904929 ], [ 37.809966192440328, 49.694192423175025 ], [ 37.810420312603668, 49.694227355495286 ], [ 37.811165535435826, 49.694041049787245 ], [ 37.811642943812679, 49.693843099972455 ], [ 37.813529289106569, 49.693703370691424 ], [ 37.814542326394033, 49.693831455865698 ], [ 37.818710916611373, 49.693982829253486 ], [ 37.833003276495646, 49.696033812823401 ], [ 37.824830006133908, 49.701074472037206 ], [ 37.822435047841857, 49.703262693014558 ], [ 37.823518481354917, 49.718331695384215 ], [ 37.815858416341484, 49.725176345341794 ], [ 37.802020879543001, 49.733199454952455 ], [ 37.786170853859616, 49.739913098182207 ], [ 37.786264308963553, 49.740206449975489 ], [ 37.788814298228523, 49.745072379825594 ], [ 37.782833171575639, 49.746426816019124 ], [ 37.781070875329704, 49.747246360957092 ], [ 37.779869309707465, 49.748272929292462 ], [ 37.777546282837825, 49.749489255249777 ], [ 37.77595754607065, 49.750058588835273 ], [ 37.77423530201213, 49.75044676699391 ], [ 37.771017776290371, 49.750671046291785 ], [ 37.769909665772097, 49.750834942045941 ], [ 37.76961594973109, 49.750938454868503 ], [ 37.766838998070845, 49.751292122012053 ], [ 37.759229082463385, 49.752033952032946 ], [ 37.758935366422392, 49.751369755917899 ], [ 37.756425429344844, 49.746987558788256 ], [ 37.755165883740467, 49.744674810688196 ], [ 37.735306969639375, 49.747648051161846 ], [ 37.735972112308637, 49.750321687704229 ], [ 37.73604554131888, 49.75090826365139 ], [ 37.731759957266256, 49.751684603262156 ], [ 37.732000270390706, 49.75238329828737 ], [ 37.732000270390706, 49.752439365970417 ], [ 37.731686528256027, 49.752491120697229 ], [ 37.731586397787503, 49.752650697423952 ], [ 37.73129268174651, 49.752810273625613 ], [ 37.731199226642552, 49.752991413542567 ], [ 37.731172525184292, 49.753224306727432 ], [ 37.730191246592796, 49.753409757908138 ], [ 37.729957608832926, 49.753534829234269 ], [ 37.729670568156493, 49.753793596471191 ], [ 37.729049759251673, 49.753966107195438 ], [ 37.728469002534254, 49.75429818861204 ], [ 37.727641257327839, 49.754837276978861 ], [ 37.72718733253722, 49.755186603040848 ], [ 37.726846888944252, 49.755389297256514 ], [ 37.726392964153646, 49.755579052775744 ], [ 37.725792181342513, 49.755669617648145 ], [ 37.724030005270393, 49.755931919982316 ], [ 37.722981852859412, 49.756087938911591 ], [ 37.722776985342975, 49.756733491537581 ], [ 37.723122035515345, 49.758438233555381 ], [ 37.722094029371881, 49.759110957474526 ], [ 37.721426492915079, 49.759248950970999 ], [ 37.720104770730622, 49.759197203455841 ], [ 37.719575010877939, 49.758781864020371 ], [ 37.719377155992724, 49.758602103062174 ], [ 37.718776373181605, 49.758705599307454 ], [ 37.718469306411478, 49.7589643389542 ], [ 37.718415903494943, 49.75918857886461 ], [ 37.718496007869753, 49.759322259856269 ], [ 37.718551071074891, 49.75943687649616 ], [ 37.71867624271308, 49.759697427122369 ], [ 37.718475981776059, 49.759999283734849 ], [ 37.718095485995683, 49.760012220404818 ], [ 37.717298823197922, 49.760237937241882 ], [ 37.716573502874184, 49.760443440762053 ], [ 37.713734794871115, 49.761391792683376 ], [ 37.713644566057738, 49.761421936209381 ], [ 37.713462782985509, 49.761482666064524 ], [ 37.713574039061747, 49.761683896605668 ], [ 37.713754171244908, 49.762307246516073 ], [ 37.713823252672277, 49.762546303750625 ], [ 37.713238527060035, 49.762607606837811 ], [ 37.710423266985678, 49.762902760889858 ], [ 37.710559870769899, 49.764167501251791 ], [ 37.710636878651862, 49.764880475471791 ], [ 37.708073538657764, 49.765834808881465 ], [ 37.704691353943325, 49.767329510200568 ], [ 37.70401491700045, 49.767743419340476 ], [ 37.702571470974831, 49.766621935802249 ], [ 37.702172516379683, 49.766311968541252 ], [ 37.701522780895075, 49.766070514842589 ], [ 37.701113358534897, 49.766122255022104 ], [ 37.700748438605189, 49.766352210707439 ], [ 37.700739538119102, 49.766651151467592 ], [ 37.700169907009304, 49.767099559151248 ], [ 37.699991625731286, 49.767150280399434 ], [ 37.699422266177692, 49.767312263909695 ], [ 37.699119649650612, 49.767266273770744 ], [ 37.698567819512995, 49.766875355827892 ], [ 37.698033790347566, 49.766645402624199 ], [ 37.697588766043033, 49.766553421037258 ], [ 37.697303950488127, 49.766185492944324 ], [ 37.697232746599404, 49.766162497345782 ], [ 37.696894528127963, 49.766196990739495 ], [ 37.695951076602356, 49.765921042902626 ], [ 37.695630659103095, 49.765771570501791 ], [ 37.695274639659466, 49.765507118202102 ], [ 37.695684953957766, 49.765242087899829 ], [ 37.695380515431324, 49.765107194792051 ], [ 37.694687207577481, 49.765139182167879 ], [ 37.69411757646769, 49.764886224524474 ], [ 37.693833194793378, 49.764492601536794 ], [ 37.69355436923599, 49.764397227690864 ], [ 37.691144814113436, 49.765001205435105 ], [ 37.689702935366746, 49.764345810591585 ], [ 37.687976241065186, 49.763644413312633 ], [ 37.686694571068131, 49.763414444782697 ], [ 37.68619303230367, 49.763163952921687 ], [ 37.684967876766564, 49.762552053080114 ], [ 37.684344842740209, 49.762506058425089 ], [ 37.679334952140863, 49.763427507114116 ], [ 37.677222891270382, 49.763815969832343 ], [ 37.6720404, 49.7671743 ], [ 37.666195, 49.774498 ], [ 37.6579446, 49.779382199999986 ], [ 37.650748808525606, 49.779237687994694 ], [ 37.65014633178113, 49.779059752535886 ], [ 37.634797519273363, 49.774526634833421 ], [ 37.6232738, 49.7767237 ], [ 37.618137976457902, 49.779446985678987 ], [ 37.611681967258463, 49.783745915292464 ], [ 37.612266628794757, 49.787240400280531 ], [ 37.612419414793429, 49.788212727512573 ], [ 37.613205171358018, 49.790270051228312 ], [ 37.612134023112546, 49.791200130342787 ], [ 37.605347605712161, 49.796568300391236 ], [ 37.604741760923616, 49.800794511837033 ], [ 37.600813780779987, 49.808901093612853 ], [ 37.600760377863445, 49.809498448349309 ], [ 37.600956188557447, 49.810084308333856 ], [ 37.600956188557447, 49.810647186737434 ], [ 37.600835278888404, 49.810966377857753 ], [ 37.600973989529621, 49.811003290101894 ], [ 37.605452559564036, 49.813961807027681 ], [ 37.606721615272924, 49.814525395671495 ], [ 37.608913223122464, 49.814989171541654 ], [ 37.6097562, 49.815873 ], [ 37.6157104, 49.8234517 ], [ 37.6170778, 49.8247906 ], [ 37.621786495076591, 49.826871203737028 ], [ 37.628369685716628, 49.827163029985243 ], [ 37.6286723022437, 49.827679776951534 ], [ 37.629580151824946, 49.828127619856986 ], [ 37.630042977101667, 49.829574468598679 ], [ 37.629918370296394, 49.830872002484327 ], [ 37.629761537648058, 49.831396549292087 ], [ 37.629437744047507, 49.83247951831251 ], [ 37.632238071538964, 49.837874233471879 ], [ 37.632989037997653, 49.850399700788408 ], [ 37.633016883037889, 49.85118967206251 ], [ 37.6341422, 49.851668 ], [ 37.63572837289319, 49.851631050900195 ], [ 37.649242579029661, 49.85389771847727 ], [ 37.648992111988619, 49.854669257523724 ], [ 37.649081116849516, 49.856207123727415 ], [ 37.647907468058932, 49.856449015424538 ], [ 37.647318820603566, 49.856516986366678 ], [ 37.645681131162895, 49.857021943447364 ], [ 37.64356281547331, 49.857917081667459 ], [ 37.641942927004827, 49.859145000710789 ], [ 37.638496815427388, 49.860321126047445 ], [ 37.636656038266985, 49.860476167411804 ], [ 37.636086407157187, 49.86048764282738 ], [ 37.635979601324095, 49.86086633001193 ], [ 37.6364603, 49.8627673 ], [ 37.640160876050608, 49.868195651328378 ], [ 37.640857067701766, 49.867980507210071 ], [ 37.64208533478228, 49.867819876060558 ], [ 37.643384805751509, 49.867601875788964 ], [ 37.649135552135021, 49.867029941528969 ], [ 37.649972567388822, 49.873408293621416 ], [ 37.649939481988852, 49.875055058214727 ], [ 37.64950834018186, 49.875208356065407 ], [ 37.648903107127694, 49.875976968419394 ], [ 37.648796301294603, 49.877043827977843 ], [ 37.648369077962258, 49.877984480292675 ], [ 37.64749683032538, 49.877973009033362 ], [ 37.646820393382477, 49.878076250269132 ], [ 37.646090553523045, 49.87879893273864 ], [ 37.644951291303443, 49.878466270723209 ], [ 37.644773281581635, 49.879728080020065 ], [ 37.644439513353241, 49.880396252043305 ], [ 37.644541274760208, 49.880823403950501 ], [ 37.644662025505511, 49.881035738495598 ], [ 37.644443963596281, 49.88185587464227 ], [ 37.644550034824078, 49.882435185159423 ], [ 37.644556237976964, 49.883576482796158 ], [ 37.64479998303991, 49.884516919762618 ], [ 37.645440818038452, 49.885927672980166 ], [ 37.645529822899356, 49.886329099287558 ], [ 37.645672230676794, 49.886776398954865 ], [ 37.646152856925696, 49.887154880051284 ], [ 37.646437672480602, 49.887670985854754 ], [ 37.646384269564052, 49.888267367910494 ], [ 37.646117254981334, 49.888966960545396 ], [ 37.645565424843717, 49.889505984019955 ], [ 37.645707832621163, 49.88975829081204 ], [ 37.646455473452775, 49.890022064684473 ], [ 37.647220915256561, 49.890675758937782 ], [ 37.648110963865641, 49.890870718667678 ], [ 37.648609391086715, 49.890962464150434 ], [ 37.649695250389776, 49.89095099597462 ], [ 37.652017818808524, 49.890277707945828 ], [ 37.655062148535123, 49.888980450709965 ], [ 37.655605173153624, 49.888539751493838 ], [ 37.655498367320547, 49.888172750094938 ], [ 37.655213551765634, 49.887478880449997 ], [ 37.655293656140465, 49.886882488652013 ], [ 37.655507267806634, 49.886481066946686 ], [ 37.658248617522545, 49.883063112642311 ], [ 37.659263272936876, 49.883395742985982 ], [ 37.661078972099354, 49.881434337873038 ], [ 37.665392986634629, 49.882524284055066 ], [ 37.665937641593885, 49.882520579205305 ], [ 37.679817130727415, 49.884865139639629 ], [ 37.680624439554329, 49.885001512406355 ], [ 37.683365789270226, 49.888728985499775 ], [ 37.683883684526599, 49.88901021671704 ], [ 37.684611857322913, 49.889405634360593 ], [ 37.685145886488343, 49.88954325669684 ], [ 37.6940245, 49.8910215 ], [ 37.694242183272934, 49.890437792317378 ], [ 37.695007625076727, 49.890128147248014 ], [ 37.695719663963985, 49.89000199498355 ], [ 37.69709033882193, 49.89004786857241 ], [ 37.697748974792638, 49.889898779249172 ], [ 37.697766775764819, 49.889600599221126 ], [ 37.697926984514446, 49.8894056343606 ], [ 37.698354207846791, 49.889279480207662 ], [ 37.6987280282626, 49.889050108175731 ], [ 37.699048445761868, 49.888797797681619 ], [ 37.69942226617767, 49.888671641939951 ], [ 37.700169907009283, 49.888992764997425 ], [ 37.701095557562702, 49.889118919899758 ], [ 37.701825397422134, 49.88915332572499 ], [ 37.701371606077558, 49.890150787227597 ], [ 37.7019903, 49.89013520000001 ], [ 37.707967182366332, 49.892511761944462 ], [ 37.710654679624, 49.893121299703807 ], [ 37.710939495178899, 49.892846075044076 ], [ 37.723008554317765, 49.896595876035228 ], [ 37.72932789944209, 49.898751593007511 ], [ 37.733083904572318, 49.899978474022774 ], [ 37.733573896292143, 49.900193091618149 ], [ 37.744164320573248, 49.900542548940869 ], [ 37.744581694950156, 49.900917989234784 ], [ 37.745971808431499, 49.902168436418116 ], [ 37.746630444402207, 49.902500935105145 ], [ 37.747271279400721, 49.902592658477602 ], [ 37.747680701760899, 49.903051272724014 ], [ 37.748463944536866, 49.903819441819529 ], [ 37.748730959119591, 49.904610528550869 ], [ 37.748552949397777, 49.906582456392059 ], [ 37.748404634021924, 49.906952959379971 ], [ 37.748343787974669, 49.90723879240015 ], [ 37.748388290405124, 49.907622845136395 ], [ 37.747747989656894, 49.911379531201803 ], [ 37.74815687776676, 49.912460501309837 ], [ 37.748708258009096, 49.912820838521959 ], [ 37.753528, 49.913556 ], [ 37.765951171087593, 49.912749344858611 ], [ 37.770904754862229, 49.913101488715462 ], [ 37.770980136984761, 49.913427910866616 ], [ 37.771584934778588, 49.914136254916876 ], [ 37.77215458545858, 49.915324292433752 ], [ 37.772103571964855, 49.916244043312972 ], [ 37.771942029234715, 49.917284216620153 ], [ 37.772103571964855, 49.917913784300147 ], [ 37.772690227142725, 49.918871806301937 ], [ 37.773472434046568, 49.919545147517596 ], [ 37.774713762393958, 49.920366282615255 ], [ 37.775274910824983, 49.921034128848547 ], [ 37.775198390584386, 49.921959244822546 ], [ 37.774373672435772, 49.922862447433772 ], [ 37.773599967780889, 49.923962689570708 ], [ 37.773489438544466, 49.924411537360129 ], [ 37.77344692729968, 49.92575805565312 ], [ 37.773344900312239, 49.92667213403606 ], [ 37.773268380071642, 49.927120956597449 ], [ 37.773242873324783, 49.927619035279335 ], [ 37.773523447540285, 49.928467399206824 ], [ 37.773629371051186, 49.929339218129677 ], [ 37.766968213596151, 49.933026415397102 ], [ 37.75283369829512, 49.940153020171188 ], [ 37.750801983337396, 49.946705621991342 ], [ 37.7475857470736, 49.954049374299345 ], [ 37.735311624786938, 49.955833943344892 ], [ 37.733100990812403, 49.957203255823359 ], [ 37.728365038674276, 49.960136802685874 ], [ 37.727901149998949, 49.960642996151428 ], [ 37.728454318705559, 49.961324675518433 ], [ 37.728527487026561, 49.961414842106223 ], [ 37.728829256788586, 49.961786718204593 ], [ 37.729292816024916, 49.962357970271128 ], [ 37.734401463461943, 49.966354302845005 ], [ 37.735787257479352, 49.966837768598644 ], [ 37.736808986966757, 49.966890647370846 ], [ 37.742855714580784, 49.968098639702681 ], [ 37.746424222927274, 49.969697929137901 ], [ 37.752240625431725, 49.971815672601068 ], [ 37.763666649454187, 49.972948993921626 ], [ 37.763831784151215, 49.972965373256429 ], [ 37.767315174076757, 49.977426598860475 ], [ 37.767730719610306, 49.977697017709175 ], [ 37.771040027505705, 49.97985057047012 ], [ 37.772286095558385, 49.980594622264185 ], [ 37.775118099717631, 49.982307747885358 ], [ 37.77779953397328, 49.986890180569105 ], [ 37.782042700993003, 49.992628806971659 ], [ 37.779503087958993, 49.999369507362701 ], [ 37.779287972331659, 50.008245303176054 ], [ 37.776388131136144, 50.01812957550618 ], [ 37.775222908520185, 50.023633525095455 ], [ 37.770215625467131, 50.030924198026085 ], [ 37.764505251325986, 50.039292337481371 ], [ 37.763725068927293, 50.039757294668469 ], [ 37.751423405044854, 50.039804578450209 ], [ 37.745355319721668, 50.040198609964705 ], [ 37.734558856224581, 50.051798897751354 ], [ 37.737974729872768, 50.05439467556802 ], [ 37.738163841688042, 50.055464753612483 ], [ 37.734374549208631, 50.055828790444565 ], [ 37.731429160294496, 50.056010808860606 ], [ 37.727358566626656, 50.057963370050871 ], [ 37.725952060684513, 50.059568441537778 ], [ 37.723883669593135, 50.059949025498597 ], [ 37.723205237315156, 50.060362703716869 ], [ 37.723139048800235, 50.06125624866835 ], [ 37.721401600283471, 50.061438267084391 ], [ 37.721103751966318, 50.061736115401551 ], [ 37.716685668595119, 50.062381453422063 ], [ 37.714122975830101, 50.066586897959525 ], [ 37.71281038884856, 50.066854621083237 ], [ 37.705720237142785, 50.06704699094535 ], [ 37.701122774453772, 50.07011527349438 ], [ 37.699575937487211, 50.070175151054379 ], [ 37.698401091347307, 50.070423357985348 ], [ 37.696580907186878, 50.07093631897601 ], [ 37.686123121828849, 50.076396871457263 ], [ 37.685031011332597, 50.083611419584003 ], [ 37.676294127362596, 50.083743796613852 ], [ 37.671694025575363, 50.083379759781771 ], [ 37.662692387545668, 50.093539696822646 ], [ 37.659250584769616, 50.101978732475487 ], [ 37.65513034971557, 50.109474581790664 ], [ 37.654617388724908, 50.110781804960418 ], [ 37.653889315060738, 50.113048761596573 ], [ 37.652449714861135, 50.112982573081652 ], [ 37.646252815151357, 50.113735467438907 ], [ 37.645756401289418, 50.113636184666511 ], [ 37.639418850985422, 50.114082957142251 ], [ 37.637499384052617, 50.114546276746722 ], [ 37.637449742666426, 50.115406727440735 ], [ 37.637002970190686, 50.115688028629165 ], [ 37.63457054226722, 50.116035518332517 ], [ 37.633379148998586, 50.116862874769069 ], [ 37.633461884642244, 50.11732619437354 ], [ 37.633114394938893, 50.118616870414563 ], [ 37.632667622463153, 50.119196019920153 ], [ 37.632320132759801, 50.120106112000357 ], [ 37.63152587058071, 50.121049298338029 ], [ 37.631443134937051, 50.121628447843619 ], [ 37.63154241770944, 50.122224144477933 ], [ 37.6314026225958, 50.125117903330256 ], [ 37.630409121409407, 50.125083644668656 ], [ 37.628459348923286, 50.125543496670097 ], [ 37.627282127799589, 50.12629765395247 ], [ 37.627631615320688, 50.128780854760258 ], [ 37.627815556121263, 50.130289169324996 ], [ 37.62842256076317, 50.130969750287129 ], [ 37.630390727329349, 50.131539966768919 ], [ 37.631439189892639, 50.132514853011969 ], [ 37.6298021167675, 50.133949591256474 ], [ 37.628661683803919, 50.134096743896933 ], [ 37.626160088916073, 50.138198623749823 ], [ 37.625038050032551, 50.138253805989997 ], [ 37.623327400587186, 50.138529717190863 ], [ 37.622094997223314, 50.138492929030747 ], [ 37.620899382019566, 50.138198623749823 ], [ 37.6200164661768, 50.137701983588265 ], [ 37.613707296717003, 50.138143441509648 ], [ 37.607361339097089, 50.13862168759114 ], [ 37.605577113331492, 50.139247086313105 ], [ 37.597060654264766, 50.139228692233054 ], [ 37.594706212017378, 50.140828977198076 ], [ 37.591524036167392, 50.143772030007312 ], [ 37.590806667045136, 50.144636551770027 ], [ 37.590677908484736, 50.146108078174649 ], [ 37.590549149924328, 50.146935811777247 ], [ 37.591009001925777, 50.147395663778688 ], [ 37.592241405289641, 50.147781939459897 ], [ 37.593510596813623, 50.147634786819438 ], [ 37.594467088976629, 50.147837121700071 ], [ 37.595993797621418, 50.147873909860188 ], [ 37.596343285142517, 50.148241791461345 ], [ 37.598568968829497, 50.148002668420588 ], [ 37.600426770915327, 50.147616392739387 ], [ 37.603020336203464, 50.148205003301236 ], [ 37.604326315887562, 50.148701643462793 ], [ 37.604271133647394, 50.149419012585042 ], [ 37.603829675726004, 50.150927327149773 ], [ 37.604142375086987, 50.152270094993987 ], [ 37.605301202130626, 50.152969070036185 ], [ 37.606662364054898, 50.153189798996877 ], [ 37.60782119109853, 50.153796803638784 ], [ 37.60907198854246, 50.154734901721724 ], [ 37.609421476063552, 50.155415482683857 ], [ 37.607839585178588, 50.156500733407263 ], [ 37.607637250297955, 50.157181314369403 ], [ 37.605466748851143, 50.159094298695408 ], [ 37.608593742460961, 50.160602613260139 ], [ 37.610543514947075, 50.160105973098581 ], [ 37.611500007110081, 50.16001400269829 ], [ 37.614810941520467, 50.163416907508967 ], [ 37.614939700080875, 50.164594128632665 ], [ 37.615951374484048, 50.164998798393931 ], [ 37.61815866409097, 50.165256315514739 ], [ 37.627668403480818, 50.166856600479761 ], [ 37.627190157399312, 50.171491908654311 ], [ 37.626951034358562, 50.175465029946778 ], [ 37.626767093557987, 50.175722547067586 ], [ 37.627153369239196, 50.176035246428569 ], [ 37.628735260124159, 50.176476704349959 ], [ 37.631807071493803, 50.176660645150534 ], [ 37.632579622856227, 50.176568674750243 ], [ 37.634327060461708, 50.176844585951109 ], [ 37.636460773748404, 50.176991738591575 ], [ 37.63855769887499, 50.177010132671633 ], [ 37.640286742400413, 50.176568674750243 ], [ 37.640657838893453, 50.176557033430406 ], [ 37.640905680985547, 50.177162167233028 ], [ 37.640236574678447, 50.178384188107515 ], [ 37.639617031801507, 50.179225301196695 ], [ 37.639121397499956, 50.17959030792958 ], [ 37.639847, 50.181424 ], [ 37.639790503807049, 50.18266894940313 ], [ 37.640063102672912, 50.184335141672143 ], [ 37.641029589560929, 50.185477639921757 ], [ 37.641326970141868, 50.186350363228556 ], [ 37.641822604443412, 50.186889856932986 ], [ 37.641822604443412, 50.187270672349321 ], [ 37.642194330169573, 50.187762554434649 ], [ 37.64221911188465, 50.188381366636456 ], [ 37.642615619325888, 50.188889103992899 ], [ 37.641996076448955, 50.189444435545504 ], [ 37.642764309616346, 50.190142557478119 ], [ 37.643528515634081, 50.190804117237001 ], [ 37.641574787292633, 50.192696962100712 ], [ 37.637250378011615, 50.196718682487372 ], [ 37.636159982548214, 50.197325480706603 ], [ 37.634611125355882, 50.198293169099117 ], [ 37.632566633861998, 50.199823980349791 ], [ 37.631505137478499, 50.20053257215443 ], [ 37.628936112603157, 50.202623730925467 ], [ 37.627288128550518, 50.204205953596009 ], [ 37.626742930818807, 50.204713522689524 ], [ 37.626557067955737, 50.204987131914919 ], [ 37.625576947560496, 50.205810949324473 ], [ 37.625014406192157, 50.206283780392042 ], [ 37.623459353571064, 50.207984834604318 ], [ 37.622561016399501, 50.209202101915203 ], [ 37.621823760375939, 50.210284531781262 ], [ 37.621018354635915, 50.211620684238646 ], [ 37.620659019767302, 50.212179716153457 ], [ 37.620312075756217, 50.212417600088195 ], [ 37.618837563709107, 50.213178820709807 ], [ 37.617809122533387, 50.213678365143004 ], [ 37.617425005949698, 50.213844878791846 ], [ 37.616848831074144, 50.21426116037162 ], [ 37.616365587630142, 50.214598147561802 ], [ 37.616185920195818, 50.214978741996937 ], [ 37.614835316724104, 50.222748547976096 ], [ 37.615083133874876, 50.222859536036168 ], [ 37.61516986987764, 50.22331141332883 ], [ 37.616173529338276, 50.2248889864548 ], [ 37.616421346489055, 50.225515244734623 ], [ 37.616570036779521, 50.226284183527319 ], [ 37.61795781282386, 50.227362262401911 ], [ 37.618614528273405, 50.227798243261439 ], [ 37.619097771717435, 50.22858299876463 ], [ 37.620287294041148, 50.230176250515946 ], [ 37.621637897512869, 50.231967604334187 ], [ 37.622815028979034, 50.233671705903106 ], [ 37.623806297582142, 50.235082497397656 ], [ 37.624624094179694, 50.23646947081248 ], [ 37.62801299371656, 50.241145255283882 ], [ 37.629276861185517, 50.245852276702976 ], [ 37.625435695348521, 50.247785665963235 ], [ 37.625361350203292, 50.249180193131394 ], [ 37.62565873078421, 50.250273600663562 ], [ 37.626179146800837, 50.252206810556643 ], [ 37.626290664518685, 50.253450678731824 ], [ 37.626538481669463, 50.254448918875561 ], [ 37.626749126247617, 50.255819484366519 ], [ 37.62772800399317, 50.258101031952975 ], [ 37.628037775431636, 50.261348879951704 ], [ 37.627133242831313, 50.262299427719562 ], [ 37.626897816538076, 50.26382026469269 ], [ 37.626786298820242, 50.264889574113759 ], [ 37.626811080535319, 50.267899353219676 ], [ 37.626736735390082, 50.271479158577954 ], [ 37.626773907962693, 50.272849234106928 ], [ 37.626885425680548, 50.274124240079601 ], [ 37.627034115971, 50.274662741663342 ], [ 37.627034115971014, 50.275763483303969 ], [ 37.626897816538076, 50.277165110283626 ], [ 37.626352618806379, 50.279160575802536 ], [ 37.626526090811922, 50.279564409837732 ], [ 37.626476527381769, 50.280973842959085 ], [ 37.626352618806379, 50.282858300693434 ], [ 37.626402182236532, 50.285098966361971 ], [ 37.626315446233768, 50.287022845994954 ], [ 37.626141974228219, 50.289176232183685 ], [ 37.626141974228219, 50.29064871222846 ], [ 37.626241101088532, 50.291432433026884 ], [ 37.626315446233761, 50.292928591433856 ], [ 37.627058897686091, 50.294480113423674 ], [ 37.628657318308584, 50.296427360238702 ], [ 37.630652246372321, 50.297860039725393 ], [ 37.635844015681037, 50.301437592359491 ], [ 37.637380482015836, 50.302339852969602 ], [ 37.637752207741997, 50.302696003762229 ], [ 37.637553954021378, 50.30327375382037 ], [ 37.636934411144445, 50.304983219737572 ], [ 37.636302477409963, 50.30734946236867 ], [ 37.635955533398892, 50.308750159219407 ], [ 37.635856406538565, 50.309438622209292 ], [ 37.635905969968725, 50.309786806592804 ], [ 37.635720107105655, 50.310356557357437 ], [ 37.636513121988123, 50.310831344446441 ], [ 37.635311208806861, 50.31227150294967 ], [ 37.634084513910537, 50.312160723074967 ], [ 37.633737569899452, 50.312200287345554 ], [ 37.630701809802467, 50.313371374845538 ], [ 37.629809668059671, 50.313664142213604 ], [ 37.627170415403938, 50.314083508546084 ], [ 37.622449498681689, 50.314740244615621 ], [ 37.616526668778178, 50.315491919344467 ], [ 37.612697893798718, 50.315974567378518 ], [ 37.609092154254945, 50.316346440390511 ], [ 37.606229866163503, 50.316346440390511 ], [ 37.604402214676561, 50.316295011317521 ], [ 37.59777310589336, 50.316144679862028 ], [ 37.596187076128395, 50.316097206672048 ], [ 37.595071898949918, 50.316033909011679 ], [ 37.590859007386761, 50.315211031757592 ], [ 37.587996719295319, 50.314601776921947 ], [ 37.586249608382346, 50.314309015327581 ], [ 37.585357466639572, 50.313873825842236 ], [ 37.58498574091341, 50.31332785521802 ], [ 37.584403370609081, 50.3129638713188 ], [ 37.58201193510412, 50.310898605567367 ], [ 37.580029397897924, 50.308999431453095 ], [ 37.576876, 50.306363 ], [ 37.57655995778709, 50.306514564112987 ], [ 37.57529609031814, 50.307915285554898 ], [ 37.57410656799442, 50.309260572391629 ], [ 37.572855091382998, 50.310582081815831 ], [ 37.571046026182351, 50.312520756724027 ], [ 37.569398042129698, 50.314372315284544 ], [ 37.567923530082595, 50.316073470059294 ], [ 37.566758789473958, 50.317252374170124 ], [ 37.565730348298231, 50.318454984481782 ], [ 37.557750636043316, 50.327347026976867 ], [ 37.554281195932475, 50.3338172362458 ], [ 37.551679115849339, 50.334228515608871 ], [ 37.544529591049503, 50.334687246082893 ], [ 37.542745307563933, 50.334608154937861 ], [ 37.542026637826687, 50.334196878861178 ], [ 37.539969755475262, 50.334347153225039 ], [ 37.53788809140876, 50.334481608831915 ], [ 37.534777986166539, 50.333643232366555 ], [ 37.533278692404352, 50.333904237946413 ], [ 37.525732660163271, 50.335406969451988 ], [ 37.521420641739795, 50.336237405944821 ], [ 37.520925007438258, 50.336498397273111 ], [ 37.518917688516986, 50.338254119850248 ], [ 37.516637770729851, 50.34003350219777 ], [ 37.514345462085195, 50.341939344468877 ], [ 37.511991199152838, 50.344042799440409 ], [ 37.51097514883466, 50.344833547892485 ], [ 37.509798017368489, 50.345908944658852 ], [ 37.508682840189998, 50.346818268511342 ], [ 37.507914607022606, 50.347695947194445 ], [ 37.506948120134588, 50.349229869185862 ], [ 37.505907288101326, 50.350542361036084 ], [ 37.505709034380708, 50.352455687775148 ], [ 37.501025290231077, 50.352874711851726 ], [ 37.49935252446334, 50.3531672359019 ], [ 37.492996014545987, 50.354621923330122 ], [ 37.485734972028304, 50.356226771334548 ], [ 37.484656967422431, 50.35662995122258 ], [ 37.484297632553812, 50.357080559986493 ], [ 37.482414222207929, 50.359104293972663 ], [ 37.482538130783311, 50.359349349653776 ], [ 37.482947029082091, 50.361554793853941 ], [ 37.481968151336538, 50.362993415489854 ], [ 37.481323826744529, 50.363443963848553 ], [ 37.481645989040523, 50.363807561159781 ], [ 37.480741456440207, 50.36419486827517 ], [ 37.479204990105401, 50.365356770657172 ], [ 37.478436756937995, 50.365759873000329 ], [ 37.477780041488451, 50.365744065129803 ], [ 37.475747940852088, 50.366716239370966 ], [ 37.474558418528382, 50.367735815349214 ], [ 37.473269769344348, 50.368423423989078 ], [ 37.472625444752346, 50.368439230967084 ], [ 37.471844820727398, 50.369442963287774 ], [ 37.470952678984617, 50.370683768384396 ], [ 37.470952678984617, 50.372288073371536 ], [ 37.471064196702464, 50.374967062739579 ], [ 37.470791597836616, 50.375694078004543 ], [ 37.468102781750709, 50.377819743507985 ], [ 37.467408893728546, 50.378475598765704 ], [ 37.46716107657776, 50.378957607089639 ], [ 37.466479579413139, 50.380861887157252 ], [ 37.465736127960824, 50.381667824990231 ], [ 37.465352011377114, 50.382426342205676 ], [ 37.465017458223564, 50.383548293344816 ], [ 37.465005067366022, 50.384362086366188 ], [ 37.465252884516801, 50.385507693652727 ], [ 37.46561221938542, 50.386123939918249 ], [ 37.465909599966345, 50.387230002873395 ], [ 37.46613263540204, 50.387790924941584 ], [ 37.466008726826651, 50.390232043710661 ], [ 37.466008726826651, 50.391274813419521 ], [ 37.465990140540342, 50.391748792069635 ], [ 37.466095462829422, 50.392052925874495 ], [ 37.466039703970488, 50.392590092504264 ], [ 37.466324693693899, 50.39562338983923 ], [ 37.466014922255425, 50.396610749445635 ], [ 37.465829059392341, 50.397645480244314 ], [ 37.465891013680036, 50.398585406965069 ], [ 37.466237957691121, 50.399327856913416 ], [ 37.466225566833579, 50.400204564750794 ], [ 37.467328353154528, 50.406822790695088 ], [ 37.465891013680036, 50.409010234938442 ], [ 37.465494506238791, 50.410992272300703 ], [ 37.465209516515401, 50.411924038107138 ], [ 37.464837790789247, 50.413084771572656 ], [ 37.464453674205537, 50.413874369922652 ], [ 37.465011262794782, 50.414750808680381 ], [ 37.465395379378478, 50.415406153192649 ], [ 37.462805690152891, 50.41860378854097 ], [ 37.4579078, 50.421066105575669 ], [ 37.454251427863149, 50.423368541959952 ], [ 37.452715567219478, 50.427301611850318 ], [ 37.449914880163398, 50.429853136145596 ], [ 37.445518102634487, 50.433459567538918 ], [ 37.43871527624519, 50.436882328293365 ], [ 37.438200178391163, 50.437785004533644 ], [ 37.43832063804949, 50.438638536317946 ], [ 37.437447305526618, 50.439204352276001 ], [ 37.436027722991554, 50.439236683129678 ], [ 37.434119607465355, 50.440959297732107 ], [ 37.433246274942476, 50.441553854659638 ], [ 37.431122267426417, 50.44205441064129 ], [ 37.430527506264553, 50.441446782792781 ], [ 37.429660146236841, 50.440823364295184 ], [ 37.428978649072221, 50.440215720642023 ], [ 37.428396278767899, 50.440010540503856 ], [ 37.426934157578337, 50.438945167795204 ], [ 37.423563844327795, 50.436459204887164 ], [ 37.421581307121606, 50.43485707072243 ], [ 37.421011327674826, 50.434683437162292 ], [ 37.416017812086729, 50.433760011620294 ], [ 37.412709453123888, 50.433097028328326 ], [ 37.410181718185989, 50.432804997028079 ], [ 37.408186790122265, 50.432639248732023 ], [ 37.406241425488687, 50.432437982163833 ], [ 37.405677641470675, 50.432402464445332 ], [ 37.405212984312975, 50.432402464445332 ], [ 37.40401726656048, 50.432288018282264 ], [ 37.402827744236774, 50.43211832173813 ], [ 37.40073368931273, 50.43174340861227 ], [ 37.398825497251764, 50.431451368962506 ], [ 37.397078386338812, 50.431092236653335 ], [ 37.396595142894803, 50.431033038758436 ], [ 37.396279176027562, 50.431064610978268 ], [ 37.395250734851849, 50.431198792677648 ], [ 37.393206243357952, 50.43137243901824 ], [ 37.390343955266509, 50.431597389012559 ], [ 37.387283413454455, 50.431822337938094 ], [ 37.381242870404336, 50.432295911129984 ], [ 37.378646985749981, 50.432493231895215 ], [ 37.377556590286559, 50.432627409545823 ], [ 37.376305113675159, 50.432844460822572 ], [ 37.373436630154941, 50.433258828678632 ], [ 37.370673468923812, 50.433708709673191 ], [ 37.369050266586243, 50.433945487426875 ], [ 37.36750140939391, 50.434178317729902 ], [ 37.366126024207112, 50.434442716854996 ], [ 37.364366522436612, 50.43479393131971 ], [ 37.363319494974583, 50.435018865057557 ], [ 37.361188267477928, 50.435480567802706 ], [ 37.357136457062772, 50.436360552872209 ], [ 37.355575209012883, 50.436668346478982 ], [ 37.354342318687785, 50.436913001508017 ], [ 37.353313877512065, 50.437165547308481 ], [ 37.352966933500987, 50.437224737535558 ], [ 37.352626184918662, 50.437311549734737 ], [ 37.351826974607427, 50.437354955774623 ], [ 37.349187721951672, 50.437339171764727 ], [ 37.346114789282069, 50.437319441744954 ], [ 37.342874580035698, 50.437244467594816 ], [ 37.342403727449224, 50.437216845509553 ], [ 37.340830088541814, 50.437189223408204 ], [ 37.339529048500239, 50.437201061453614 ], [ 37.332645927137492, 50.437055058686575 ], [ 37.330762516791609, 50.436605209492022 ], [ 37.328953451590962, 50.436147463818237 ], [ 37.328631289294954, 50.435784420998573 ], [ 37.327107213817698, 50.435358236744605 ], [ 37.325025549751189, 50.434616351298033 ], [ 37.323513865131467, 50.434079660961643 ], [ 37.322411078810525, 50.433732387501827 ], [ 37.321134820484033, 50.433345648150834 ], [ 37.320007252448015, 50.43292733468391 ], [ 37.319585963291694, 50.432690551838057 ], [ 37.317578644370414, 50.431451368962527 ], [ 37.315769579169753, 50.430164794462982 ], [ 37.31405964082942, 50.42909920015795 ], [ 37.313638351673106, 50.428901865247575 ], [ 37.311321261313353, 50.427338943707277 ], [ 37.310503464715808, 50.426573251196785 ], [ 37.309821967551173, 50.425878591610136 ], [ 37.30953697782779, 50.425428636212736 ], [ 37.30936350582224, 50.424970782472592 ], [ 37.30917764295917, 50.423976119438549 ], [ 37.309190033816705, 50.423155111989892 ], [ 37.309128079529003, 50.42280775840014 ], [ 37.30889265323578, 50.422349879321217 ], [ 37.308273110358847, 50.421331477222175 ], [ 37.307616394909282, 50.420084102179906 ], [ 37.306972070317279, 50.418907750049257 ], [ 37.305695811990766, 50.416468107882785 ], [ 37.304952360538429, 50.415378518366197 ], [ 37.301990945586688, 50.410798810153871 ], [ 37.3012598849919, 50.409495881243622 ], [ 37.301148367274052, 50.408872041990726 ], [ 37.299841131803717, 50.406420037245915 ], [ 37.299562337509101, 50.406072560931335 ], [ 37.298025871174296, 50.404864271185808 ], [ 37.292908447010817, 50.401420871291869 ], [ 37.29231368584896, 50.401093103445582 ], [ 37.290628529223696, 50.400635014465266 ], [ 37.288144162287175, 50.399928127093055 ], [ 37.287400710834859, 50.399742518046764 ], [ 37.275195716159217, 50.396527812029902 ], [ 37.274749645287834, 50.396417228583132 ], [ 37.273758376684732, 50.396314543723037 ], [ 37.269384403973561, 50.395169197514704 ], [ 37.265295420985787, 50.39415811028001 ], [ 37.26418024380731, 50.393834241840374 ], [ 37.263597873502988, 50.39361306212237 ], [ 37.260091260819529, 50.392001578745656 ], [ 37.257897, 50.390997 ], [ 37.257656457313175, 50.390840328827863 ], [ 37.257439617306247, 50.390895627087929 ], [ 37.256863442430692, 50.391488104398462 ], [ 37.256058036690675, 50.392380756232612 ], [ 37.255847392112514, 50.392483449613465 ], [ 37.253802900618638, 50.391693494804635 ], [ 37.251237993108127, 50.390658634090727 ], [ 37.248512004449616, 50.389568451046451 ], [ 37.244299112886445, 50.387901528509964 ], [ 37.241845723093775, 50.386929788336445 ], [ 37.237521313812771, 50.385175865423669 ], [ 37.235898111475187, 50.384551706035175 ], [ 37.232639315942507, 50.38331126362533 ], [ 37.230706342166471, 50.382473749128906 ], [ 37.229752246135995, 50.382094492416606 ], [ 37.229169875831673, 50.381960171603758 ], [ 37.22711299348024, 50.381114731873232 ], [ 37.222478812760762, 50.379257872094236 ], [ 37.223336, 50.377942 ], [ 37.221165381861667, 50.376990034105845 ], [ 37.216878145153274, 50.375267353003942 ], [ 37.214362801072916, 50.374279548924306 ], [ 37.211413776978695, 50.373584122515659 ], [ 37.208935605470948, 50.372944005107172 ], [ 37.205342256784718, 50.371813900204785 ], [ 37.202219760684962, 50.370857636570399 ], [ 37.200472649772017, 50.370320223755009 ], [ 37.198998137724899, 50.36980651463859 ], [ 37.197387326244865, 50.369205863080118 ], [ 37.194673728443895, 50.368210029270585 ], [ 37.192753145525387, 50.36745918837331 ], [ 37.189147405981629, 50.365965374837991 ], [ 37.188019837945603, 50.365538562333889 ], [ 37.186495762468333, 50.364827199630135 ], [ 37.185157549854154, 50.364179059883398 ], [ 37.184476052689533, 50.363799656900063 ], [ 37.184005200103051, 50.363515102672139 ], [ 37.183125449217812, 50.36336492058625 ], [ 37.181527028595312, 50.362922275884387 ], [ 37.180374678844217, 50.362629811941453 ], [ 37.179110811375274, 50.36230572817 ], [ 37.177859334763859, 50.36213182864865 ], [ 37.176075051278296, 50.3620053558693 ], [ 37.174389894653032, 50.361657553988358 ], [ 37.170623073961266, 50.360795942897141 ], [ 37.168058166450749, 50.360187272424007 ], [ 37.164501990337129, 50.359460019546731 ], [ 37.161515793670297, 50.358875047190224 ], [ 37.159979327335506, 50.358471886369948 ], [ 37.1581206987047, 50.357926428045289 ], [ 37.156398369506817, 50.357286099405741 ], [ 37.154676040308928, 50.35677224918912 ], [ 37.153114792259046, 50.356290015465042 ], [ 37.152581985384892, 50.356218865812373 ], [ 37.149026, 50.355824 ], [ 37.142879943932073, 50.358795996318861 ], [ 37.138555534651061, 50.360827561929241 ], [ 37.138109463779664, 50.360882895184709 ], [ 37.135507383696542, 50.360622037844124 ], [ 37.132471623599564, 50.360392798391629 ], [ 37.12727985429084, 50.359823647378178 ], [ 37.122484592423362, 50.359333539648048 ], [ 37.118036274566961, 50.358811806503688 ], [ 37.114765088176732, 50.358456076071931 ], [ 37.111791282367449, 50.358100342974346 ], [ 37.110006998881872, 50.357926428045289 ], [ 37.1036133163919, 50.357294004750258 ], [ 37.103489407816511, 50.357127992239199 ], [ 37.10495152900608, 50.354598205957792 ], [ 37.105447163307623, 50.353791808247081 ], [ 37.105856061606396, 50.353317450254345 ], [ 37.105670198743326, 50.352463593924071 ], [ 37.105571071883013, 50.351846910357779 ], [ 37.105509, 50.351607 ], [ 37.102101631772172, 50.351072091446461 ], [ 37.100230612283816, 50.350747928762758 ], [ 37.095286660125872, 50.349957278789205 ], [ 37.090974641702402, 50.349372189332925 ], [ 37.086464369558314, 50.348676397892497 ], [ 37.083849898617643, 50.348288964148757 ], [ 37.082722330581625, 50.347901527243948 ], [ 37.081817797981302, 50.347790830404847 ], [ 37.079983951065564, 50.347601063794578 ], [ 37.079104200180325, 50.347419203414823 ], [ 37.077716424135978, 50.347340133467263 ], [ 37.073835, 50.3469 ], [ 37.071558167939237, 50.346739197563259 ], [ 37.070306691327822, 50.346644312251698 ], [ 37.069526067302888, 50.346644312251698 ], [ 37.069018042143796, 50.346707569147135 ], [ 37.064098871700921, 50.346881525175135 ], [ 37.062810222516909, 50.347039666465811 ], [ 37.060146188146085, 50.347087108750301 ], [ 37.059031010967594, 50.347031759413788 ], [ 37.056837829183245, 50.346739197563259 ], [ 37.051299115863443, 50.345893130177004 ], [ 37.045239986527008, 50.345015418174235 ], [ 37.044784, 50.344966 ], [ 37.043183104175583, 50.345782428656186 ], [ 37.039193248048115, 50.347941061766811 ], [ 37.037963, 50.348663 ], [ 37.037247883414537, 50.348755465615127 ], [ 37.032625665157553, 50.348748476285238 ], [ 37.0381007, 50.334422599999989 ], [ 37.0488748, 50.3356774 ], [ 37.049071440934547, 50.333276301623151 ], [ 37.0443708, 50.3313439 ], [ 37.04240248015067, 50.326350314967669 ], [ 37.044434580787005, 50.326793300663709 ], [ 37.047358823166142, 50.324942225868455 ], [ 37.049638740953263, 50.323296765522024 ], [ 37.050630009556365, 50.322252501523202 ], [ 37.050530882696059, 50.321413909277972 ], [ 37.050233502115134, 50.321224037281475 ], [ 37.049775040386201, 50.321295239369036 ], [ 37.049415705517575, 50.321137012362925 ], [ 37.049056370648941, 50.320701885380274 ], [ 37.049006807218788, 50.320243019883428 ], [ 37.049130715794178, 50.319934469903451 ], [ 37.048672254065252, 50.319135395260943 ], [ 37.048027929473236, 50.31879519108881 ], [ 37.047135787730454, 50.318700249955057 ], [ 37.046404727135666, 50.318494543514781 ], [ 37.044893042515945, 50.318415425416113 ], [ 37.043728301907308, 50.318367954493709 ], [ 37.037756263188442, 50.314615209659415 ], [ 37.036290754799985, 50.31342611388515 ], [ 37.03079022486375, 50.310458799612839 ], [ 37.027894069727317, 50.308852267420114 ], [ 37.025933104766246, 50.307955230257072 ], [ 37.024076446452035, 50.307506711675551 ], [ 37.021969452185353, 50.306515798530327 ], [ 37.021187152333859, 50.306536659859702 ], [ 37.01925747936685, 50.306067279948806 ], [ 37.015784068026235, 50.305065936138902 ], [ 37.013405876477705, 50.30442966559302 ], [ 37.006062915417175, 50.301894955358662 ], [ 37.005032081485489, 50.301913350608892 ], [ 37.004454099440366, 50.302185911439572 ], [ 37.004274391272745, 50.30244263739332 ], [ 37.004471214503951, 50.303007434491562 ], [ 37.00402622285079, 50.303264160445309 ], [ 37.003350177839252, 50.303803284948181 ], [ 37.00190395496648, 50.304085683497306 ], [ 37.000509077284448, 50.303717709630263 ], [ 36.998866031180462, 50.30374338222564 ], [ 36.997698854448672, 50.303564666408384 ], [ 36.996722369466674, 50.303443868612952 ], [ 36.99440755711705, 50.302874792748803 ], [ 36.992524900122902, 50.302395570968471 ], [ 36.991228434056481, 50.302168796376009 ], [ 36.989345777062333, 50.30137294591939 ], [ 36.988575599201084, 50.301210352815346 ], [ 36.987289622512833, 50.301435883284377 ], [ 36.981969184657984, 50.302994598193884 ], [ 36.977219754513655, 50.301710968425148 ], [ 36.976509479374947, 50.301462800003193 ], [ 36.975593823473247, 50.300949348095699 ], [ 36.975242964669796, 50.30041878112462 ], [ 36.9738615, 50.2990686 ], [ 36.976124390444326, 50.297380857338638 ], [ 36.972829740704569, 50.29555810306703 ], [ 36.9624032, 50.2911245 ], [ 36.949985710942173, 50.287948558082675 ], [ 36.950553261518003, 50.287023234986911 ], [ 36.954025396028882, 50.280046726566376 ], [ 36.95421719949335, 50.279279876779867 ], [ 36.954299173332224, 50.278861378940519 ], [ 36.956210951731144, 50.275025407997234 ], [ 36.953131513039637, 50.271860263354625 ], [ 36.947359666027069, 50.265168576511911 ], [ 36.946503089991182, 50.263200934458467 ], [ 36.942632, 50.263060899999985 ], [ 36.9433431, 50.2708858 ], [ 36.9390999, 50.2739164 ], [ 36.930554, 50.2712249 ], [ 36.93035706096618, 50.271182491529586 ], [ 36.9226951, 50.2794497 ], [ 36.9151097, 50.2813232 ], [ 36.8963769, 50.274672 ], [ 36.896822720757001, 50.27107083171849 ], [ 36.896920468463541, 50.269305850484841 ], [ 36.897592483946042, 50.268095316686285 ], [ 36.897824634749092, 50.267657954972506 ], [ 36.90221402697906, 50.2682316585461 ], [ 36.904422604940883, 50.268501434681056 ], [ 36.904959927335028, 50.2680455844703 ], [ 36.905094620423391, 50.267572044163877 ], [ 36.906634146801473, 50.267720435463247 ], [ 36.9080605, 50.2672708 ], [ 36.910049207298883, 50.264240928311338 ], [ 36.909242788719894, 50.262217932997544 ], [ 36.905503938944548, 50.260319832241848 ], [ 36.901349661416383, 50.261897682618695 ], [ 36.899773479648339, 50.262381962845552 ], [ 36.8988242, 50.2630026 ], [ 36.897781870127481, 50.262553803032837 ], [ 36.896071285262934, 50.261319664289559 ], [ 36.895802479069943, 50.260601037126456 ], [ 36.895448143633722, 50.259023143798288 ], [ 36.893761995695819, 50.255945320277412 ], [ 36.893505407966138, 50.25475007124777 ], [ 36.893480971039509, 50.2541329047814 ], [ 36.89372534030587, 50.25221104407207 ], [ 36.8939941, 50.25206630000001 ], [ 36.901270241404831, 50.25286339166194 ], [ 36.90339432275065, 50.252296364805105 ], [ 36.904972435790221, 50.251921977014973 ], [ 36.904550898805752, 50.251453215897421 ], [ 36.904447041867542, 50.251089922859443 ], [ 36.904508134184127, 50.249218724523168 ], [ 36.8887974, 50.2482311 ], [ 36.8809403, 50.2504327 ], [ 36.8684253, 50.2600501 ], [ 36.866010017606314, 50.259549093714682 ], [ 36.86607562147455, 50.260092668622896 ], [ 36.866225573173367, 50.260289480227598 ], [ 36.865935041756906, 50.260786195229933 ], [ 36.865672626283974, 50.26120793438286 ], [ 36.865541418547508, 50.261095470608744 ], [ 36.865710114208674, 50.260580011644059 ], [ 36.86578509005809, 50.260092668622896 ], [ 36.865335234961634, 50.25935228210998 ], [ 36.862420548815841, 50.258593151634706 ], [ 36.860583640505311, 50.258274504274723 ], [ 36.85816566936186, 50.257271702288875 ], [ 36.857012915677196, 50.257243586345346 ], [ 36.856122577465463, 50.25751537379945 ], [ 36.855410306896076, 50.257590349648865 ], [ 36.854013881700823, 50.258321364180603 ], [ 36.85253310867499, 50.258939914938232 ], [ 36.851680258387965, 50.258958658900589 ], [ 36.851464702820913, 50.259342910128815 ], [ 36.85082740810094, 50.259727161357034 ], [ 36.85021822932449, 50.259830253149971 ], [ 36.849515330736274, 50.260355084095835 ], [ 36.849618422529218, 50.260917402966406 ], [ 36.849018615733939, 50.261151702495809 ], [ 36.848137649503386, 50.261189190420517 ], [ 36.847893977992804, 50.261676533441673 ], [ 36.847828374124568, 50.262285712218123 ], [ 36.848212625352794, 50.262791799201636 ], [ 36.849468470830395, 50.263363490053379 ], [ 36.849505958755103, 50.263897692980422 ], [ 36.848849920072773, 50.26458184760628 ], [ 36.848287601202202, 50.264778659210982 ], [ 36.847209823366946, 50.264731799305103 ], [ 36.846656876477553, 50.264272572227469 ], [ 36.846403832985793, 50.263541557695731 ], [ 36.846010209776388, 50.263222910335756 ], [ 36.844977352419022, 50.263798200409163 ], [ 36.844408967539593, 50.263638083657177 ], [ 36.842649465769092, 50.263384613231061 ], [ 36.840419111412125, 50.262909352546359 ], [ 36.838733954786861, 50.262069713747266 ], [ 36.837829422186559, 50.261443935582228 ], [ 36.837234661024688, 50.261087475990166 ], [ 36.837135534164389, 50.260374548803412 ], [ 36.834929961522505, 50.258980349247096 ], [ 36.835053870097902, 50.258140641189314 ], [ 36.833790002628952, 50.257150400404171 ], [ 36.833158068894463, 50.256706765856173 ], [ 36.833864347774181, 50.256278971486694 ], [ 36.833889129489258, 50.256144294686464 ], [ 36.833467840332936, 50.255954162085075 ], [ 36.832216363721528, 50.256065072861432 ], [ 36.831906592283055, 50.255558050061751 ], [ 36.830964887110113, 50.25486088490176 ], [ 36.82915582190946, 50.254108251971132 ], [ 36.828437152172214, 50.253466523976975 ], [ 36.826714822974338, 50.253149618075796 ], [ 36.825760726943855, 50.252911937266667 ], [ 36.824149915463828, 50.251921587799906 ], [ 36.823443636584123, 50.250947063831966 ], [ 36.822898438852413, 50.250273600663697 ], [ 36.822167378257632, 50.250091367817241 ], [ 36.820891119931147, 50.250511294633448 ], [ 36.819044882157876, 50.250661833534387 ], [ 36.818474902711088, 50.250748987417559 ], [ 36.818227085560316, 50.250511294633448 ], [ 36.817545588395696, 50.250178522743802 ], [ 36.817025172379068, 50.249806132397666 ], [ 36.816740182655678, 50.249172269796965 ], [ 36.816380847787052, 50.249077189679667 ], [ 36.815302843181179, 50.249370352765403 ], [ 36.814212447717779, 50.249108883073177 ], [ 36.813543341410693, 50.248522551881067 ], [ 36.812923798533745, 50.248205613097852 ], [ 36.811238641908488, 50.248950415894797 ], [ 36.810371281880762, 50.249528818547304 ], [ 36.809404794992744, 50.25031321640764 ], [ 36.808351572101948, 50.250772756630745 ], [ 36.80727356749609, 50.250408294058779 ], [ 36.806703588049295, 50.25039244779677 ], [ 36.805823837164063, 50.25054298707316 ], [ 36.805105167426802, 50.25015475323417 ], [ 36.804101507966173, 50.24952089527072 ], [ 36.804027162820951, 50.249156423123921 ], [ 36.80348196508924, 50.248894952257885 ], [ 36.803358056513851, 50.248728560959819 ], [ 36.802837640497231, 50.248696867313342 ], [ 36.802106579902436, 50.248966262636365 ], [ 36.801623336458434, 50.248950415894797 ], [ 36.800396641562095, 50.248760254585186 ], [ 36.799516890676855, 50.248807794983726 ], [ 36.798971692945152, 50.248657250225648 ], [ 36.798240632350371, 50.248395776620733 ], [ 36.796976764881421, 50.247777742396948 ], [ 36.795712897412464, 50.247571729207877 ], [ 36.792503665309944, 50.246945760592467 ], [ 36.788736844618171, 50.247627194384847 ], [ 36.780881040938631, 50.250257754356873 ], [ 36.779716300329987, 50.250273600663675 ], [ 36.777139001961935, 50.251525442249658 ], [ 36.77627164193423, 50.252412803708225 ], [ 36.774313886443117, 50.254108251971111 ], [ 36.772227, 50.255269 ], [ 36.765491595875552, 50.257483123604061 ], [ 36.751886434298029, 50.26239448145315 ], [ 36.749953460522001, 50.263329166395536 ], [ 36.747841541702492, 50.264123331529305 ], [ 36.741948966551981, 50.265150957209777 ], [ 36.733696655431196, 50.266513294365076 ], [ 36.730797194767135, 50.266940996829419 ], [ 36.72866596727048, 50.266735066492743 ], [ 36.72797207924831, 50.266861792959155 ], [ 36.726485176343665, 50.267796390234778 ], [ 36.72631170433813, 50.268730969169134 ], [ 36.726584303203978, 50.270330799009159 ], [ 36.725369999165189, 50.271281167524783 ], [ 36.724081349981162, 50.271851379529544 ], [ 36.720278418281318, 50.277231222270863 ], [ 36.715596675405429, 50.27434166445569 ], [ 36.712764211671463, 50.27262021813825 ], [ 36.711513062046627, 50.271731705364594 ], [ 36.710503, 50.271243 ], [ 36.709236664812572, 50.2706710215312 ], [ 36.706873382187908, 50.269249334938657 ], [ 36.705926331430234, 50.268727298738824 ], [ 36.705274691000625, 50.268449617577524 ], [ 36.704614362031982, 50.267722085256409 ], [ 36.704136492383597, 50.267449951989988 ], [ 36.701929603462041, 50.267483274514319 ], [ 36.700348289352874, 50.267061187483229 ], [ 36.700009436329488, 50.266844588738529 ], [ 36.699974682173242, 50.266150355354021 ], [ 36.699609763532671, 50.265667162945491 ], [ 36.699227467813969, 50.265339477947826 ], [ 36.698879926251522, 50.265395017936633 ], [ 36.697150906978329, 50.266433603797076 ], [ 36.696620906095582, 50.266905680791915 ], [ 36.696455823853405, 50.267672101711817 ], [ 36.695977954205041, 50.268655101792653 ], [ 36.695352379392624, 50.269032746146124 ], [ 36.694865821205212, 50.269086893436537 ], [ 36.693800389102826, 50.268899460245621 ], [ 36.692412394987784, 50.268362147676278 ], [ 36.690301079995898, 50.267381224209821 ], [ 36.688639396900427, 50.266650204410894 ], [ 36.688219088823331, 50.266131610912261 ], [ 36.687847653778469, 50.265263110357409 ], [ 36.687095009082284, 50.264032186757888 ], [ 36.687730358501142, 50.263376097730813 ], [ 36.688776241390634, 50.262876214310822 ], [ 36.688668720719761, 50.262695005275468 ], [ 36.688297285674892, 50.262769988408195 ], [ 36.687231853572492, 50.263201139130572 ], [ 36.686625827972975, 50.263132405218947 ], [ 36.685061890941952, 50.260720406964687 ], [ 36.68374231907201, 50.258258293146383 ], [ 36.683194941111154, 50.257052185880781 ], [ 36.68308742044028, 50.256114775725685 ], [ 36.683185166504707, 50.255564819850001 ], [ 36.683556601549583, 50.255089852848513 ], [ 36.683771642891351, 50.254821119421315 ], [ 36.683664122220463, 50.254614881111991 ], [ 36.683820515923571, 50.252702446996388 ], [ 36.67264814075817, 50.246608394966771 ], [ 36.674994046304704, 50.238056657326396 ], [ 36.667448050129977, 50.232729799748697 ], [ 36.666710718395727, 50.231429305795388 ], [ 36.662619394546681, 50.224213094042177 ], [ 36.65988250474237, 50.220823497332198 ], [ 36.655855366887479, 50.219697747726968 ], [ 36.652864337315634, 50.218928470217065 ], [ 36.65221921329033, 50.21893472455578 ], [ 36.651222203433058, 50.218546954004779 ], [ 36.64939435202804, 50.218002819045957 ], [ 36.648031, 50.217714 ], [ 36.647537176803695, 50.217802675890667 ], [ 36.645161947437813, 50.219234931849883 ], [ 36.642405508420616, 50.220954833055593 ], [ 36.640421263312504, 50.222118076535018 ], [ 36.638955072345922, 50.222580864439948 ], [ 36.635836972890303, 50.223237515248165 ], [ 36.63324670218266, 50.223919171762212 ], [ 36.619523154735383, 50.226902086131446 ], [ 36.617714852543251, 50.227064671490218 ], [ 36.616668969653745, 50.227002138725524 ], [ 36.615838128106013, 50.227127204172945 ], [ 36.615476467667584, 50.227033405118128 ], [ 36.614899765887394, 50.226664460379261 ], [ 36.614499007023191, 50.225757719656968 ], [ 36.61417644501055, 50.224688368790098 ], [ 36.615105032622722, 50.224275630463794 ], [ 36.615105032622722, 50.22410678193723 ], [ 36.613971178275214, 50.22380660530299 ], [ 36.613489, 50.223726 ], [ 36.612201974508864, 50.224156811192586 ], [ 36.611024134432377, 50.224306898643832 ], [ 36.610085772213758, 50.224607072129466 ], [ 36.606400745584388, 50.226089151023423 ], [ 36.600966064401568, 50.227827564617542 ], [ 36.599578070286526, 50.228321562673827 ], [ 36.596704335992015, 50.229365820203931 ], [ 36.5981604, 50.2309131 ], [ 36.586724462812754, 50.235036927325815 ], [ 36.584456754117753, 50.235999760559771 ], [ 36.581211584778359, 50.238175441967108 ], [ 36.579950660547091, 50.238650577570411 ], [ 36.578376948909622, 50.239675854053047 ], [ 36.575816002021313, 50.240901155558795 ], [ 36.57542501776355, 50.241082447494549 ], [ 36.575073131931575, 50.241351258406027 ], [ 36.575053582718681, 50.241882624352414 ], [ 36.573978376009855, 50.242864072937536 ], [ 36.571847511805082, 50.24373298188906 ], [ 36.570889600373569, 50.243839250242068 ], [ 36.569482057045647, 50.244108045606787 ], [ 36.568820735121356, 50.244585985460937 ], [ 36.560987924045868, 50.244542490723774 ], [ 36.5498253234869, 50.243454807725549 ], [ 36.529083608612872, 50.244504984826683 ], [ 36.527998627297585, 50.244554992682914 ], [ 36.527519671581828, 50.244454976917993 ], [ 36.526845223737205, 50.244348709937817 ], [ 36.526082804434573, 50.244123673197649 ], [ 36.524685035713084, 50.244011154429131 ], [ 36.523844419558912, 50.243229766764841 ], [ 36.522573720721205, 50.242742174371614 ], [ 36.521400767947924, 50.242323341025823 ], [ 36.520540602580859, 50.241316875699553 ], [ 36.520012773832896, 50.240879275450965 ], [ 36.518155598608544, 50.240416665105641 ], [ 36.505396, 50.238677 ], [ 36.493362309363512, 50.240210364450128 ], [ 36.491466035713387, 50.24094179001812 ], [ 36.490840460900976, 50.242004525116535 ], [ 36.489628409701929, 50.242310838481274 ], [ 36.488934412644404, 50.242123299920209 ], [ 36.488396809289995, 50.241935760621246 ], [ 36.488025374245119, 50.241985771173105 ], [ 36.487380250219822, 50.242348346104961 ], [ 36.486979491355612, 50.242417110005036 ], [ 36.485200512982829, 50.242142053809509 ], [ 36.484047109422441, 50.241898252672911 ], [ 36.482806464525538, 50.242272757483498 ], [ 36.480381632005951, 50.243004724741581 ], [ 36.477937980394969, 50.244192434536501 ], [ 36.476471789428373, 50.245792670404647 ], [ 36.473851102731544, 50.246419891628058 ], [ 36.464742261695648, 50.251574324865139 ], [ 36.45920983444838, 50.253411806514436 ], [ 36.44826227523118, 50.253680547890667 ], [ 36.444743416911358, 50.249949282051737 ], [ 36.443873476937846, 50.249449257729026 ], [ 36.443335873583429, 50.249011732142634 ], [ 36.443159930667434, 50.248942977756705 ], [ 36.43755908117506, 50.250155540556349 ], [ 36.43237853975976, 50.251555574687188 ], [ 36.430514041038251, 50.252210433593795 ], [ 36.430437540066762, 50.252237302661584 ], [ 36.428908554472173, 50.252774320908436 ], [ 36.427393490473357, 50.253205562104654 ], [ 36.422897171509149, 50.254061783056621 ], [ 36.422369342761172, 50.25424927464217 ], [ 36.420433970685259, 50.255274215602043 ], [ 36.418195585809613, 50.256417873693493 ], [ 36.416963985397672, 50.258517633465814 ], [ 36.413347381013416, 50.260067396790902 ], [ 36.406544254928434, 50.261592114728387 ], [ 36.403103593460166, 50.262341958105822 ], [ 36.400914081616719, 50.262191990374689 ], [ 36.400581744997638, 50.262554411583352 ], [ 36.400542646571857, 50.263141778030814 ], [ 36.399662931991912, 50.263716640306157 ], [ 36.398783217411953, 50.263829112548486 ], [ 36.397571166212906, 50.263704143373943 ], [ 36.397004239039155, 50.264116540405574 ], [ 36.397101985103603, 50.264978813569527 ], [ 36.397277928019584, 50.265778589215799 ], [ 36.396378664226745, 50.267040707836216 ], [ 36.395674892562781, 50.267490563813254 ], [ 36.392918453545597, 50.268002894611392 ], [ 36.391022179895472, 50.269677303165807 ], [ 36.39074849091503, 50.270514485365084 ], [ 36.390142465315513, 50.271064268653319 ], [ 36.39004471925108, 50.27165153015406 ], [ 36.389399595225775, 50.272001384626698 ], [ 36.388949963329352, 50.272801042340028 ], [ 36.389301849161328, 50.273900549767617 ], [ 36.388871766477799, 50.275212428817532 ], [ 36.388265740878282, 50.276086994768782 ], [ 36.387737912130305, 50.276699181375662 ], [ 36.387640166065871, 50.277448786907762 ], [ 36.387737912130305, 50.278073449168232 ], [ 36.388774020413365, 50.278635638194594 ], [ 36.389966522399526, 50.279222806311502 ], [ 36.390025170038186, 50.279972372106634 ], [ 36.389360496800002, 50.280621986248484 ], [ 36.388383036155609, 50.280871835480916 ], [ 36.388285290091169, 50.28115916047696 ], [ 36.388637175923144, 50.282295951064121 ], [ 36.387190534169449, 50.283657565591731 ], [ 36.386369467228157, 50.284194705562747 ], [ 36.38543110500953, 50.285955982473915 ], [ 36.382967904185662, 50.288316740775592 ], [ 36.379664087207615, 50.288891299150286 ], [ 36.376145228887786, 50.284269654844195 ], [ 36.376223425739354, 50.283757499068592 ], [ 36.375441457223836, 50.282245982817557 ], [ 36.374229406024789, 50.28190869578129 ], [ 36.373369240657716, 50.28165885199126 ], [ 36.372900059548407, 50.281696328643378 ], [ 36.372645919780872, 50.281821250603954 ], [ 36.372157189458669, 50.282083585654 ], [ 36.371160179601397, 50.282196014518547 ], [ 36.370593252427646, 50.282258474884124 ], [ 36.368423289797093, 50.283620090483822 ], [ 36.363594634213783, 50.284844262080945 ], [ 36.362402132227629, 50.28569366876696 ], [ 36.362666046601611, 50.286680460439285 ], [ 36.362920186369159, 50.286911541608326 ], [ 36.362910411762712, 50.287273774696359 ], [ 36.362907232074164, 50.287322375459077 ], [ 36.360417887119496, 50.287267529321639 ], [ 36.359205835920449, 50.287498607640067 ], [ 36.357876489444081, 50.287867081556435 ], [ 36.356097511071269, 50.288229307371267 ], [ 36.354777939201348, 50.288710189106936 ], [ 36.35306738307365, 50.288947505575265 ], [ 36.34281382091396, 50.288841337827847 ], [ 36.340594985251201, 50.288947505575265 ], [ 36.329461708511545, 50.289472095674043 ], [ 36.323899957444944, 50.290027905064271 ], [ 36.318093841217241, 50.290589952901982 ], [ 36.310655365713423, 50.2911769735558 ], [ 36.304252998492636, 50.291863903422943 ], [ 36.301740924636555, 50.29198255394104 ], [ 36.297518294652768, 50.291826434776809 ], [ 36.297019789724132, 50.291882637734943 ], [ 36.297068662756338, 50.292201119910416 ], [ 36.298329586987606, 50.294661478986292 ], [ 36.301980402494507, 50.294115090435213 ], [ 36.305577457665876, 50.293190898946285 ], [ 36.308451191960394, 50.293453171328331 ], [ 36.309233160475898, 50.296750186516384 ], [ 36.310601605378054, 50.303293585310371 ], [ 36.302687490061068, 50.303666641073669 ], [ 36.302434921694051, 50.303933516354938 ], [ 36.301007829153242, 50.305306997817006 ], [ 36.29903335865157, 50.306318354263468 ], [ 36.296824297595229, 50.309626962727606 ], [ 36.294380645984248, 50.313172536632948 ], [ 36.293383636126968, 50.313983986438735 ], [ 36.292836258166112, 50.315020125288839 ], [ 36.290959533728874, 50.317004954722499 ], [ 36.28875047267254, 50.318278197898152 ], [ 36.287538421473499, 50.318740052189931 ], [ 36.284957925372296, 50.319189419626298 ], [ 36.27938103454089, 50.323036089270104 ], [ 36.279370865905946, 50.323043103102819 ], [ 36.279415723518589, 50.323352107672697 ], [ 36.280539268617851, 50.324725479512495 ], [ 36.282621794432202, 50.327271066966851 ], [ 36.281546587723376, 50.334115989693672 ], [ 36.281986445013352, 50.334727429798647 ], [ 36.282592470612876, 50.335270232277693 ], [ 36.283345115309061, 50.335675770312129 ], [ 36.282221035568, 50.336274712461822 ], [ 36.279933777660119, 50.337828183469725 ], [ 36.277079592578481, 50.33993682990252 ], [ 36.273814874026215, 50.342188860736314 ], [ 36.270432860196614, 50.344596731262726 ], [ 36.269807285384211, 50.344958525092977 ], [ 36.267705744998757, 50.346461811316992 ], [ 36.264177112072495, 50.349075295244873 ], [ 36.261225180926424, 50.35116473143006 ], [ 36.258380770451247, 50.353409993198596 ], [ 36.255526585369616, 50.355193653255803 ], [ 36.252657738378325, 50.355960731204974 ], [ 36.249886637451475, 50.356506409193209 ], [ 36.248019687620683, 50.356961655744115 ], [ 36.237029763666605, 50.361432499632599 ], [ 36.234579603760274, 50.363044702683744 ], [ 36.233719438393209, 50.363630829021325 ], [ 36.233416425593454, 50.363755535818818 ], [ 36.233035215942138, 50.364204477576685 ], [ 36.231656996433536, 50.36893057894661 ], [ 36.230875027918025, 50.369703669467164 ], [ 36.230493818266709, 50.370782234390617 ], [ 36.233274693800006, 50.374893648634604 ], [ 36.230322762653941, 50.38035420292352 ], [ 36.222327134582791, 50.382049589610496 ], [ 36.221134632596645, 50.382348769205748 ], [ 36.219766187694496, 50.382286440279017 ], [ 36.217342085296394, 50.381787805916581 ], [ 36.215993189607133, 50.382510824031847 ], [ 36.212448483817163, 50.385713396840472 ], [ 36.212404829353687, 50.386164492963069 ], [ 36.211415328181545, 50.386790206939565 ], [ 36.210731408253743, 50.386833861403048 ], [ 36.209501807532476, 50.388529109734741 ], [ 36.206955297162992, 50.391657679617246 ], [ 36.204627059110905, 50.393607578985879 ], [ 36.201163805008406, 50.395353757524958 ], [ 36.201134702032753, 50.396154089355363 ], [ 36.200145200860611, 50.399239004774394 ], [ 36.198821015468475, 50.400141197019579 ], [ 36.19685656461202, 50.400665050581303 ], [ 36.194790253340777, 50.40171275770475 ], [ 36.193218692655613, 50.400723256532608 ], [ 36.192403809337378, 50.401232558606502 ], [ 36.19105052096959, 50.402251162754297 ], [ 36.190803145676554, 50.402818670779496 ], [ 36.191618028994789, 50.403517142195128 ], [ 36.184531454423713, 50.406311027857647 ], [ 36.167084220520806, 50.416497069335591 ], [ 36.165469005372167, 50.420251353194608 ], [ 36.164115717004378, 50.423292614150164 ], [ 36.162616913758342, 50.426362978081372 ], [ 36.161118110512305, 50.429942644086474 ], [ 36.160419639096673, 50.430786630380361 ], [ 36.15934282899758, 50.431295932454255 ], [ 36.157814922775884, 50.431368689893382 ], [ 36.15538482430901, 50.431674271137716 ], [ 36.153318513037767, 50.432445499992475 ], [ 36.153085689232562, 50.43327493479854 ], [ 36.152343563353455, 50.433624170506356 ], [ 36.14962243513007, 50.434278987458505 ], [ 36.145402503660634, 50.435326694581953 ], [ 36.135405631524428, 50.437698587097529 ], [ 36.132728157764518, 50.437756793048827 ], [ 36.129730551272445, 50.437705862841419 ], [ 36.12958503639419, 50.437429384572731 ], [ 36.128420917368139, 50.437538520731422 ], [ 36.1283408841851, 50.437785896024458 ], [ 36.12580164955952, 50.437880480695327 ], [ 36.124906733058246, 50.437887756439238 ], [ 36.123873577422629, 50.438149683220104 ], [ 36.121247033870112, 50.438302473842271 ], [ 36.119420822147994, 50.438375231281398 ], [ 36.118402218000206, 50.438055098549235 ], [ 36.117601886169801, 50.43811330450054 ], [ 36.116357733960704, 50.438666261037909 ], [ 36.114604279677721, 50.438986393770072 ], [ 36.112625277333436, 50.439379283941363 ], [ 36.11162122467347, 50.439561177539183 ], [ 36.107263054069698, 50.440747123796989 ], [ 36.103959866333277, 50.44168569476173 ], [ 36.104083553979798, 50.440950844626535 ], [ 36.103756145503723, 50.440798054004368 ], [ 36.103596079137638, 50.441125462480443 ], [ 36.103617906369379, 50.441751176456947 ], [ 36.101173256414675, 50.442424182768875 ], [ 36.099048739192135, 50.442998966537985 ], [ 36.098495782654759, 50.442780694220602 ], [ 36.095789205919196, 50.443602853282748 ], [ 36.09545452169921, 50.444010294941869 ], [ 36.093082629183634, 50.444650560406195 ], [ 36.092376882024091, 50.444927038674884 ], [ 36.092093128011491, 50.444759696564887 ], [ 36.090477912862852, 50.445574579883122 ], [ 36.090557946045891, 50.445865609639633 ], [ 36.088993661104638, 50.44689876527525 ], [ 36.0882042428901, 50.447069745257203 ], [ 36.087265671925351, 50.44761542605066 ], [ 36.086174310338428, 50.448146555356296 ], [ 36.085490390410627, 50.448226588539335 ], [ 36.084093447579363, 50.44810290089282 ], [ 36.083220358309831, 50.448059246429345 ], [ 36.083103946407221, 50.448357551929767 ], [ 36.081707003575964, 50.448313897466292 ], [ 36.079764379951243, 50.448059246429345 ], [ 36.077770826119135, 50.447906455807171 ], [ 36.075529896993984, 50.447637253282394 ], [ 36.075348003396165, 50.447353499269795 ], [ 36.07491873450531, 50.447302569062408 ], [ 36.074824149834448, 50.447528117123703 ], [ 36.073405379771451, 50.44729529331849 ], [ 36.072073918635404, 50.446996987818068 ], [ 36.072019350556062, 50.446698682317638 ], [ 36.071182640006086, 50.446502237231989 ], [ 36.07025862052916, 50.446138450036351 ], [ 36.069174534686148, 50.445781938584624 ], [ 36.068694335587907, 50.445541839035499 ], [ 36.067792143342714, 50.445389048413332 ], [ 36.067748488879239, 50.445680078169843 ], [ 36.067995864172275, 50.445774662840712 ], [ 36.069130880222673, 50.446131174292439 ], [ 36.067457459122728, 50.450962268250557 ], [ 36.067064568951437, 50.451107783128812 ], [ 36.064765433874989, 50.451238746519245 ], [ 36.060727396003372, 50.450889510811436 ], [ 36.057205935949568, 50.450569378079273 ], [ 36.055867199069617, 50.450205590883627 ], [ 36.053742681847076, 50.44973266752929 ], [ 36.051108862550635, 50.449427086284949 ], [ 36.04795118969249, 50.449179710991935 ], [ 36.046568798349057, 50.448743166357168 ], [ 36.046408731982979, 50.448102900892842 ], [ 36.045768466518645, 50.447971937502409 ], [ 36.044444281126516, 50.448553997015431 ], [ 36.043745809710884, 50.448510342551955 ], [ 36.041592189512698, 50.448874129747601 ], [ 36.039147539557987, 50.449077850577154 ], [ 36.037663287799781, 50.448117452380664 ], [ 36.035844351821574, 50.447346223525905 ], [ 36.033006811695579, 50.446996987818089 ], [ 36.027870136493135, 50.446880575915486 ], [ 36.026502296637524, 50.4465458916955 ], [ 36.025207214221048, 50.445687353913783 ], [ 36.023388278242841, 50.444945228034676 ], [ 36.022908079144599, 50.444523234887733 ], [ 36.02223871070462, 50.444566889351215 ], [ 36.021220106556825, 50.444872470595548 ], [ 36.019124692309937, 50.445032536961627 ], [ 36.016883763184794, 50.444828816132073 ], [ 36.01548682035353, 50.44461054381469 ], [ 36.014249943888352, 50.444756058692946 ], [ 36.012736589154493, 50.44461054381469 ], [ 36.011892602860605, 50.444159447692094 ], [ 36.011368749298882, 50.444232205131222 ], [ 36.010335593663264, 50.444523234887733 ], [ 36.007148817829453, 50.444930676546853 ], [ 36.005315330363423, 50.444857919107726 ], [ 36.003525497360869, 50.444625095302513 ], [ 36.00144463460181, 50.444203102155569 ], [ 36.000556993844441, 50.443679248593845 ], [ 35.998956330183624, 50.442980777178221 ], [ 35.997661247767148, 50.442296857250412 ], [ 35.995798657325466, 50.441889415591298 ], [ 35.99469274425072, 50.441903967079128 ], [ 35.9908220484891, 50.441074532273063 ], [ 35.989032215486553, 50.440637987638297 ], [ 35.986660322970977, 50.440543402967414 ], [ 35.982862384648492, 50.440281476186556 ], [ 35.979893881132064, 50.440165064283953 ], [ 35.978482386812978, 50.440390612345247 ], [ 35.977412852457796, 50.440463369784382 ], [ 35.976467005749129, 50.440412439576981 ], [ 35.976285112151309, 50.440114134076559 ], [ 35.976306939383043, 50.439495695843966 ], [ 35.976059564090008, 50.438709915501384 ], [ 35.975579364991766, 50.43838250702531 ], [ 35.974604415307446, 50.437662208377944 ], [ 35.974015080050513, 50.437291145438387 ], [ 35.973709498806173, 50.436338022985808 ], [ 35.972741824865764, 50.435734136241045 ], [ 35.972428967877519, 50.436127026412336 ], [ 35.971919665803618, 50.436301644266244 ], [ 35.97137398501016, 50.436257989802762 ], [ 35.969955214947163, 50.435421279252793 ], [ 35.968725614225896, 50.434882874203247 ], [ 35.968587375091552, 50.434606395934559 ], [ 35.968347275542435, 50.434620947422381 ], [ 35.967954385371137, 50.434722807837161 ], [ 35.967248638211593, 50.434657326141945 ], [ 35.96704491738204, 50.434388123617175 ], [ 35.96682664506465, 50.434671877629775 ], [ 35.965487908184691, 50.434737359324991 ], [ 35.965407875001652, 50.434635498910211 ], [ 35.965116845245142, 50.434664601885864 ], [ 35.965014984830361, 50.43481739250803 ], [ 35.963654420718662, 50.434890149947158 ], [ 35.962526680412175, 50.4350865950328 ], [ 35.961187943532224, 50.43470098060542 ], [ 35.960060203225737, 50.434191678531526 ], [ 35.959507246688361, 50.433784236872405 ], [ 35.959259871395325, 50.43353686157937 ], [ 35.959238044163584, 50.433260383310682 ], [ 35.959005220358378, 50.433202177359377 ], [ 35.95872874208969, 50.433362243725462 ], [ 35.956975287806699, 50.433340416493721 ], [ 35.955352796914148, 50.433471379884153 ], [ 35.954312365534612, 50.433544137323281 ], [ 35.952879043983792, 50.433878821543274 ], [ 35.951904094299472, 50.433951578982402 ], [ 35.950696320809946, 50.433871545799363 ], [ 35.949561304759548, 50.433755133896753 ], [ 35.94783695345221, 50.433515034347629 ], [ 35.945639678790542, 50.433282210542416 ], [ 35.943173201604104, 50.43302028376155 ], [ 35.942220079151525, 50.432845665907642 ], [ 35.940503003588084, 50.433569602426957 ], [ 35.939659017294197, 50.43378787474434 ], [ 35.938691343353796, 50.433802426232162 ], [ 35.937709117925564, 50.433445914780435 ], [ 35.937454466888617, 50.433140333536095 ], [ 35.937454466888617, 50.432259968522651 ], [ 35.937316227754273, 50.431430533716586 ], [ 35.937017922253851, 50.431219537143114 ], [ 35.936188487447787, 50.430833922715735 ], [ 35.935555497727371, 50.430950334618338 ], [ 35.934536893579576, 50.43145236094832 ], [ 35.933321844346139, 50.430950334618338 ], [ 35.932645200162241, 50.431044919289207 ], [ 35.93225230999095, 50.431372327765281 ], [ 35.931750283660968, 50.432281795754385 ], [ 35.930091414048846, 50.433307675646091 ], [ 35.928221547863259, 50.433889735159113 ], [ 35.92782138194805, 50.434711894221266 ], [ 35.927413940288936, 50.434973821002124 ], [ 35.926460817836357, 50.435141163112121 ], [ 35.925522246871608, 50.435497674563848 ], [ 35.924765569504672, 50.4358105315521 ], [ 35.923892480235139, 50.435948770686444 ], [ 35.923092148404734, 50.436137940028182 ], [ 35.922313643806064, 50.436778205492509 ], [ 35.921724308549123, 50.437076510992931 ], [ 35.921040388621321, 50.437185647151622 ], [ 35.92032736571786, 50.437054683761197 ], [ 35.91994175129048, 50.436559933175126 ], [ 35.919505206655714, 50.435977873662097 ], [ 35.919134143716164, 50.435563156259072 ], [ 35.918326536141841, 50.435315780966036 ], [ 35.917555307287081, 50.435097508648646 ], [ 35.916762251200588, 50.435148438856039 ], [ 35.916332982309726, 50.435097508648646 ], [ 35.915903713418871, 50.435308505222118 ], [ 35.914608631002388, 50.435272126502554 ], [ 35.913480890695908, 50.434981096746036 ], [ 35.911945708730308, 50.435272126502561 ], [ 35.91005401531298, 50.436414418296877 ], [ 35.909064514140837, 50.437083786736849 ], [ 35.90803135850522, 50.43730205905424 ], [ 35.907485677711755, 50.437447573932495 ], [ 35.906939996918297, 50.437833188359875 ], [ 35.906132389343973, 50.437993254725953 ], [ 35.904742722256628, 50.438284284482464 ], [ 35.903534948767103, 50.438204251299425 ], [ 35.902276245070183, 50.438051460677258 ], [ 35.901643255349775, 50.438044184933339 ], [ 35.90120707450221, 50.43832175456361 ], [ 35.900453671220035, 50.436061544717113 ], [ 35.89879480160792, 50.436312557882104 ], [ 35.897714353636864, 50.436312557882104 ], [ 35.896361065269083, 50.43607245833298 ], [ 35.894854986279135, 50.435723222625164 ], [ 35.893468957063746, 50.435985149406022 ], [ 35.891089788804244, 50.436503546159827 ], [ 35.890113020183954, 50.436983745258075 ], [ 35.888383212068682, 50.438096934076732 ], [ 35.88645150205982, 50.436339841921772 ], [ 35.885338313241157, 50.435052035249207 ], [ 35.883843147867076, 50.433644178802076 ], [ 35.881202052826723, 50.43142871478063 ], [ 35.878681007560928, 50.429169596295701 ], [ 35.875306411085894, 50.426203532751693 ], [ 35.874501092683012, 50.4254262260526 ], [ 35.87239476482025, 50.422501376999648 ], [ 35.867068920276068, 50.424356691697419 ], [ 35.865453705127429, 50.425109731192393 ], [ 35.863467427039232, 50.425720893681067 ], [ 35.861513889798637, 50.426190179163449 ], [ 35.86159028510972, 50.42681225526799 ], [ 35.861088258779738, 50.427292454366238 ], [ 35.859876847418256, 50.427925444086647 ], [ 35.85966948871674, 50.428896755899011 ], [ 35.859091067075674, 50.428962237594227 ], [ 35.857803260403102, 50.428340161489679 ], [ 35.855282215137315, 50.429311473302043 ], [ 35.851244177265684, 50.428307420642071 ], [ 35.846594976905401, 50.427292454366238 ], [ 35.842524198186176, 50.426332056169755 ], [ 35.838267887997176, 50.425251608198707 ], [ 35.835135680242715, 50.424640445710025 ], [ 35.833640514868627, 50.428842187819676 ], [ 35.831850681866072, 50.433633265186266 ], [ 35.825782711442777, 50.430904861218963 ], [ 35.819310937232324, 50.427969098550136 ], [ 35.812642717936228, 50.424891458875024 ], [ 35.806563833897066, 50.422163054907706 ], [ 35.802263869244591, 50.42017677681951 ], [ 35.800015664375529, 50.419194551391286 ], [ 35.799644601435979, 50.419107242464328 ], [ 35.797189037865401, 50.417994053645671 ], [ 35.796054021815003, 50.417295582230039 ], [ 35.795366464015245, 50.417208273303082 ], [ 35.794275102428323, 50.416629851662016 ], [ 35.79437332497114, 50.416258788722459 ], [ 35.795486513789811, 50.41532021775771 ], [ 35.795661131643719, 50.414719968884903 ], [ 35.794275102428308, 50.413508557523429 ], [ 35.794515201977433, 50.412635468253889 ], [ 35.79556290910088, 50.411915169606516 ], [ 35.796730665998886, 50.410812894403726 ], [ 35.798040299903192, 50.411031166721109 ], [ 35.798891561940991, 50.410998425873501 ], [ 35.800692308559412, 50.411042080336983 ], [ 35.801434434438519, 50.411183957343283 ], [ 35.803311576368031, 50.411140302879801 ], [ 35.804774000894504, 50.410747412708517 ], [ 35.806018153103594, 50.409743360048552 ], [ 35.806585661128793, 50.408270021906205 ], [ 35.80512323660232, 50.407757081960355 ], [ 35.802327797645567, 50.405167877908902 ], [ 35.776692267010013, 50.391332361374879 ], [ 35.765747753930846, 50.378175345651684 ], [ 35.756576744812065, 50.368345286652605 ], [ 35.748473385029165, 50.362018117852415 ], [ 35.744438075561511, 50.358866811270175 ], [ 35.743619554371321, 50.357917326689552 ], [ 35.743373998014285, 50.357598103425381 ], [ 35.740509173848615, 50.355347170152349 ], [ 35.738831205408722, 50.35404572145994 ], [ 35.737652534894849, 50.354283092605101 ], [ 35.729843842740408, 50.354258536969382 ], [ 35.729180840576355, 50.35420124048607 ], [ 35.72423697258759, 50.354127573578957 ], [ 35.717132208656722, 50.354225796121774 ], [ 35.708668699550131, 50.354324018664599 ], [ 35.704109536520768, 50.354405870783616 ], [ 35.700442561588702, 50.354389500359808 ], [ 35.69621899224731, 50.354651427140674 ], [ 35.691471569344195, 50.354725094047787 ], [ 35.687992854285874, 50.354798760954907 ], [ 35.68269702218533, 50.354864242650123 ], [ 35.67808056267264, 50.354954279981037 ], [ 35.672719248876881, 50.354987020828645 ], [ 35.671491467091592, 50.354733279259683 ], [ 35.665147927867601, 50.35280975446274 ], [ 35.659884836614665, 50.351426453651314 ], [ 35.658509721015143, 50.351131786022847 ], [ 35.656815382151443, 50.351270934625184 ], [ 35.648728392792343, 50.352204048781999 ], [ 35.646772127147784, 50.352310456536728 ], [ 35.641140701359262, 50.352965273488884 ], [ 35.637301836977258, 50.353358163660175 ], [ 35.630565407581976, 50.354127573578957 ], [ 35.630303480801111, 50.353661016500546 ], [ 35.628085288375694, 50.354004795400428 ], [ 35.62647280163101, 50.35190938115354 ], [ 35.623149605598833, 50.35383290595049 ], [ 35.618091144643444, 50.356967842108929 ], [ 35.615103542299238, 50.358809514786863 ], [ 35.611592086393316, 50.360937669881366 ], [ 35.607745036799408, 50.363270455273415 ], [ 35.603717912543665, 50.365791500539203 ], [ 35.601565201813457, 50.367174801350629 ], [ 35.601385127151616, 50.3674940246148 ], [ 35.601941721560941, 50.367600432369528 ], [ 35.60806016745763, 50.371938594677545 ], [ 35.608085349441843, 50.372056950003348 ], [ 35.608142019576654, 50.372323299636939 ], [ 35.608940077737088, 50.372855338410567 ], [ 35.611264677917234, 50.374525121638563 ], [ 35.609758598927279, 50.374852530114637 ], [ 35.609472116510709, 50.374893456174149 ], [ 35.609267486213163, 50.375179938590712 ], [ 35.609054670703713, 50.375646495669123 ], [ 35.608641317502659, 50.375998459780902 ], [ 35.607757314617253, 50.376542776372382 ], [ 35.606521347620067, 50.377263075019755 ], [ 35.605436807043056, 50.377709169068403 ], [ 35.605129861596737, 50.377574113072022 ], [ 35.603067188197457, 50.378351708202707 ], [ 35.602641557178551, 50.378130707481354 ], [ 35.602158629676339, 50.37840900468602 ], [ 35.602224111371555, 50.378687301890686 ], [ 35.602420556457204, 50.378826450493023 ], [ 35.602093147981122, 50.379333933630939 ], [ 35.60159385005511, 50.379464897021371 ], [ 35.601340108486148, 50.379718638590326 ], [ 35.601618405690814, 50.379923268887879 ], [ 35.599293805510669, 50.381372051394514 ], [ 35.598540766015695, 50.382026868346671 ], [ 35.597493058892226, 50.383074575470111 ], [ 35.59641261092117, 50.384940803783749 ], [ 35.596134313716504, 50.385857547516764 ], [ 35.595119347440672, 50.389549078084535 ], [ 35.594341752309994, 50.390441266181838 ], [ 35.593965232562503, 50.391194305676812 ], [ 35.593621453662621, 50.392512124793022 ], [ 35.59330223039845, 50.392774051573888 ], [ 35.592983007134272, 50.392872274116712 ], [ 35.590813925980264, 50.392643088183462 ], [ 35.589496106864054, 50.392561236064445 ], [ 35.587629878550416, 50.39246301352162 ], [ 35.58720424753151, 50.392274753647875 ], [ 35.586664023545978, 50.392389346614507 ], [ 35.586352985493704, 50.392536680428741 ], [ 35.586025577017629, 50.39282316284531 ], [ 35.585460797396401, 50.392790421997702 ], [ 35.58447857196817, 50.392708569878678 ], [ 35.584028385313559, 50.392782236785798 ], [ 35.583332642301897, 50.394263760140049 ], [ 35.583188633729954, 50.395650897769563 ], [ 35.582981445553685, 50.396562525745139 ], [ 35.582953820463516, 50.397957592798676 ], [ 35.582891664010639, 50.398793251776297 ], [ 35.5828364138303, 50.40133476007184 ], [ 35.582953820463523, 50.403530954740269 ], [ 35.583022883188946, 50.404207769449407 ], [ 35.582760444832338, 50.404698114799906 ], [ 35.582732819742169, 50.405140116242606 ], [ 35.582649944471662, 50.405816930951751 ], [ 35.582705194652, 50.40785428135171 ], [ 35.582794976195046, 50.407909531532049 ], [ 35.582779325615697, 50.408269494857116 ], [ 35.582746632287254, 50.409021441411348 ], [ 35.582891664010639, 50.409290786040501 ], [ 35.582753538559793, 50.410133351290654 ], [ 35.582608506836408, 50.4105339150981 ], [ 35.582560162928608, 50.411694168885198 ], [ 35.582622319381485, 50.412350264776713 ], [ 35.582732819742162, 50.413393111930596 ], [ 35.582601600563862, 50.414580990807856 ], [ 35.582622319381471, 50.416542372209847 ], [ 35.582912382828248, 50.416790998021369 ], [ 35.582788069922486, 50.417516156638307 ], [ 35.582632678790283, 50.418365628161006 ], [ 35.582674116425537, 50.41934977199827 ], [ 35.582819148148928, 50.419805585986062 ], [ 35.582850226375363, 50.420810448640957 ], [ 35.58271555406079, 50.421763514251786 ], [ 35.582705194651972, 50.422157171786694 ], [ 35.582860585784175, 50.422664782818551 ], [ 35.582953820463494, 50.424674508128348 ], [ 35.582995258098748, 50.426114465953404 ], [ 35.582933101645864, 50.427430110872713 ], [ 35.58267411642553, 50.427865206042874 ], [ 35.582798429331298, 50.429243007415039 ], [ 35.583109211595698, 50.429377679729619 ], [ 35.583171368048575, 50.429978525440795 ], [ 35.583539127061449, 50.430123557164173 ], [ 35.587423905366471, 50.431309709473318 ], [ 35.587408366253243, 50.432635713801432 ], [ 35.587988493146796, 50.434189625123437 ], [ 35.587708789108838, 50.435474191816304 ], [ 35.587398006844438, 50.436479054471199 ], [ 35.587770945561715, 50.437245650723391 ], [ 35.58762591383833, 50.43850949859862 ], [ 35.587470522706134, 50.440622817996541 ], [ 35.58637242537192, 50.443513093055486 ], [ 35.586268831283782, 50.44388603177277 ], [ 35.586268831283782, 50.444466158666316 ], [ 35.586444941233609, 50.4445283151192 ], [ 35.586299909510224, 50.445978632353075 ], [ 35.586330987736659, 50.44742894958695 ], [ 35.586330987736659, 50.448361296380149 ], [ 35.585087858679039, 50.449449034305587 ], [ 35.58437305947092, 50.450205271148967 ], [ 35.582529084702138, 50.451313727891993 ], [ 35.579431621466931, 50.453002311528572 ], [ 35.579129899801245, 50.453253746249977 ], [ 35.578747900485247, 50.453572079013313 ], [ 35.578064179503563, 50.4548048486621 ], [ 35.578136695365252, 50.455146709152942 ], [ 35.578613228170667, 50.455706117228864 ], [ 35.577763756647975, 50.456369119392924 ], [ 35.577245786207307, 50.45675241751902 ], [ 35.576779612810704, 50.456969965104101 ], [ 35.575163545035814, 50.457684764312226 ], [ 35.574007855849693, 50.458563088093676 ], [ 35.571513401843383, 50.45768394276832 ], [ 35.571524802690398, 50.457239309734881 ], [ 35.571734580718868, 50.456866371017597 ], [ 35.571524802690398, 50.456353580281338 ], [ 35.571140209638195, 50.45569511035864 ], [ 35.570574974394816, 50.455473677995251 ], [ 35.569619318931778, 50.455730073363384 ], [ 35.568832651325017, 50.455689283191184 ], [ 35.568337342091127, 50.455502813832538 ], [ 35.568145045565025, 50.455339653143731 ], [ 35.568092601057906, 50.455182319622374 ], [ 35.568168354234857, 50.455024986101023 ], [ 35.568418922435526, 50.454990023096279 ], [ 35.56900163918128, 50.455141529450174 ], [ 35.56947363974534, 50.455001677431191 ], [ 35.569520257085003, 50.454885134082041 ], [ 35.569368750731115, 50.454646220216297 ], [ 35.568634527631467, 50.454413133517996 ], [ 35.568354823593502, 50.454220836991894 ], [ 35.568191662904688, 50.454046021968168 ], [ 35.567608946158941, 50.453766317930196 ], [ 35.56716608143217, 50.453364243375624 ], [ 35.566595019021328, 50.453014613328172 ], [ 35.566064746782693, 50.452554267099025 ], [ 35.565283906343382, 50.452128883874614 ], [ 35.564794424276954, 50.452088093702415 ], [ 35.564031065340018, 50.452035649195295 ], [ 35.563844595981379, 50.451755945157338 ], [ 35.563966966497986, 50.451581130133611 ], [ 35.564159263024081, 50.451464586784461 ], [ 35.564176744526456, 50.451283944593278 ], [ 35.564031065340018, 50.451120783904464 ], [ 35.563541583273583, 50.451173228411584 ], [ 35.56328518790545, 50.451324734765478 ], [ 35.562778224336647, 50.45197737752072 ], [ 35.562463557293938, 50.452088093702415 ], [ 35.561566173505483, 50.452280390228509 ], [ 35.560796987401091, 50.452484341089523 ], [ 35.5603424683394, 50.452600884438674 ], [ 35.559952048119747, 50.452909724313926 ], [ 35.559823850435677, 50.453282663031203 ], [ 35.559882122110253, 50.453451650887473 ], [ 35.559876294942796, 50.453632293078655 ], [ 35.559788887430933, 50.453766317930182 ], [ 35.559101281670948, 50.454139256647458 ], [ 35.55839619440858, 50.454430615020335 ], [ 35.558122317538079, 50.454337380341016 ], [ 35.557854267835033, 50.454354861843392 ], [ 35.557527946457405, 50.454488886694911 ], [ 35.557195797912328, 50.454436442187799 ], [ 35.557020982888602, 50.454337380341016 ], [ 35.557090908898097, 50.454185873987122 ], [ 35.55721910658216, 50.453882861279332 ], [ 35.557213279414704, 50.453754663595262 ], [ 35.557125871902841, 50.453690564753231 ], [ 35.55688113086962, 50.453748836427806 ], [ 35.556496537817424, 50.453842071107125 ], [ 35.556190611525899, 50.453926565035246 ], [ 35.556126512683868, 50.454124688728804 ], [ 35.556260537535394, 50.454346121092186 ], [ 35.556289673372682, 50.454544244785744 ], [ 35.55609737684658, 50.454689923972182 ], [ 35.555875944483191, 50.454794812986421 ], [ 35.555648684952352, 50.454800640153877 ], [ 35.555415598254051, 50.454707405474558 ], [ 35.555514660100826, 50.454357775427106 ], [ 35.555495777470952, 50.454141165373294 ], [ 35.555345672244556, 50.453938219370158 ], [ 35.555100931211342, 50.453879947695583 ], [ 35.554559004637788, 50.454188787570835 ], [ 35.554215201757792, 50.454567553455576 ], [ 35.553894707547627, 50.455091998526754 ], [ 35.554017078064241, 50.455237677713193 ], [ 35.554471597125925, 50.455325085225056 ], [ 35.554594474117046, 50.45539790121979 ], [ 35.554786264168634, 50.455511554583694 ], [ 35.555042659536767, 50.455756295616915 ], [ 35.554966906359816, 50.455901974803353 ], [ 35.554564831805244, 50.456030172487417 ], [ 35.554056024922495, 50.456148689954098 ], [ 35.553754855528645, 50.456315703692837 ], [ 35.55377930278528, 50.456534538545306 ], [ 35.554215201757792, 50.456793531424353 ], [ 35.554314263604567, 50.45703244529011 ], [ 35.554226856092704, 50.457166470141637 ], [ 35.55369658385407, 50.457457828514514 ], [ 35.553294509299498, 50.457807458561966 ], [ 35.552822508735439, 50.458361039470432 ], [ 35.552393963478679, 50.458466191810132 ], [ 35.551732828420882, 50.458413483977552 ], [ 35.551179247512415, 50.45776084122231 ], [ 35.550753864288012, 50.457661779375528 ], [ 35.550497468919879, 50.457725878217559 ], [ 35.550287690891409, 50.457906520408748 ], [ 35.550619839436493, 50.458495064321959 ], [ 35.549622301207322, 50.459309046776205 ], [ 35.548022743740226, 50.459086157620952 ], [ 35.546980409161257, 50.458915712972818 ], [ 35.546541186414139, 50.457630822548431 ], [ 35.545846296694826, 50.457480044590461 ], [ 35.543807516480619, 50.457670155928767 ], [ 35.542666848450807, 50.458083156422319 ], [ 35.541735958449465, 50.458640379310445 ], [ 35.540844401828458, 50.458889490719258 ], [ 35.539002288515945, 50.459407380227056 ], [ 35.537900953866469, 50.459813825157219 ], [ 35.537527286753253, 50.460233381214159 ], [ 35.537592842387149, 50.460436603679241 ], [ 35.537809175979007, 50.460902048679912 ], [ 35.537481397809522, 50.461301938046688 ], [ 35.536825841470552, 50.461734605230411 ], [ 35.536294840835978, 50.462298383681926 ], [ 35.535219728440062, 50.463484940655469 ], [ 35.534144616044145, 50.46427160826223 ], [ 35.533639322125289, 50.464620086826955 ], [ 35.532512280760123, 50.465484387489354 ], [ 35.531109390194722, 50.466166166081884 ], [ 35.529988388855074, 50.4665398331951 ], [ 35.528375720261202, 50.466926611435099 ], [ 35.527012163076137, 50.467175722843919 ], [ 35.525491272369713, 50.467772279112381 ], [ 35.524363715466677, 50.468132835098821 ], [ 35.523000158281612, 50.468880169325246 ], [ 35.521918490322292, 50.46938494770626 ], [ 35.521249822856539, 50.469673392495409 ], [ 35.520725377785361, 50.469811059326595 ], [ 35.520220599404354, 50.469915948340827 ], [ 35.519899376798257, 50.470047059608625 ], [ 35.519551931938601, 50.470361726651333 ], [ 35.518496486232848, 50.470873060595729 ], [ 35.516877262075589, 50.471567950315041 ], [ 35.516025038834918, 50.472007173062153 ], [ 35.515317037988829, 50.472361173485197 ], [ 35.514759815100703, 50.472570951513674 ], [ 35.514314036790196, 50.472702062781465 ], [ 35.512780034956997, 50.473678841726539 ], [ 35.511337811011252, 50.474472064896695 ], [ 35.510243031925164, 50.474924398770582 ], [ 35.509272808543486, 50.47540295489803 ], [ 35.508125584950285, 50.475999511166499 ], [ 35.506998028047242, 50.476779623209865 ], [ 35.506014693538781, 50.477546624126468 ], [ 35.505693470932684, 50.47795962462002 ], [ 35.50489369219914, 50.478936403565093 ], [ 35.504238135860163, 50.47959195990407 ], [ 35.503189245717806, 50.480208182862704 ], [ 35.50239602254765, 50.480634294483039 ], [ 35.501629021631047, 50.480975183779307 ], [ 35.500199908812085, 50.481375073146083 ], [ 35.498547906837871, 50.481892962653873 ], [ 35.496738571342291, 50.482410852161664 ], [ 35.495073458241301, 50.483033630683686 ], [ 35.493723012183011, 50.483603964698595 ], [ 35.492044787955251, 50.484311965544677 ], [ 35.490910675488827, 50.484665965967721 ], [ 35.489855229783075, 50.484856077306027 ], [ 35.488531005978352, 50.485210077729072 ], [ 35.485672780340423, 50.485793522870757 ], [ 35.483529111111984, 50.486245856744645 ], [ 35.482204887307255, 50.486521190407025 ], [ 35.480985552516763, 50.486737523998883 ], [ 35.479595773078138, 50.486875190830069 ], [ 35.478022437864603, 50.48741930259142 ], [ 35.476455658214455, 50.487910969845643 ], [ 35.475911546453112, 50.48814697012768 ], [ 35.475747657368366, 50.488291192522254 ], [ 35.475662435044299, 50.488743526396142 ], [ 35.475406768072098, 50.489077860129022 ], [ 35.4748298784938, 50.489523638439522 ], [ 35.474600433775159, 50.489903861116126 ], [ 35.474377544619905, 50.490552861891707 ], [ 35.473780988351443, 50.491293640554751 ], [ 35.472791098279593, 50.49223764168287 ], [ 35.472476431236885, 50.492637531049645 ], [ 35.472574764687728, 50.492886642458451 ], [ 35.471820874897908, 50.494001088234704 ], [ 35.470857207079618, 50.4951548673913 ], [ 35.469762427993537, 50.496544646829925 ], [ 35.469041316020672, 50.49751487021161 ], [ 35.468556204329829, 50.498288426691595 ], [ 35.468071092638986, 50.499920761975638 ], [ 35.466864868975279, 50.500346873595966 ], [ 35.465481645100049, 50.501756319724763 ], [ 35.463075753336014, 50.504535878602013 ], [ 35.462885641997715, 50.504739101067109 ], [ 35.462561141609925, 50.504758767757281 ], [ 35.461912140834336, 50.504660434306437 ], [ 35.461597473791628, 50.505132434870497 ], [ 35.460564972557748, 50.505024268074564 ], [ 35.459099804140138, 50.504453934059661 ], [ 35.458765470407265, 50.504621100926094 ], [ 35.458352469913713, 50.505181601595922 ], [ 35.457978802800497, 50.505535602018966 ], [ 35.457624802377445, 50.505987935892861 ], [ 35.45718230184864, 50.50652876987251 ], [ 35.457349468715073, 50.507040103816905 ], [ 35.458549136815392, 50.507748104663001 ], [ 35.45917847090081, 50.508180771846725 ], [ 35.459434137873011, 50.508869106002642 ], [ 35.459424304527921, 50.509488606742977 ], [ 35.459198137590981, 50.509852440511104 ], [ 35.45853930347031, 50.509960607307036 ], [ 35.458165636357094, 50.510206440934148 ], [ 35.45757563565202, 50.510806274984311 ], [ 35.457487135546259, 50.511248775513103 ], [ 35.457762469208625, 50.513353111361205 ], [ 35.451213461382274, 50.518446784115035 ], [ 35.447378456799278, 50.52156395450686 ], [ 35.44529378764134, 50.523314289931925 ], [ 35.444841453767445, 50.524690958243767 ], [ 35.44519545419049, 50.524877791800378 ], [ 35.444615286830498, 50.529007796735904 ], [ 35.44445795330914, 50.52921429698268 ], [ 35.443327118624417, 50.529401130539277 ], [ 35.441670302062114, 50.529457773840555 ], [ 35.441026115874614, 50.529479797299956 ], [ 35.439688780943108, 50.529499463990128 ], [ 35.438646446364139, 50.529627297476232 ], [ 35.436610943931626, 50.529971464554187 ], [ 35.435814442979776, 50.53143663297179 ], [ 35.435076942098434, 50.532459300860594 ], [ 35.435263775655038, 50.533177135051766 ], [ 35.435519442627239, 50.534435803222593 ], [ 35.435558776007575, 50.535173304103935 ], [ 35.435381775796053, 50.535664971358166 ], [ 35.435430942521478, 50.53642213892968 ], [ 35.436994444389931, 50.538113474284245 ], [ 35.437171444601461, 50.539244308968968 ], [ 35.437397611538401, 50.539529475976423 ], [ 35.438744779814996, 50.54032597692828 ], [ 35.439305280484817, 50.541210977985891 ], [ 35.439226613724138, 50.541938645522137 ], [ 35.438990613442108, 50.542548312917383 ], [ 35.438479279497706, 50.543118646932292 ], [ 35.43843994611737, 50.543610314186523 ], [ 35.438479279497706, 50.543954481264493 ], [ 35.438951280061765, 50.544278981652283 ], [ 35.43697477769976, 50.54747481880478 ], [ 35.435942276465873, 50.548733486975607 ], [ 35.434378774597427, 50.550631322576933 ], [ 35.432461272305929, 50.553138825573498 ], [ 35.430917437127647, 50.555341494872451 ], [ 35.43068143684561, 50.556295329345659 ], [ 35.430612603430021, 50.557091830297509 ], [ 35.430878103747304, 50.557819497833769 ], [ 35.430897770437468, 50.558183331601903 ], [ 35.42841976747615, 50.560877668155086 ], [ 35.42745609965786, 50.562264169812018 ], [ 35.42599093124025, 50.562972170658114 ], [ 35.424112762329095, 50.564388172350299 ], [ 35.42269676063691, 50.565253506717745 ], [ 35.421615092677605, 50.566010674289259 ], [ 35.420454757957621, 50.566649841719759 ], [ 35.418055421756982, 50.567643009573302 ], [ 35.416098586085141, 50.568193676898041 ], [ 35.414702251083128, 50.568882011053965 ], [ 35.413738583264838, 50.569137678026166 ], [ 35.413040415763831, 50.56926551151227 ], [ 35.411939081114355, 50.569186844751592 ], [ 35.410926246570639, 50.568990177849898 ], [ 35.409795411885909, 50.569767012111583 ], [ 35.409195577835746, 50.570121012534628 ], [ 35.407573075896785, 50.571065013662754 ], [ 35.406963408501539, 50.571920514685111 ], [ 35.405803073781556, 50.572825182432894 ], [ 35.405296656509705, 50.573700350145423 ], [ 35.404431322142258, 50.574811518139981 ], [ 35.401505901979583, 50.574752518069474 ], [ 35.400311150551808, 50.575367102137257 ], [ 35.398885315514541, 50.575952186169793 ], [ 35.398054397854892, 50.57637010333589 ], [ 35.396736729613558, 50.576965020713509 ], [ 35.394725810543754, 50.577913938514172 ], [ 35.392646058058354, 50.578877606332462 ], [ 35.391195639658378, 50.579600357196185 ], [ 35.390423722069237, 50.580101857795498 ], [ 35.390241805185177, 50.580342774750093 ], [ 35.392316640998025, 50.581394942674144 ], [ 35.393417975647502, 50.582270110386673 ], [ 35.394224309944441, 50.583518945212418 ], [ 35.397469313822363, 50.587884950429981 ], [ 35.398196981358623, 50.588091450676757 ], [ 35.398924648894884, 50.589241952051658 ], [ 35.399691649811487, 50.58955661909436 ], [ 35.400055483579621, 50.589871286137061 ], [ 35.400094816959957, 50.590431786806889 ], [ 35.401363318475873, 50.591041454202134 ], [ 35.40738132566765, 50.593686624029893 ], [ 35.414215500501456, 50.596715294315956 ], [ 35.415808502405163, 50.597256128295605 ], [ 35.418316005401735, 50.598386962980335 ], [ 35.420705508257292, 50.599507964319976 ], [ 35.42132500899762, 50.599852131397945 ], [ 35.424412679354184, 50.602566134641293 ], [ 35.425651680834861, 50.60366746929077 ], [ 35.423852178684378, 50.604650803799224 ], [ 35.423183511218625, 50.605457138096178 ], [ 35.422770510725073, 50.606371639189042 ], [ 35.421570842624753, 50.607217306866318 ], [ 35.420892341813911, 50.607905641022242 ], [ 35.420312174453919, 50.608269474790369 ], [ 35.419712340403763, 50.608633308558503 ], [ 35.419407506706136, 50.609016809016801 ], [ 35.419230506494614, 50.61018697708186 ], [ 35.419525506847151, 50.611563645393709 ], [ 35.420233507693247, 50.612645313353013 ], [ 35.420213841003076, 50.613825314763169 ], [ 35.420272841073583, 50.614493982228922 ], [ 35.420843175088493, 50.615732983709584 ], [ 35.419033839592927, 50.615919817266203 ], [ 35.41760800455566, 50.615929650611285 ], [ 35.415484002017379, 50.615546150152987 ], [ 35.414156500430963, 50.614965982792995 ], [ 35.413438666239784, 50.613618814516407 ], [ 35.413251832683173, 50.613402480924542 ], [ 35.413074832471651, 50.613363147544206 ], [ 35.412740498738778, 50.613461480995049 ], [ 35.412189831414047, 50.614405482123161 ], [ 35.411452330532697, 50.615801817125174 ], [ 35.410203495706952, 50.618024153114305 ], [ 35.408826827395103, 50.620039988856647 ], [ 35.407902492957156, 50.619764655194281 ], [ 35.406869991723269, 50.619735155159027 ], [ 35.40606365742633, 50.61957782163767 ], [ 35.405768657073793, 50.619784321884453 ], [ 35.405257323129398, 50.620197322378004 ], [ 35.404785322565331, 50.620256322448512 ], [ 35.404647655734152, 50.620413655969863 ], [ 35.404647655734152, 50.620629989561728 ], [ 35.405385156615495, 50.621387157133242 ], [ 35.406270157673113, 50.622576991888479 ], [ 35.406574991370732, 50.62329482607965 ], [ 35.406525824645307, 50.624032326961 ], [ 35.406348824433785, 50.624818994567768 ], [ 35.405394989960577, 50.62652999661249 ], [ 35.404903322706353, 50.626502954913512 ], [ 35.404512447239235, 50.62637020475487 ], [ 35.404018321648735, 50.626407079798938 ], [ 35.403605321155183, 50.626473454878258 ], [ 35.403435695952474, 50.626650455089781 ], [ 35.403538946075862, 50.626797955266049 ], [ 35.404564072300929, 50.62760183122672 ], [ 35.404121571772116, 50.628737582583987 ], [ 35.403738071313818, 50.629386583359569 ], [ 35.403566639195283, 50.629657914770199 ], [ 35.401973545064202, 50.632170718541936 ], [ 35.399702683083738, 50.635752572519223 ], [ 35.393685934301097, 50.645242852308506 ], [ 35.393582684177709, 50.646717854071198 ], [ 35.39423168495329, 50.650449608530806 ], [ 35.396208187315295, 50.651408359676552 ], [ 35.397078438355287, 50.652499860980946 ], [ 35.399069690734919, 50.654373113219563 ], [ 35.400662692638626, 50.655066364048025 ], [ 35.400942942973536, 50.65592186507039 ], [ 35.401509681340407, 50.656354536296703 ], [ 35.419071702427047, 50.660536956360389 ], [ 35.436830713855905, 50.67489919958804 ], [ 35.444289581925645, 50.689108128381143 ], [ 35.436063902805593, 50.691921581823841 ], [ 35.43029612637806, 50.69563555062139 ], [ 35.425589483892686, 50.702789647199147 ], [ 35.432298588817297, 50.719048957603157 ], [ 35.44843567262167, 50.729254287575642 ], [ 35.448418016276719, 50.729443979531496 ], [ 35.45741344810066, 50.750098671211823 ], [ 35.457468739202717, 50.752582391301793 ], [ 35.449228162191972, 50.761805186168523 ], [ 35.440991990789101, 50.767429489587578 ], [ 35.435614931113847, 50.769361539332586 ], [ 35.430071308681782, 50.777105616966779 ], [ 35.426932175246307, 50.78537615857983 ], [ 35.396261489223249, 50.79098455969293 ], [ 35.391976428813663, 50.792225351233085 ], [ 35.381255278731658, 50.799899382110311 ], [ 35.381255278731658, 50.799899382110318 ], [ 35.380985734901515, 50.80138980093583 ], [ 35.381326628569056, 50.802515542814682 ], [ 35.38045457500094, 50.803324174305118 ], [ 35.379734951767411, 50.805256537295101 ], [ 35.378702540104989, 50.805972046048339 ], [ 35.379039089934821, 50.80759443960293 ], [ 35.379039089934828, 50.80759443960293 ], [ 35.379039089934814, 50.807594439602937 ], [ 35.395210958284117, 50.819007930454156 ], [ 35.396537944733531, 50.827320858870614 ], [ 35.398227580514948, 50.83265886099808 ], [ 35.410498948003465, 50.840293753352107 ], [ 35.419573530525888, 50.842176952193846 ], [ 35.419266152370597, 50.84307008872053 ], [ 35.418867901894671, 50.843888714698828 ], [ 35.41791652575774, 50.845798841981505 ], [ 35.417407650149613, 50.8463962176954 ], [ 35.416898774541487, 50.847421343920466 ], [ 35.412990019870364, 50.853830226579348 ], [ 35.412798269641215, 50.854434977302049 ], [ 35.412606519412066, 50.855032353015943 ], [ 35.412161099609222, 50.855146819298668 ], [ 35.411737958478547, 50.854972584715448 ], [ 35.410978793508818, 50.855806421649419 ], [ 35.410869896894305, 50.856108220838195 ], [ 35.410670771656342, 50.856270010094043 ], [ 35.410508982400501, 50.856388240704085 ], [ 35.410260075853046, 50.856637147251533 ], [ 35.409332898963775, 50.857078956373265 ], [ 35.408492839366119, 50.858143031863655 ], [ 35.407907908979602, 50.859238220672452 ], [ 35.406937173444526, 50.860968121177258 ], [ 35.406053555201062, 50.862797584301056 ], [ 35.404286318714135, 50.864303468913157 ], [ 35.403527153744399, 50.864813727335438 ], [ 35.402319956989245, 50.865037743228143 ], [ 35.400863853686637, 50.864627047424847 ], [ 35.399121507854453, 50.863917663764603 ], [ 35.397976537736156, 50.863855437127739 ], [ 35.397354271367526, 50.864004781056209 ], [ 35.394840315238234, 50.864490148823748 ], [ 35.39333443062614, 50.864900844627051 ], [ 35.392525484346912, 50.865137305847135 ], [ 35.390820474496849, 50.866008478763227 ], [ 35.388393635659163, 50.866867206351948 ], [ 35.385170295869621, 50.867688597958548 ], [ 35.382905246287784, 50.869679850338187 ], [ 35.382108745335934, 50.870239890069961 ], [ 35.38304214488889, 50.871036391021804 ], [ 35.385941906166735, 50.873923706972278 ], [ 35.387099321612396, 50.875106013072688 ], [ 35.389924410926007, 50.876201201881486 ], [ 35.39413093157799, 50.877868875749435 ], [ 35.39874814803327, 50.878914283248747 ], [ 35.401610573329002, 50.879524104290013 ], [ 35.401125205561485, 50.879847682801696 ], [ 35.39940775038405, 50.880681519735674 ], [ 35.396489321115148, 50.882050505746676 ], [ 35.394174490223818, 50.88308346791861 ], [ 35.392009003260974, 50.883942195507331 ], [ 35.390322661401967, 50.884558239212282 ], [ 35.389053238009943, 50.885099610952999 ], [ 35.387870931909532, 50.885921002559598 ], [ 35.387211329558774, 50.886512155609807 ], [ 35.386265484678454, 50.887426887171685 ], [ 35.383813755186026, 50.89032664844953 ], [ 35.381399361675719, 50.893052175144156 ], [ 35.379756578462519, 50.895342115380743 ], [ 35.379681906498277, 50.895628357910311 ], [ 35.379818805099383, 50.895777701838789 ], [ 35.382270534591804, 50.896536866808525 ], [ 35.386078804767862, 50.897681836926822 ], [ 35.388866558099352, 50.898192095349089 ], [ 35.393919361012678, 50.899660643979068 ], [ 35.394554072708686, 50.899996667818137 ], [ 35.395860832082825, 50.900506926240418 ], [ 35.397640513897123, 50.900942512698464 ], [ 35.402543972881979, 50.902361280018951 ], [ 35.402656423807279, 50.902398250186174 ], [ 35.402525304890901, 50.90264129988482 ], [ 35.401423893418411, 50.903338238217692 ], [ 35.400652283121303, 50.903381796863492 ], [ 35.399644211604112, 50.903083109006552 ], [ 35.399264629119244, 50.902915097087018 ], [ 35.398978386589668, 50.90296487839651 ], [ 35.398698366723785, 50.903823605985224 ], [ 35.398928605280183, 50.904551657636532 ], [ 35.398866378643319, 50.904775673529237 ], [ 35.397460056650196, 50.905522393171609 ], [ 35.39706802883795, 50.905684182427457 ], [ 35.396831567617873, 50.905677959763771 ], [ 35.396582661070418, 50.905578397144787 ], [ 35.396059957320759, 50.905472611862116 ], [ 35.395904390728603, 50.905516170507923 ], [ 35.396308863868214, 50.906480683379307 ], [ 35.396364867841399, 50.906872711191554 ], [ 35.396147074612372, 50.907314520313285 ], [ 35.396153297276065, 50.907494977560184 ], [ 35.396283973213478, 50.907687880134461 ], [ 35.396582661070418, 50.908272810520984 ], [ 35.396862680936302, 50.909679132514114 ], [ 35.397777412498201, 50.909946707052619 ], [ 35.398051209700398, 50.910170722945331 ], [ 35.398474350831073, 50.910873883941889 ], [ 35.39877303868802, 50.911166349135144 ], [ 35.399320633092415, 50.911359251709428 ], [ 35.399656656931484, 50.911620603584254 ], [ 35.400456037192633, 50.912044059073942 ], [ 35.399905563478924, 50.912603784446709 ], [ 35.399488645011935, 50.913294500115896 ], [ 35.399245961128166, 50.913698973255507 ], [ 35.398947273271226, 50.914327462287822 ], [ 35.398293893584153, 50.914931060665403 ], [ 35.397590732587595, 50.915466209742434 ], [ 35.396364867841385, 50.916611179860716 ], [ 35.395251011041523, 50.917656587360028 ], [ 35.394746975282928, 50.918061060499639 ], [ 35.393994032976877, 50.918471756302942 ], [ 35.392867730849645, 50.918614877567727 ], [ 35.392419699064227, 50.919224698608993 ], [ 35.392494371028462, 50.920294996763047 ], [ 35.392606378974818, 50.921110165705961 ], [ 35.392780613558031, 50.92282139821971 ], [ 35.392786836221717, 50.923848137727965 ], [ 35.392718386921167, 50.924109489602792 ], [ 35.392506816355827, 50.924265056194947 ], [ 35.390472005330388, 50.923960145674307 ], [ 35.388617651551847, 50.923611676507882 ], [ 35.387379341478265, 50.923481000570469 ], [ 35.386682403145393, 50.92349344589784 ], [ 35.386128586077305, 50.923431219260976 ], [ 35.385375643771255, 50.923443664588348 ], [ 35.384660037447318, 50.923356547296741 ], [ 35.383396836718987, 50.923412551269919 ], [ 35.382413655856546, 50.923487223234147 ], [ 35.381666936214181, 50.923512113888897 ], [ 35.381075783163972, 50.923487223234147 ], [ 35.379793914444583, 50.923474777906776 ], [ 35.376228328152294, 50.923362769960434 ], [ 35.374485982320117, 50.923319211314627 ], [ 35.373639700058774, 50.923350324633056 ], [ 35.37304232434488, 50.923443664588355 ], [ 35.372102702128238, 50.923717461790552 ], [ 35.369818984555344, 50.924476626760288 ], [ 35.36729880576236, 50.925350911008223 ], [ 35.365880038441873, 50.925886060085254 ], [ 35.365824034468694, 50.92607273999586 ], [ 35.368113974705281, 50.928182222985534 ], [ 35.371380873140623, 50.931281109501342 ], [ 35.372588069895777, 50.932432302283317 ], [ 35.37170445165232, 50.932475860929138 ], [ 35.367939740122068, 50.932488306256509 ], [ 35.365382225346977, 50.93256920088443 ], [ 35.364255923219744, 50.932475860929138 ], [ 35.363969680690168, 50.932332739664353 ], [ 35.36231445214959, 50.932183395735883 ], [ 35.359763160038185, 50.931735363950459 ], [ 35.358313279399255, 50.931474012075633 ], [ 35.356004671171611, 50.931293554828741 ], [ 35.354909482362814, 50.931374449456669 ], [ 35.354473895904768, 50.932245622372761 ], [ 35.353192027185379, 50.932170950408526 ], [ 35.351287892097353, 50.931847371896836 ], [ 35.349831788794745, 50.931623356004131 ], [ 35.347927653706712, 50.931685582640995 ], [ 35.347429840611809, 50.931859817224208 ], [ 35.347031590135877, 50.932768326122421 ], [ 35.346123081237671, 50.932979896687762 ], [ 35.344922107146203, 50.933788842966976 ], [ 35.344268727459131, 50.935033375704251 ], [ 35.343217097296126, 50.935481407489661 ], [ 35.34193522857673, 50.934852918457338 ], [ 35.339838190914428, 50.934479558636156 ], [ 35.338935904679907, 50.934311546716629 ], [ 35.337305566794079, 50.934317769380314 ], [ 35.335482326333974, 50.934504449290905 ], [ 35.332551451737693, 50.934660015883061 ], [ 35.331406481619403, 50.934660015883061 ], [ 35.330970895161357, 50.934790691820474 ], [ 35.330715765950217, 50.935014707713187 ], [ 35.325227376578844, 50.946763096753038 ], [ 35.329321889284451, 50.947659160323866 ], [ 35.329035646754882, 50.948732569809764 ], [ 35.329234771992851, 50.95002688385653 ], [ 35.330105944908951, 50.952204816146761 ], [ 35.331076680444021, 50.952453722694216 ], [ 35.333752425829147, 50.95504235078775 ], [ 35.335314314414425, 50.956355332825559 ], [ 35.33526453310494, 50.957077161813174 ], [ 35.335463658342903, 50.958172350621979 ], [ 35.336509065842208, 50.963685630648122 ], [ 35.336098370038911, 50.963853642567656 ], [ 35.336185487330518, 50.9645630262279 ], [ 35.336353499250052, 50.964942608712761 ], [ 35.337106441556102, 50.965396863161871 ], [ 35.337355348103557, 50.965689328355126 ], [ 35.338095845082236, 50.965714219009875 ], [ 35.340024870825005, 50.965365749843436 ], [ 35.341238290243851, 50.965340859188693 ], [ 35.34152453277342, 50.965452867135056 ], [ 35.341754771329818, 50.96581378162886 ], [ 35.341823220630367, 50.966585391925975 ], [ 35.343907812965277, 50.966124914813193 ], [ 35.347940099034041, 50.969970520971366 ], [ 35.350366937871719, 50.970767021923216 ], [ 35.351835486501706, 50.971588413529815 ], [ 35.353192027185329, 50.973504993945213 ], [ 35.351885267811198, 50.974662409390874 ], [ 35.350653180401295, 50.975384238378496 ], [ 35.350242484597999, 50.976342528586194 ], [ 35.348885943914368, 50.976666107097884 ], [ 35.347765864450828, 50.979043164626084 ], [ 35.346608449005167, 50.980897518404618 ], [ 35.345500814868991, 50.982975888075863 ], [ 35.344380735405444, 50.985116484383973 ], [ 35.343982484929512, 50.985489844205155 ], [ 35.342849960138594, 50.987630440513264 ], [ 35.340821371776848, 50.987543323221665 ], [ 35.340323558681938, 50.987705112477514 ], [ 35.336764195053341, 50.989634138220282 ], [ 35.335046739875899, 50.990505311136374 ], [ 35.334810278655816, 50.990866225630185 ], [ 35.334362246870398, 50.991214694796625 ], [ 35.333222148548288, 50.992321586371489 ], [ 35.336645964443285, 50.993405072414212 ], [ 35.338450536912333, 50.994176682711327 ], [ 35.339495944411645, 50.994873621044199 ], [ 35.340055984143412, 50.995371434139109 ], [ 35.339097693935713, 50.995981255180375 ], [ 35.338363419620727, 50.996678193513247 ], [ 35.337753598579461, 50.997001772024937 ], [ 35.33756677091138, 50.997028119516592 ], [ 35.338368152568087, 50.997698057621143 ], [ 35.339321709828425, 50.998495211309674 ], [ 35.340463697426955, 50.999885794848012 ], [ 35.341151172952216, 51.000722924909375 ], [ 35.338487872894454, 51.001755887081316 ], [ 35.333522187272735, 51.004468968448563 ], [ 35.328245368466703, 51.008451473207835 ], [ 35.327638658757294, 51.009465767388683 ], [ 35.326555915275868, 51.010274713667911 ], [ 35.324689116169957, 51.011705926315777 ], [ 35.323581482033788, 51.012601989886612 ], [ 35.32292187968303, 51.013274037564742 ], [ 35.323046332956757, 51.013827854632815 ], [ 35.324085517792383, 51.01425099576349 ], [ 35.345556172123445, 51.011538100401651 ], [ 35.348130997320162, 51.011580731619084 ], [ 35.352444958833978, 51.011246786033773 ], [ 35.359106788107162, 51.011226902353506 ], [ 35.367690634340924, 51.010756521137353 ], [ 35.3754922, 51.0120302 ], [ 35.380556190746177, 51.012508649931355 ], [ 35.382622115090051, 51.01295668171678 ], [ 35.382522552471066, 51.013865190614979 ], [ 35.382709232381657, 51.014923043441662 ], [ 35.383032810893347, 51.017300100969855 ], [ 35.383779530535712, 51.020150080938208 ], [ 35.393798019070758, 51.02061055805099 ], [ 35.394818535915327, 51.023124514180282 ], [ 35.400107800048737, 51.031512664829492 ], [ 35.400381597250934, 51.033653261137601 ], [ 35.403779171623697, 51.036129881284779 ], [ 35.412951377897393, 51.039888370151345 ], [ 35.412254439564521, 51.042004075804712 ], [ 35.406392690371966, 51.051599423209062 ], [ 35.404140086117501, 51.051624313863819 ], [ 35.399317521760565, 51.052912405246893 ], [ 35.398695255391928, 51.053335546377561 ], [ 35.389809291647815, 51.060435605643711 ], [ 35.382615892426379, 51.065712424449742 ], [ 35.370593706184323, 51.069918945101726 ], [ 35.363944790035447, 51.066518259397121 ], [ 35.363313189671281, 51.066599154025027 ], [ 35.359722712724249, 51.066661380661891 ], [ 35.358061261519993, 51.066574263370278 ], [ 35.356169571759338, 51.065802653073177 ], [ 35.355348180152738, 51.064943925484457 ], [ 35.354352553962919, 51.064663905618573 ], [ 35.35139056604821, 51.063693170083518 ], [ 35.348403687478751, 51.064290545797405 ], [ 35.341857445280695, 51.067115635111016 ], [ 35.34007776346639, 51.068198378592427 ], [ 35.336120149361868, 51.072473348544953 ], [ 35.330494861389397, 51.071315933099285 ], [ 35.329508569195106, 51.071266151789793 ], [ 35.328730736234313, 51.071583507637783 ], [ 35.323453917428317, 51.068273050556577 ], [ 35.322284056655278, 51.068297941211327 ], [ 35.321811134215118, 51.068061479991243 ], [ 35.320877734662162, 51.067700565497432 ], [ 35.320666164096821, 51.067488994932098 ], [ 35.320379921567252, 51.067264979039386 ], [ 35.319944335109206, 51.06732720567625 ], [ 35.319546084633281, 51.067401877640485 ], [ 35.319222506121591, 51.067289869694136 ], [ 35.318811810318287, 51.067090744456166 ], [ 35.318376223860241, 51.067053408474052 ], [ 35.315874713058328, 51.065908438355763 ], [ 35.315003540142236, 51.065746649099921 ], [ 35.308245727378839, 51.062174840143932 ], [ 35.303914753453128, 51.060955198061407 ], [ 35.301898610418746, 51.061054760680392 ], [ 35.297032487416011, 51.061826370977499 ], [ 35.294431413995106, 51.062921559786304 ], [ 35.290784933074903, 51.063991857940358 ], [ 35.287101116172558, 51.066592931361313 ], [ 35.286998442221758, 51.067884134076138 ], [ 35.287577149944596, 51.068873537602265 ], [ 35.29011599672863, 51.069638925235694 ], [ 35.291161404227942, 51.069582921262516 ], [ 35.292262815700425, 51.06990027711052 ], [ 35.294129614806337, 51.070086957021111 ], [ 35.294428302663277, 51.070777672690298 ], [ 35.296239097796011, 51.071767076216425 ], [ 35.297956552973446, 51.07212176804655 ], [ 35.3037933, 51.0742383 ], [ 35.303911642121292, 51.07583669826731 ], [ 35.3031925, 51.0774739 ], [ 35.3043083, 51.0788759 ], [ 35.302511542791869, 51.080261012148313 ], [ 35.299860688061479, 51.07973830839866 ], [ 35.298385916767806, 51.079962324291365 ], [ 35.297013819424961, 51.079728974403125 ], [ 35.295949743934592, 51.079915654313716 ], [ 35.292682845499264, 51.080606369982902 ], [ 35.290601364496162, 51.081362423620796 ], [ 35.289873312844861, 51.080074332237714 ], [ 35.289947984809096, 51.079010256747345 ], [ 35.289667964943213, 51.078692900899341 ], [ 35.289275937130967, 51.078842244827818 ], [ 35.288267865613776, 51.079383616568528 ], [ 35.286083710659867, 51.08042902406784 ], [ 35.284982299187376, 51.08057836799631 ], [ 35.284254247536076, 51.08029834813042 ], [ 35.282742140260289, 51.07947695652382 ], [ 35.282294108474872, 51.079140932684759 ], [ 35.280203293476255, 51.078730236881455 ], [ 35.279157885976943, 51.078804908845697 ], [ 35.278523174280934, 51.079066260720523 ], [ 35.278075142495517, 51.079644968443354 ], [ 35.277347090844216, 51.080354352103598 ], [ 35.275442955756183, 51.079887652327123 ], [ 35.273688164596635, 51.078842244827818 ], [ 35.272586753124145, 51.077852841301691 ], [ 35.271560013615897, 51.077554153444744 ], [ 35.271205321785772, 51.077218129605683 ], [ 35.270271922232816, 51.076714093847087 ], [ 35.270085242322224, 51.076508745945432 ], [ 35.269898562411633, 51.076060714160015 ], [ 35.269749218483163, 51.075519342419305 ], [ 35.269506534599394, 51.074884630723297 ], [ 35.269170510760333, 51.074716618803762 ], [ 35.268853154912328, 51.074753954785884 ], [ 35.268685142992794, 51.074996638669646 ], [ 35.268666475001737, 51.07544467045507 ], [ 35.268722478974915, 51.075799362285188 ], [ 35.26909583879609, 51.07613538612425 ], [ 35.268629139019616, 51.076527413936496 ], [ 35.268199775225256, 51.076602085900731 ], [ 35.267079695761709, 51.075948706213666 ], [ 35.26614629620876, 51.075519342419305 ], [ 35.265866276342869, 51.074940634696475 ], [ 35.26532490460216, 51.074921966705411 ], [ 35.263458105496248, 51.073727215277636 ], [ 35.262394030005879, 51.07337252344751 ], [ 35.261759318309871, 51.073521867375987 ], [ 35.259761843266546, 51.073055167599506 ], [ 35.258081724071239, 51.07294315965315 ], [ 35.25548687331402, 51.072420455903497 ], [ 35.253937430056119, 51.071860416171724 ], [ 35.25259333469986, 51.071039024565124 ], [ 35.251566595191612, 51.069993617065819 ], [ 35.250875879522425, 51.068892205593322 ], [ 35.249998483942647, 51.068294829879434 ], [ 35.249083752380749, 51.068145485950957 ], [ 35.2481503528278, 51.068332165861548 ], [ 35.247272957248022, 51.068630853718496 ], [ 35.245779517963292, 51.068462841798961 ], [ 35.244454090598097, 51.067772126129782 ], [ 35.243128663232902, 51.067230754389065 ], [ 35.240776496359459, 51.066502702737758 ], [ 35.239955104752859, 51.06605467095234 ], [ 35.238293653548595, 51.066204014880817 ], [ 35.236762878281752, 51.06590532702387 ], [ 35.235474786898671, 51.065214611354683 ], [ 35.234261367479832, 51.064729243587145 ], [ 35.233794667703357, 51.064355883765963 ], [ 35.232450572347098, 51.063786510038668 ], [ 35.230471765294837, 51.063319810262193 ], [ 35.230212544199674, 51.063137395417449 ], [ 35.228959658019043, 51.062255734771817 ], [ 35.2282502743588, 51.061172991290391 ], [ 35.227018186948897, 51.060276927719556 ], [ 35.226346139270774, 51.059847563925196 ], [ 35.225860771503235, 51.059231520220244 ], [ 35.224124648334737, 51.059567544059313 ], [ 35.221604469541759, 51.061191659281448 ], [ 35.219592281805944, 51.062403820228788 ], [ 35.217180155660756, 51.063525158163834 ], [ 35.214809320796249, 51.064701241600559 ], [ 35.211915782182089, 51.066288020840581 ], [ 35.205330533536795, 51.067701340145476 ], [ 35.199912263931097, 51.068864203606722 ], [ 35.198754848485429, 51.069872275123913 ], [ 35.198101468798363, 51.07625672806612 ], [ 35.191773019829327, 51.08284652890999 ], [ 35.189719540812831, 51.08519869578344 ], [ 35.1892341730453, 51.088577602165131 ], [ 35.187572721841036, 51.088558934174074 ], [ 35.185649918761953, 51.089100305914791 ], [ 35.183885793606876, 51.089436329753845 ], [ 35.1812722748586, 51.08936165778961 ], [ 35.177389332718313, 51.089623009664443 ], [ 35.175121171804626, 51.089548337700201 ], [ 35.174803815956622, 51.089828357566091 ], [ 35.1748598199298, 51.090603079195041 ], [ 35.175111837809098, 51.092068516493178 ], [ 35.175690545531936, 51.094336677406858 ], [ 35.17611057533076, 51.095867452673701 ], [ 35.177006638901602, 51.098714321310219 ], [ 35.175233179750983, 51.100151756621763 ], [ 35.174682474014745, 51.100319768541297 ], [ 35.174346450175676, 51.100170424612827 ], [ 35.1736417335132, 51.10026843156588 ], [ 35.17321236971884, 51.100473779467528 ], [ 35.172428314094361, 51.101089823172479 ], [ 35.171574253503408, 51.101878545794733 ], [ 35.171102886729166, 51.102279907602508 ], [ 35.170141485189625, 51.103390653070512 ], [ 35.16909607769032, 51.10461340648488 ], [ 35.16794799624018, 51.10543479809148 ], [ 35.167653320304346, 51.105602599666049 ], [ 35.167003713194291, 51.10565413994857 ], [ 35.164390273644592, 51.105190624568998 ], [ 35.164644829444896, 51.100789660787264 ], [ 35.1643541, 51.1007383 ], [ 35.162519288512421, 51.101378433850464 ], [ 35.161161657577516, 51.101016112852818 ], [ 35.160313138243211, 51.101314495057224 ], [ 35.159600382002381, 51.101921910022597 ], [ 35.158056076813928, 51.102539973198681 ], [ 35.157631817146779, 51.103136716010567 ], [ 35.155815985771333, 51.103584268064211 ], [ 35.154763821796784, 51.103264588468072 ], [ 35.154441384449747, 51.103200652283533 ], [ 35.150775780925507, 51.106280144721268 ], [ 35.155222022237318, 51.109817578320893 ], [ 35.166153022511693, 51.115516087205904 ], [ 35.166753244812391, 51.116353239362134 ], [ 35.167495297456995, 51.117613328758623 ], [ 35.168608376423883, 51.119167439014291 ], [ 35.169112412182486, 51.119503462853352 ], [ 35.170946542304037, 51.120063502585126 ], [ 35.173949755365669, 51.121015570129138 ], [ 35.175104837312453, 51.121477602907852 ], [ 35.174929824896275, 51.122317662505509 ], [ 35.174061763312018, 51.125285873083904 ], [ 35.162202921991721, 51.129766190938085 ], [ 35.160564805776282, 51.130116215770443 ], [ 35.158184636916246, 51.130648253515631 ], [ 35.15647651573434, 51.131838337945652 ], [ 35.155020412431732, 51.133252438268379 ], [ 35.15320028330347, 51.134596533624631 ], [ 35.15045608861778, 51.135310584282642 ], [ 35.148565954523043, 51.135688611101592 ], [ 35.146241789636186, 51.135310584282642 ], [ 35.144659677393925, 51.135450594215584 ], [ 35.142881551245537, 51.135716613088171 ], [ 35.141618173777545, 51.133553231455188 ], [ 35.140579868529386, 51.132781230274574 ], [ 35.136560649762131, 51.13147693233519 ], [ 35.126572287952186, 51.126766262571479 ], [ 35.115288920231208, 51.124647007689106 ], [ 35.097785434231156, 51.127039164166256 ], [ 35.050168045016548, 51.11269629186215 ], [ 35.046949081006453, 51.112861838582667 ], [ 35.047527268512461, 51.115173880606562 ], [ 35.047180735923718, 51.115408637345134 ], [ 35.04632376464108, 51.115989188179022 ], [ 35.044583612593748, 51.116243695475511 ], [ 35.042523637492522, 51.115514973653227 ], [ 35.042356261857343, 51.115033259573032 ], [ 35.0414804, 51.1122485 ], [ 35.03986, 51.1103768 ], [ 35.0374145, 51.1104034 ], [ 35.0332956, 51.1135283 ], [ 35.0305607, 51.1122417 ], [ 35.030431197114659, 51.108401274168664 ], [ 35.029989739193276, 51.107536752405956 ], [ 35.02860098614893, 51.105789314800475 ], [ 35.021738888154154, 51.106686641329233 ], [ 35.0193974, 51.1068814 ], [ 34.998439496228194, 51.101560904248849 ], [ 34.973034619899785, 51.106160042198319 ], [ 34.965516117838348, 51.116112494548915 ], [ 34.965516117838348, 51.116112494548922 ], [ 34.955324426178251, 51.122729737401507 ], [ 34.945913113154269, 51.12801259535955 ], [ 34.936628694238472, 51.131131587087182 ], [ 34.927344275322682, 51.139770757811199 ], [ 34.927763487175547, 51.140924292105119 ], [ 34.92776348717554, 51.140924292105126 ], [ 34.923285339295397, 51.1400712588974 ], [ 34.90170740479784, 51.129017531716116 ], [ 34.879205348170345, 51.13182453874434 ], [ 34.864292814321175, 51.121882684588137 ], [ 34.852936593060519, 51.11954343730909 ], [ 34.851770539215288, 51.119311329354879 ], [ 34.8517645, 51.119302 ], [ 34.844547915866563, 51.116933221156579 ], [ 34.836114140956688, 51.11789192315193 ], [ 34.833253780736648, 51.119066061017215 ], [ 34.813267428869423, 51.128396423960062 ], [ 34.812519416064625, 51.128862777622309 ], [ 34.812418630558994, 51.130263110706238 ], [ 34.8049502, 51.1429358 ], [ 34.801987207341071, 51.142684652583313 ], [ 34.800655277351041, 51.142941694100145 ], [ 34.786609362105921, 51.151395125474522 ], [ 34.781317553701257, 51.152937555395496 ], [ 34.770556887540081, 51.152098479913057 ], [ 34.760858517489893, 51.154146784399174 ], [ 34.755940479939085, 51.159970382283682 ], [ 34.7519197, 51.1678886 ], [ 34.744776534698737, 51.166730756022957 ], [ 34.736782264659894, 51.179174099444701 ], [ 34.739160631521877, 51.179501156711034 ], [ 34.740181720419002, 51.179602559784875 ], [ 34.741449482295621, 51.179428450699966 ], [ 34.74259046700741, 51.179465447129253 ], [ 34.744518337727321, 51.179675093001244 ], [ 34.746819979301108, 51.179724421303156 ], [ 34.748865882922232, 51.179909401965233 ], [ 34.750439654938496, 51.180057385960474 ], [ 34.752092115555563, 51.180402680101984 ], [ 34.75298596621068, 51.180435570374833 ], [ 34.753772028795474, 51.180464494460466 ], [ 34.755280290668274, 51.180163464290302 ], [ 34.755635583708298, 51.179448009962563 ], [ 34.756547412874198, 51.179016091033176 ], [ 34.75719103050259, 51.178486524513787 ], [ 34.758377700504958, 51.178095650085673 ], [ 34.758578831013835, 51.177566072993343 ], [ 34.759664935761755, 51.17718779991732 ], [ 34.760570023051699, 51.17708692657289 ], [ 34.761615901697844, 51.176544728565261 ], [ 34.765216137806704, 51.175825991145516 ], [ 34.769238747984204, 51.175044193862114 ], [ 34.769721461205492, 51.174754168918291 ], [ 34.77213502731199, 51.174640680400202 ], [ 34.772974747186538, 51.174952773152775 ], [ 34.773385395556481, 51.175194462114163 ], [ 34.774453056426772, 51.175822838763729 ], [ 34.776092270074109, 51.17625156070757 ], [ 34.777470014059901, 51.176837894558808 ], [ 34.77777458034388, 51.176886075170657 ], [ 34.778546062282381, 51.17700811911898 ], [ 34.779300301690661, 51.177335957241851 ], [ 34.779396088849296, 51.177734180942124 ], [ 34.779491375674091, 51.178130324564052 ], [ 34.779933862793619, 51.179618150341547 ], [ 34.780426632540355, 51.180815941289964 ], [ 34.780765605294768, 51.181148293379145 ], [ 34.781603246017276, 51.181969573675246 ], [ 34.782980990003054, 51.183551831248323 ], [ 34.784409016616067, 51.184837769505798 ], [ 34.785977834585296, 51.183879622838532 ], [ 34.786219191195933, 51.183665297831801 ], [ 34.786903034926119, 51.183640083059615 ], [ 34.787727670012501, 51.1831988223135 ], [ 34.788109817979361, 51.18283320306665 ], [ 34.789195922727295, 51.18253061942788 ], [ 34.7896839, 51.1821236 ], [ 34.789919992559241, 51.181332873032517 ], [ 34.790040670864563, 51.18046291140292 ], [ 34.790764740696517, 51.180034228619753 ], [ 34.792916837141476, 51.179012938869498 ], [ 34.795048820535541, 51.178092497859055 ], [ 34.797040012573405, 51.17670549724415 ], [ 34.798709395797061, 51.175658914614026 ], [ 34.800760926987593, 51.175368893536877 ], [ 34.803033701737874, 51.175923714873861 ], [ 34.805527720047927, 51.176037200233957 ], [ 34.807358007678687, 51.176440701474284 ], [ 34.80828320801951, 51.176503748224086 ], [ 34.80916818225856, 51.175835448289561 ], [ 34.809067617004118, 51.174965382916575 ], [ 34.808544677681041, 51.173880930626567 ], [ 34.8087292, 51.17285420000001 ], [ 34.809127956156779, 51.172355088286139 ], [ 34.813633279555575, 51.171522789364566 ], [ 34.81409587972599, 51.170980525924726 ], [ 34.814960740914152, 51.170122980027898 ], [ 34.816127297865627, 51.169177138854096 ], [ 34.834621248156672, 51.169120387766768 ], [ 34.835103961377968, 51.169470351692659 ], [ 34.834877689555469, 51.178587394795997 ], [ 34.833746330443041, 51.180062597456534 ], [ 34.833474804256056, 51.183154696006561 ], [ 34.836702948923509, 51.183636931212121 ], [ 34.839146684606341, 51.184648663188526 ], [ 34.840685332999222, 51.185726558804269 ], [ 34.842601101096257, 51.186520781548921 ], [ 34.84441127567613, 51.187579723919058 ], [ 34.844893988897439, 51.187920093085168 ], [ 34.845919754492698, 51.188742641525387 ], [ 34.846960604876124, 51.188931731045471 ], [ 34.845844330551863, 51.191153474791513 ], [ 34.8621658, 51.198993799999982 ], [ 34.863508617493792, 51.198536457903288 ], [ 34.872453896876003, 51.191909788649426 ], [ 34.8764269, 51.191208599999989 ], [ 34.876979333325686, 51.191966511688356 ], [ 34.880147138840456, 51.194859294088459 ], [ 34.881580193716196, 51.195105077686129 ], [ 34.882937824651094, 51.195322500544961 ], [ 34.883458509320192, 51.195739997609586 ], [ 34.884431218679474, 51.195960583445924 ], [ 34.885585204974142, 51.195563555123933 ], [ 34.887078599002542, 51.195435938150986 ], [ 34.888323094026198, 51.19547847718124 ], [ 34.88988436960134, 51.195081444704819 ], [ 34.890631066615533, 51.194670228890367 ], [ 34.89422878859304, 51.194131388819621 ], [ 34.894590823509013, 51.19391868705705 ], [ 34.897102440738593, 51.193308936562488 ], [ 34.898165918304258, 51.192968607196448 ], [ 34.898595834766979, 51.19319549371977 ], [ 34.899410413327928, 51.194202289188965 ], [ 34.900625803062638, 51.195683526248587 ], [ 34.901514741277026, 51.19668373338429 ], [ 34.903528560497136, 51.197562841552283 ], [ 34.904795682703053, 51.198640435132475 ], [ 34.905361362259264, 51.19964711162585 ], [ 34.905361362259264, 51.201192529913158 ], [ 34.90502195452553, 51.201773820621206 ], [ 34.90423000314685, 51.201943953099324 ], [ 34.904026358506613, 51.202978912136373 ], [ 34.904501529333828, 51.203616888998425 ], [ 34.90588178745098, 51.20438244956901 ], [ 34.90789560667109, 51.205318117431062 ], [ 34.90824943679695, 51.205283657617713 ], [ 34.908868575507768, 51.205204704157097 ], [ 34.910746631634382, 51.205715061690711 ], [ 34.910927649092372, 51.206112002529366 ], [ 34.9118514, 51.2064639 ], [ 34.911883886272527, 51.206526635890654 ], [ 34.913416639139683, 51.206168708084164 ], [ 34.917082242663916, 51.20582847370796 ], [ 34.918336337373638, 51.205991903042289 ], [ 34.918386078626071, 51.205985631182905 ], [ 34.919933267627215, 51.205573296276398 ], [ 34.9242542, 51.2052337 ], [ 34.924311605496705, 51.205238483303191 ], [ 34.9301336, 51.2057236 ], [ 34.933667967252013, 51.207090163564907 ], [ 34.936880416821339, 51.20889782472139 ], [ 34.937989759061466, 51.209811893637294 ], [ 34.938080267790461, 51.210322200118391 ], [ 34.93909849099164, 51.211115998960032 ], [ 34.939437898725366, 51.212079879157606 ], [ 34.939324762814117, 51.212661032468063 ], [ 34.939279508449623, 51.215382433299773 ], [ 34.939534570788112, 51.216126158928738 ], [ 34.939935696734828, 51.217295821952476 ], [ 34.939686797730097, 51.217607625901444 ], [ 34.94056925783778, 51.218075327865343 ], [ 34.941089683029503, 51.218061155148362 ], [ 34.94219841495967, 51.218613887877318 ], [ 34.943918080810548, 51.218798130645581 ], [ 34.945004185558467, 51.218769785652306 ], [ 34.946316562128878, 51.218557197646433 ], [ 34.947153767872067, 51.21899654510986 ], [ 34.950998257070061, 51.218780312895497 ], [ 34.951611322775001, 51.219024889963507 ], [ 34.952720054705168, 51.219818538780288 ], [ 34.952635926538917, 51.221095638696283 ], [ 34.952222256695713, 51.221689228283154 ], [ 34.95244852851819, 51.22205768846603 ], [ 34.951566068410507, 51.223361446969392 ], [ 34.950887252943055, 51.224027483257586 ], [ 34.950570472391583, 51.224679339228643 ], [ 34.950004792835365, 51.224806875186644 ], [ 34.949982165653125, 51.225713787362942 ], [ 34.950072674382113, 51.226649021828074 ], [ 34.95079674421406, 51.227215821345609 ], [ 34.952403274153696, 51.227499218486692 ], [ 34.953263107079131, 51.228151025288454 ], [ 34.955367435028244, 51.228406077610977 ], [ 34.956611930051899, 51.228292721197704 ], [ 34.957765916346574, 51.228717806307742 ], [ 34.958897275458988, 51.228958686127193 ], [ 34.960390669487396, 51.22959630309262 ], [ 34.964169408922871, 51.230772328987413 ], [ 34.965481785493282, 51.231608280926459 ], [ 34.966975179521675, 51.231735797683875 ], [ 34.969509423933495, 51.232033335410286 ], [ 34.971704260611602, 51.232600068614346 ], [ 34.972021041163075, 51.232996777703974 ], [ 34.973310790551231, 51.232996777703974 ], [ 34.974329013752417, 51.233464323311487 ], [ 34.97575452623407, 51.233818521366395 ], [ 34.976750122252994, 51.233917696333179 ], [ 34.977519446449449, 51.234158548933934 ], [ 34.977700463907432, 51.234399400273908 ], [ 34.978944958931088, 51.234767758708131 ], [ 34.979601147216293, 51.234994439355695 ], [ 34.979691655945295, 51.235433629932203 ], [ 34.980166826772511, 51.235461964664154 ], [ 34.980081007982434, 51.235100536223023 ], [ 34.980868269422203, 51.234385232582923 ], [ 34.982044882899118, 51.233705178285483 ], [ 34.982768952731071, 51.233591834925356 ], [ 34.982678444002062, 51.232996777703946 ], [ 34.982520053726333, 51.23264257332324 ], [ 34.982067510081365, 51.23228836621589 ], [ 34.982225900357108, 51.23180664017417 ], [ 34.982814207095558, 51.231622449472482 ], [ 34.984873280680169, 51.231395752212116 ], [ 34.988833037573634, 51.230120559312589 ], [ 34.991819825630429, 51.229199564685779 ], [ 34.992543895462383, 51.229199564685779 ], [ 34.993381101205571, 51.228816992268435 ], [ 34.994376697224496, 51.228873669864264 ], [ 34.995191275785444, 51.228689467422555 ], [ 34.995575937883672, 51.228859500471863 ], [ 34.995915345617398, 51.228831161673938 ], [ 34.996684669813831, 51.229100379549642 ], [ 34.997024077547565, 51.22907204090005 ], [ 34.997643601251831, 51.229227514679543 ], [ 34.998110182295491, 51.229142887491307 ], [ 34.998766370580682, 51.229667148876757 ], [ 34.99951306759489, 51.229482949611103 ], [ 34.9999489, 51.229222099999987 ], [ 35.000580112023563, 51.229679285567492 ], [ 35.002047312006717, 51.229936361861832 ], [ 35.002499855651678, 51.230389769645129 ], [ 35.002794009020917, 51.230446445303912 ], [ 35.003088162390142, 51.230942354340854 ], [ 35.00501147288125, 51.231551606698602 ], [ 35.005549591791116, 51.231881668646302 ], [ 35.006866901825632, 51.231919987931811 ], [ 35.01010258888715, 51.231664955084476 ], [ 35.01175437319128, 51.230899848061391 ], [ 35.012320052747484, 51.230333093916528 ], [ 35.01299886821495, 51.229397934316744 ], [ 35.013564547771153, 51.228108516430581 ], [ 35.015238959257537, 51.227159141707958 ], [ 35.018044729856342, 51.225458720119569 ], [ 35.019266597697744, 51.224721851253889 ], [ 35.02017168498768, 51.22452346146671 ], [ 35.020646855814896, 51.224027483257586 ], [ 35.02141618001135, 51.223545670736698 ], [ 35.022185504207798, 51.22253951656262 ], [ 35.022502284759277, 51.221448310415056 ], [ 35.022954828404245, 51.220895611717964 ], [ 35.02383728851192, 51.220442110394721 ], [ 35.025127037900091, 51.220187013937036 ], [ 35.026507296017243, 51.219747677835066 ], [ 35.027955435681143, 51.219535094344998 ], [ 35.029267563408965, 51.21962738331041 ], [ 35.03107798683142, 51.219846883127829 ], [ 35.031983074121356, 51.219705161215593 ], [ 35.03510562527164, 51.218812303135664 ], [ 35.038069786146181, 51.217749354271028 ], [ 35.038676609825387, 51.204289318917205 ], [ 35.041774987239442, 51.205140909067644 ], [ 35.043505966681444, 51.205768223608445 ], [ 35.044167811762208, 51.206416794065539 ], [ 35.044948449549779, 51.207075987466283 ], [ 35.045898791204209, 51.207405580628539 ], [ 35.046645488218402, 51.207671379847739 ], [ 35.047375214845914, 51.207915913774542 ], [ 35.047731592966322, 51.208351818858596 ], [ 35.0480031191533, 51.208511295297527 ], [ 35.049988654395598, 51.208766456451116 ], [ 35.051006877596777, 51.208968458028423 ], [ 35.051532959584058, 51.209319300767298 ], [ 35.052092982344703, 51.209531931429389 ], [ 35.052364508531682, 51.210042241012864 ], [ 35.052754827425467, 51.210308025014612 ], [ 35.054231251067179, 51.21061633253484 ], [ 35.055283415041728, 51.210903375611949 ], [ 35.055775556255632, 51.211488087456594 ], [ 35.056827720230181, 51.213072087697817 ], [ 35.057710180337864, 51.213603619192526 ], [ 35.059033870499405, 51.213922535144135 ], [ 35.062173392036364, 51.215804094296693 ], [ 35.062614622090202, 51.216176144910655 ], [ 35.062665533250268, 51.217228500368009 ], [ 35.063581934131328, 51.218238313796846 ], [ 35.063564963744639, 51.218674121171048 ], [ 35.063106763304113, 51.218865449934555 ], [ 35.062869177890505, 51.219471319106439 ], [ 35.062377036676594, 51.219853969211897 ], [ 35.061562458115652, 51.221246363583496 ], [ 35.061358813475422, 51.22179905806918 ], [ 35.06191883623606, 51.222532430891761 ], [ 35.061613369275712, 51.223074481555223 ], [ 35.061698221209156, 51.223287048700392 ], [ 35.062258243969794, 51.223648410594272 ], [ 35.062427947836667, 51.224243588705626 ], [ 35.062699474023646, 51.224477406572291 ], [ 35.06380254915824, 51.224860015064728 ], [ 35.065041387386351, 51.225933427467446 ], [ 35.065211091253211, 51.226571086348393 ], [ 35.065771114013856, 51.227527558104704 ], [ 35.067281478428939, 51.228951601444521 ], [ 35.0690427, 51.230243399999985 ], [ 35.0747075, 51.2319632 ], [ 35.0849051, 51.230337799999987 ], [ 35.1051432, 51.232775599999989 ], [ 35.113933071429564, 51.231045077687384 ], [ 35.1176099, 51.229647 ], [ 35.1197383, 51.2314849 ], [ 35.136333981855465, 51.22703869724613 ], [ 35.150229218659973, 51.223354493136085 ], [ 41.101522284398534, 50.859491016384389 ], [ 42.039993613809045, 46.429523747824454 ], [ 35.253203, 46.248701 ], [ 33.567541850862618, 46.211181438890577 ], [ 33.222893, 46.157038 ], [ 33.195306, 46.170137 ], [ 33.181455, 46.147562 ], [ 33.14047, 46.127642 ], [ 33.101575, 46.131873 ], [ 33.062645, 46.155591 ], [ 33.031475, 46.149726 ], [ 33.029605, 46.113243 ], [ 32.913276, 46.106793 ], [ 32.863717, 46.115723 ], [ 32.828978, 46.111371 ], [ 32.758447, 46.119028 ], [ 32.732848, 46.109787 ], [ 32.703745, 46.106234 ], [ 32.67705, 46.099817 ], [ 32.646659, 46.107865 ], [ 32.596141, 46.095849 ], [ 32.544276, 46.080477 ], [ 32.539628, 46.073498 ], [ 32.541847, 46.068187 ], [ 32.55212, 46.068282 ], [ 32.620055, 46.0604 ], [ 32.719364, 46.039073 ], [ 32.795279, 46.03031 ], [ 32.878574, 46.025916 ], [ 32.908036, 46.026622 ], [ 32.926517, 46.031197 ], [ 32.936279, 46.039686 ], [ 32.941407, 46.046089 ], [ 32.972882, 46.030736 ], [ 33.017451, 46.025675 ], [ 33.049658, 46.027752 ], [ 33.070055, 46.014197 ], [ 33.036377, 46.008034 ], [ 32.968043, 46.012572 ], [ 32.912066, 46.010401 ], [ 32.739615, 46.033613 ], [ 32.637881, 46.053703 ], [ 32.574897, 46.063727 ], [ 32.546537, 46.065294 ], [ 32.389221, 46.094552 ], [ 32.226041, 46.131886 ], [ 32.238387, 46.149805 ], [ 32.227939, 46.168376 ], [ 32.239877, 46.178544 ], [ 32.221809, 46.187739 ], [ 32.208103, 46.186828 ], [ 32.20613, 46.172209 ], [ 32.187022, 46.175695 ], [ 32.165963, 46.196922 ], [ 32.12115, 46.204421 ], [ 32.087826, 46.22149 ], [ 32.077751, 46.238949 ], [ 32.051416, 46.249814 ], [ 32.028542, 46.245625 ], [ 31.969511, 46.257237 ], [ 31.955596, 46.265925 ], [ 31.943742, 46.285588 ], [ 31.936819, 46.292171 ], [ 31.904488, 46.297468 ], [ 31.895066, 46.280773 ], [ 31.883288, 46.273445 ], [ 31.874001, 46.265286 ], [ 31.870831, 46.265803 ], [ 31.86122, 46.272172 ], [ 31.850738, 46.268283 ], [ 31.847697, 46.267951 ], [ 31.835191, 46.272857 ], [ 31.833142, 46.269821 ], [ 31.834694, 46.266167 ], [ 31.818304, 46.26434 ], [ 31.813241, 46.264773 ], [ 31.814358, 46.269477 ], [ 31.809724, 46.272123 ], [ 31.791702, 46.273917 ], [ 31.784514, 46.268892 ], [ 31.784407, 46.265113 ], [ 31.779602, 46.264496 ], [ 31.777196, 46.268157 ], [ 31.783287, 46.272539 ], [ 31.782128, 46.276867 ], [ 31.77511, 46.282294 ], [ 31.775544, 46.28549 ], [ 31.771212, 46.288867 ], [ 31.774506, 46.293952 ], [ 31.768016, 46.296545 ], [ 31.758091, 46.294869 ], [ 31.747738, 46.298168 ], [ 31.745589, 46.30605 ], [ 31.772538, 46.327173 ], [ 31.823448, 46.337131 ], [ 31.868275, 46.334384 ], [ 31.969769, 46.348389 ], [ 32.009049, 46.364143 ], [ 32.035568, 46.416592 ], [ 32.029038, 46.437569 ], [ 32.002243, 46.453458 ], [ 31.974844, 46.439231 ], [ 31.952823, 46.437483 ], [ 31.892118, 46.456829 ], [ 31.797018, 46.478139 ], [ 31.770904, 46.484579 ], [ 31.742039, 46.485338 ], [ 31.716453, 46.478678 ], [ 31.704264, 46.466577 ], [ 31.696917, 46.457512 ], [ 31.697124, 46.447264 ], [ 31.706976, 46.445455 ], [ 31.720264, 46.433355 ], [ 31.737666, 46.426222 ], [ 31.776887, 46.37412 ], [ 31.773838, 46.371159 ], [ 31.74521, 46.386432 ], [ 31.724946, 46.414472 ], [ 31.6943, 46.440337 ], [ 31.65675, 46.468916 ], [ 31.614245, 46.501946 ], [ 31.54695, 46.538732 ], [ 31.52162, 46.561607 ], [ 31.511296, 46.57669 ], [ 31.513416, 46.580829 ], [ 31.530518, 46.557632 ], [ 31.554083, 46.545465 ], [ 31.581672, 46.537248 ], [ 31.631498, 46.540518 ], [ 31.662856, 46.536405 ], [ 31.697651, 46.545034 ], [ 31.756921, 46.547955 ], [ 31.807071, 46.529464 ], [ 31.864914, 46.517622 ], [ 31.881562, 46.518298 ], [ 31.898754, 46.518606 ], [ 31.90491, 46.517962 ], [ 31.910906, 46.511556 ], [ 31.999388, 46.488028 ], [ 32.046395, 46.488939 ], [ 32.078878, 46.499234 ], [ 32.126377, 46.498662 ], [ 32.164698, 46.489533 ], [ 32.208497, 46.478155 ], [ 32.236933, 46.480278 ], [ 32.256442, 46.477196 ], [ 32.302096, 46.467799 ], [ 32.34392, 46.462486 ], [ 32.401301, 46.471994 ], [ 32.417638, 46.479462 ], [ 32.417841, 46.485038 ], [ 32.428259, 46.485388 ], [ 32.431676, 46.489187 ], [ 32.432689, 46.494759 ], [ 32.437721, 46.503362 ], [ 32.448322, 46.502869 ], [ 32.457067, 46.503811 ], [ 32.464782, 46.50806 ], [ 32.489129, 46.527383 ], [ 32.500265, 46.533445 ], [ 32.505695, 46.537963 ], [ 32.50899, 46.540014 ], [ 32.514585, 46.54101 ], [ 32.520688, 46.540356 ], [ 32.531855, 46.536868 ], [ 32.553804, 46.541271 ], [ 32.582333, 46.555126 ], [ 32.666501, 46.582534 ], [ 32.691777, 46.601258 ], [ 32.689077, 46.606416 ], [ 32.678738, 46.614152 ], [ 32.684459, 46.621245 ], [ 32.719988, 46.631762 ], [ 32.751121, 46.630308 ], [ 32.767524, 46.635578 ], [ 32.784392, 46.628019 ], [ 32.79871, 46.632116 ], [ 32.803575, 46.64089 ], [ 32.817026, 46.645891 ], [ 32.833632, 46.65495 ], [ 32.845933, 46.663276 ], [ 32.87011, 46.682514 ], [ 32.875045, 46.686842 ], [ 32.879959, 46.686474 ], [ 32.885731, 46.68905 ], [ 32.891023, 46.693202 ], [ 32.891767, 46.698237 ], [ 32.905306, 46.711285 ], [ 32.923355, 46.718326 ], [ 32.928559, 46.718374 ], [ 32.933393, 46.717207 ], [ 32.942776, 46.713303 ], [ 32.954231, 46.711542 ], [ 32.979847, 46.710469 ], [ 32.991091, 46.714538 ], [ 33.01958, 46.717745 ], [ 33.024894, 46.724573 ], [ 33.04052, 46.729226 ], [ 33.043353, 46.737227 ], [ 33.044173, 46.738481 ], [ 33.048438, 46.737604 ], [ 33.054173, 46.731432 ], [ 33.06219, 46.732265 ], [ 33.073312, 46.7384 ], [ 33.081979, 46.73801 ], [ 33.090411, 46.743645 ], [ 33.104047, 46.747501 ], [ 33.132062, 46.755128 ], [ 33.137166, 46.755756 ], [ 33.140191, 46.756687 ], [ 33.141455, 46.759367 ], [ 33.153349, 46.762795 ], [ 33.19787, 46.767502 ], [ 33.239884, 46.76354 ], [ 33.254381, 46.752574 ], [ 33.286306, 46.749398 ], [ 33.313396, 46.751477 ], [ 33.340157, 46.757042 ], [ 33.358896, 46.764016 ], [ 33.357445, 46.767035 ], [ 33.371611, 46.775729 ], [ 33.37056, 46.776837 ], [ 33.371408, 46.777142 ], [ 33.37247, 46.776123 ], [ 33.373373, 46.776487 ], [ 33.377184, 46.776306 ], [ 33.38953, 46.782727 ], [ 33.402938, 46.773597 ], [ 33.470266, 46.820961 ], [ 33.563472, 46.818209 ], [ 33.620298, 46.829034 ], [ 33.63746, 46.847176 ], [ 33.634028, 46.866257 ], [ 33.633822, 46.899514 ], [ 33.656816, 46.904678 ], [ 33.678446, 46.900926 ], [ 33.688159, 46.920449 ], [ 33.69561, 46.95542 ], [ 33.697668, 46.995131 ], [ 33.802317, 47.059017 ], [ 33.840787, 47.098524 ], [ 33.849951, 47.137794 ], [ 33.970232590390268, 47.100053728122305 ], [ 34.179631774944653, 47.305792773620482 ], [ 34.302049759761069, 47.360376303836048 ], [ 34.411581640912594, 47.414903421630868 ], [ 34.637088455048101, 47.475906831816218 ], [ 34.749153, 47.492601 ], [ 34.859923, 47.451254 ], [ 34.874741, 47.437558 ], [ 34.868064912620873, 47.417477115777231 ], [ 34.899239629992898, 47.401770481671178 ], [ 34.957751590433546, 47.390022390458007 ], [ 34.983549741101385, 47.396378438045318 ], [ 35.02882, 47.418144 ], [ 35.062432, 47.448694 ], [ 35.135375773924167, 47.447041980733594 ], [ 35.135469318746274, 47.446926661977756 ], [ 35.13572078986423, 47.446616657257039 ], [ 35.135729701331961, 47.446611147212558 ], [ 35.136119021480532, 47.446539341282637 ], [ 35.136295985184418, 47.446596786034412 ], [ 35.136869347585048, 47.446558489540188 ], [ 35.137527652563534, 47.446491470608215 ], [ 35.137987758193653, 47.446534554217152 ], [ 35.138458481646019, 47.446376580811886 ], [ 35.139159257913427, 47.446192277906135 ], [ 35.139527342417537, 47.446072600348792 ], [ 35.139966212403188, 47.445986432338898 ], [ 35.140242275781269, 47.446039090583938 ], [ 35.140305982714672, 47.44613483271258 ], [ 35.140268820336857, 47.446249723036942 ], [ 35.14032721835914, 47.44634307124069 ], [ 35.140640444115036, 47.446332300302572 ], [ 35.141235042160119, 47.446238952079682 ], [ 35.141994216449831, 47.44599121945425 ], [ 35.142307442205727, 47.44576861812898 ], [ 35.142286206561259, 47.44547779884924 ], [ 35.14255696102822, 47.44542753362559 ], [ 35.142838333317407, 47.44551729291986 ], [ 35.143406386806909, 47.445467027733926 ], [ 35.144011602674233, 47.445327003034173 ], [ 35.144277048230073, 47.445337774178164 ], [ 35.144431006652461, 47.445107989294797 ], [ 35.144813248252873, 47.444957192419594 ], [ 35.145158327475457, 47.444932059565033 ], [ 35.145705145320491, 47.445000277285203 ], [ 35.145896266120701, 47.444950011605236 ], [ 35.14634752356563, 47.44466995908045 ], [ 35.146825325566148, 47.444519160949554 ], [ 35.147462394900174, 47.444375543280131 ], [ 35.149171864279793, 47.444210382475553 ], [ 35.150180557391984, 47.444160116040791 ], [ 35.150987511881759, 47.444246287042397 ], [ 35.152001513905077, 47.444415038178306 ], [ 35.152394373327724, 47.444504799200239 ], [ 35.152994280283927, 47.444537113130657 ], [ 35.153073913950678, 47.444569427041216 ], [ 35.153063296128444, 47.444734586718489 ], [ 35.153190709995251, 47.444792033441225 ], [ 35.153535789217834, 47.444684320784646 ], [ 35.153710983284704, 47.444713044181306 ], [ 35.153705674373583, 47.4448351184421 ], [ 35.153795925862575, 47.444871022582532 ], [ 35.153960502107196, 47.444849480101205 ], [ 35.154252492218617, 47.444652006944672 ], [ 35.154655969463491, 47.444461713928824 ], [ 35.154905488285991, 47.444321686552996 ], [ 35.155314274441977, 47.444292962942654 ], [ 35.155707133864624, 47.444332457902831 ], [ 35.156349512109763, 47.444411447734247 ], [ 35.156498161621045, 47.444555065305636 ], [ 35.156434454687641, 47.444713044181306 ], [ 35.156583104198901, 47.444720225028014 ], [ 35.156917565599272, 47.444666368653785 ], [ 35.15720424679958, 47.444745357983791 ], [ 35.157453765622073, 47.444723815450999 ], [ 35.157570561666645, 47.444684320784646 ], [ 35.15760241513334, 47.444565836607673 ], [ 35.157613032955581, 47.444325277003188 ], [ 35.157692666622332, 47.444081125831993 ], [ 35.157889096333641, 47.443901602189072 ], [ 35.158266029022954, 47.443793887709241 ], [ 35.158865935979144, 47.443793887709241 ], [ 35.159402136001951, 47.443783116249122 ], [ 35.159837466713526, 47.443876468830176 ], [ 35.160182545936117, 47.443959049821459 ], [ 35.160272797425108, 47.444134982805402 ], [ 35.160352431091866, 47.444239106130979 ], [ 35.160729363781151, 47.44426782977073 ], [ 35.161361124204063, 47.444145754193464 ], [ 35.161727439071122, 47.444178068344428 ], [ 35.162045973738131, 47.444106259093111 ], [ 35.162391052960729, 47.443955459346277 ], [ 35.162667116338802, 47.44392673553596 ], [ 35.163505924295272, 47.443923145058569 ], [ 35.164148302540404, 47.443959049821459 ], [ 35.164610177807567, 47.443862106905407 ], [ 35.164886241185648, 47.443912373624919 ], [ 35.165523310519674, 47.44393391649001 ], [ 35.166043583809113, 47.44399854503235 ], [ 35.166940789787866, 47.443951868870847 ], [ 35.167710581899804, 47.444084716298597 ], [ 35.168199001722556, 47.443898011709962 ], [ 35.168549389856274, 47.443628725078469 ], [ 35.168921013634446, 47.443567686583691 ], [ 35.169435978012785, 47.443582048588844 ], [ 35.169807601790971, 47.44365026805972 ], [ 35.170487142413918, 47.443851335459279 ], [ 35.171028651347839, 47.443819021107601 ], [ 35.171840914748714, 47.44388005931075 ], [ 35.172111669215674, 47.443984183140905 ], [ 35.172929241527662, 47.444109849558004 ], [ 35.173943243550973, 47.44426782977073 ], [ 35.174495370307135, 47.444289372490253 ], [ 35.175174910930089, 47.444440171279886 ], [ 35.175780126797413, 47.444562246173916 ], [ 35.176311017909093, 47.444695092060229 ], [ 35.176544609998231, 47.444853070515379 ], [ 35.176693259509506, 47.444874612995228 ], [ 35.17684190902078, 47.444953602012532 ], [ 35.176810055554071, 47.445097218103776 ], [ 35.177022411998749, 47.445118760483645 ], [ 35.17804172293318, 47.444910517108724 ], [ 35.178923002178571, 47.444853070515393 ], [ 35.179284008134523, 47.444630464373667 ], [ 35.179963548757478, 47.444242696586826 ], [ 35.180770503247238, 47.444142163731037 ], [ 35.181577457736999, 47.444228334762045 ], [ 35.182426883515696, 47.444336048352284 ], [ 35.183584226139168, 47.444300143846711 ], [ 35.184019556850735, 47.444379133726642 ], [ 35.18455044796243, 47.444357591043868 ], [ 35.185028249962947, 47.444213972933333 ], [ 35.185824586630474, 47.444235515674919 ], [ 35.186589069831278, 47.444333654719351 ], [ 35.187148275135591, 47.444338441985138 ], [ 35.187544673832321, 47.44414695101424 ], [ 35.18835870687024, 47.44407514172044 ], [ 35.190220365035209, 47.443783116249143 ], [ 35.191204283228863, 47.443921948232735 ], [ 35.192513814637692, 47.443960246646476 ], [ 35.193115491230927, 47.4441182273085 ], [ 35.193568518312894, 47.444280994767048 ], [ 35.194495808121296, 47.444357591043882 ], [ 35.195500961959425, 47.444218760210006 ], [ 35.196718472242225, 47.443926735535975 ], [ 35.197815647206376, 47.443888437097833 ], [ 35.19892697926683, 47.443797478195478 ], [ 35.199323377963559, 47.443917160929054 ], [ 35.200038311327276, 47.443969821245567 ], [ 35.200675380661309, 47.444003332328634 ], [ 35.201008072424628, 47.444132589163338 ], [ 35.201645141758654, 47.444271420224609 ], [ 35.201892890944109, 47.444252271134495 ], [ 35.202586588663365, 47.444434187209183 ], [ 35.203492642827314, 47.444764506894423 ], [ 35.20405184813162, 47.444845889686817 ], [ 35.205000373584497, 47.445176206786833 ], [ 35.205028687777116, 47.44531503509382 ], [ 35.205552500340652, 47.445310247916908 ], [ 35.205835642266877, 47.445439501540321 ], [ 35.206125862741274, 47.445511308971653 ], [ 35.206593046919551, 47.44571236925789 ], [ 35.206862031749459, 47.445913428775604 ], [ 35.207541572372413, 47.446320332590922 ], [ 35.207973363809927, 47.446669788649267 ], [ 35.208497176373456, 47.446875631542298 ], [ 35.209360759248462, 47.446487880305874 ], [ 35.209424466181858, 47.44635862925854 ], [ 35.209714686656255, 47.446286822983886 ], [ 35.209969514389854, 47.446291610071931 ], [ 35.21041546292367, 47.446478306165112 ], [ 35.21073399759068, 47.446775103718437 ], [ 35.211165789028186, 47.446961798095558 ], [ 35.211696680139866, 47.447091047660763 ], [ 35.212015214806875, 47.447076686613642 ], [ 35.212482398985166, 47.447215509904865 ], [ 35.212892954778191, 47.447502729344194 ], [ 35.213218567993366, 47.447636764545798 ], [ 35.21408922941653, 47.447938342500613 ], [ 35.214556413594806, 47.448153754266819 ], [ 35.215412917921661, 47.44879041055227 ], [ 35.215667745655274, 47.449001031987834 ], [ 35.216474700145028, 47.449345683426721 ], [ 35.217232104797702, 47.44971905327025 ], [ 35.21746569688684, 47.44999189878741 ], [ 35.21830096556922, 47.450350903890303 ], [ 35.219277805214723, 47.450690759796366 ], [ 35.220091838252635, 47.451025826849573 ], [ 35.220828007260842, 47.451226866056821 ], [ 35.22170574723215, 47.451576289516943 ], [ 35.222031360447318, 47.451806046143403 ], [ 35.223071907026224, 47.452322994882934 ], [ 35.224112453605123, 47.452878230461693 ], [ 35.224254024568232, 47.453122340800554 ], [ 35.224848622613322, 47.453428673740255 ], [ 35.225237942761893, 47.453557907413987 ], [ 35.225690969843868, 47.453543548132579 ], [ 35.226363431918664, 47.453447819489739 ], [ 35.226816459000631, 47.453596198811873 ], [ 35.227425214142038, 47.453945606529629 ], [ 35.228515310558016, 47.454290225566176 ], [ 35.228862159417659, 47.454577406371463 ], [ 35.229329343595943, 47.454821508822832 ], [ 35.229739899388981, 47.455089541581877 ], [ 35.230164612278323, 47.454998602048903 ], [ 35.231028195153336, 47.455280992716162 ], [ 35.231700657228131, 47.45571175521976 ], [ 35.23231649091769, 47.455998928261742 ], [ 35.232918167510917, 47.456372250871638 ], [ 35.233534001200482, 47.456798218304378 ], [ 35.233965792637981, 47.456994449331489 ], [ 35.235339030980207, 47.457966021432533 ], [ 35.236273399336767, 47.458540341325275 ], [ 35.236761819159526, 47.458918431830277 ], [ 35.237257317530421, 47.459124226785221 ], [ 35.23759000929374, 47.459626745964677 ], [ 35.238984483280426, 47.460114902854173 ], [ 35.239706495192323, 47.460449909861637 ], [ 35.240138286629822, 47.46088063002032 ], [ 35.241561074809141, 47.461407060977734 ], [ 35.242233536883944, 47.461842558967398 ], [ 35.242785663640099, 47.461832987621783 ], [ 35.243210376529433, 47.462000485918487 ], [ 35.243748346189278, 47.462373765916979 ], [ 35.244357101330678, 47.462981536653835 ], [ 35.244838442605271, 47.462895396346838 ], [ 35.245213605657526, 47.462928895371888 ], [ 35.245687868383968, 47.462785327971403 ], [ 35.246013481599128, 47.462909753074463 ], [ 35.246785043348112, 47.463507946574097 ], [ 35.247188520592992, 47.463651512001128 ], [ 35.247754804445442, 47.464034351223091 ], [ 35.248851979409601, 47.464546394324138 ], [ 35.249581069869642, 47.465015364003285 ], [ 35.250048254047933, 47.465063217816933 ], [ 35.250331395974158, 47.465350339783988 ], [ 35.251067564982364, 47.465742737269331 ], [ 35.252030247531543, 47.466249978458492 ], [ 35.252528891923838, 47.466586009758359 ], [ 35.252893830406535, 47.467062404881645 ], [ 35.253963477683406, 47.467470740122195 ], [ 35.254479425193431, 47.467411191430521 ], [ 35.254743690991248, 47.467428205349314 ], [ 35.254919868189788, 47.467623865019569 ], [ 35.255133797645165, 47.467657892713952 ], [ 35.255498736127869, 47.467853551529203 ], [ 35.255549072470295, 47.4679896615798 ], [ 35.256153108579603, 47.468491564345193 ], [ 35.256467710719853, 47.468517084696742 ], [ 35.256807481031338, 47.468389482815056 ], [ 35.257147251342801, 47.468466043981245 ], [ 35.257461853483072, 47.46867871330214 ], [ 35.258078473677969, 47.469121062733237 ], [ 35.258720262044093, 47.469546395213797 ], [ 35.260582706714423, 47.470924448808169 ], [ 35.260960229282716, 47.471409310923946 ], [ 35.26124966325176, 47.471724043587301 ], [ 35.26123707916615, 47.47192819349624 ], [ 35.261513929049578, 47.472047280576895 ], [ 35.261954372045928, 47.472038774365799 ], [ 35.262143133330092, 47.472225910691897 ], [ 35.262294142357412, 47.47226844158218 ], [ 35.262520655898399, 47.472421552502155 ], [ 35.262709417182556, 47.472464083234087 ], [ 35.263011435237196, 47.472642711932373 ], [ 35.26341412597673, 47.472676736377494 ], [ 35.263640639517718, 47.472872376509414 ], [ 35.26385456897308, 47.473119052159397 ], [ 35.264030746171635, 47.473161582326838 ], [ 35.264508941424822, 47.473076521957516 ], [ 35.265138145705336, 47.473238136541518 ], [ 35.26579251815707, 47.473340208654271 ], [ 35.266434306523195, 47.473357220653781 ], [ 35.266925085861999, 47.473238136541518 ], [ 35.267529121971286, 47.473272160601127 ], [ 35.26814574216619, 47.473255148574076 ], [ 35.268850450960372, 47.473093534042398 ], [ 35.269165053100629, 47.473110546121774 ], [ 35.269504823412106, 47.472991461450512 ], [ 35.269769089209923, 47.472838352190962 ], [ 35.27015919586384, 47.472761797393908 ], [ 35.27031020489116, 47.472659724157673 ], [ 35.270423461661657, 47.47240454019974 ], [ 35.27039829349043, 47.471809106145734 ], [ 35.27037312531921, 47.471154120894312 ], [ 35.270549302517757, 47.470728801424613 ], [ 35.270347957147997, 47.470524646856553 ], [ 35.27032278897677, 47.470337504472504 ], [ 35.270410877576047, 47.470107828817689 ], [ 35.270423461661643, 47.469750553581832 ], [ 35.27049896617531, 47.469614448091264 ], [ 35.270712895630695, 47.469333729403758 ], [ 35.270423461661643, 47.469001969021868 ], [ 35.270096275435776, 47.468755274047012 ], [ 35.269869761894803, 47.468500071130421 ], [ 35.269769089209909, 47.468074730182444 ], [ 35.269416734812829, 47.467181502987827 ], [ 35.269416734812829, 47.466798686686218 ], [ 35.2692499956785, 47.466694475099104 ], [ 35.268822136767753, 47.465894803799955 ], [ 35.268809552682129, 47.465197208263376 ], [ 35.268532702798709, 47.46432094709359 ], [ 35.268494950541879, 47.463597807942847 ], [ 35.268243268829679, 47.462798089533976 ], [ 35.267966418946244, 47.462313147977845 ], [ 35.26732463058012, 47.461462362509721 ], [ 35.266997444354253, 47.460756200114702 ], [ 35.26694710801182, 47.460364828919118 ], [ 35.266934523926203, 47.460024503772154 ], [ 35.2667960989845, 47.459420421210815 ], [ 35.26669542629962, 47.458952465160081 ], [ 35.266204646960816, 47.458093116838242 ], [ 35.265952965248616, 47.457557080574134 ], [ 35.265764203964459, 47.456842357054548 ], [ 35.265839708478111, 47.456467974190858 ], [ 35.266141726532766, 47.456170167736666 ], [ 35.266192062875206, 47.455906394897283 ], [ 35.266091390190326, 47.455719200466611 ], [ 35.266116558361553, 47.455532005369541 ], [ 35.266267567388866, 47.455242702545107 ], [ 35.266091390190326, 47.455038487828375 ], [ 35.266280151474483, 47.454868308291942 ], [ 35.266116558361553, 47.45461303795463 ], [ 35.266116558361546, 47.454289693748443 ], [ 35.268369109685793, 47.453889765269444 ], [ 35.268595623226759, 47.452953750556908 ], [ 35.270495820153918, 47.450809363140273 ], [ 35.270885926807843, 47.450485995546352 ], [ 35.27152771517396, 47.450366859615841 ], [ 35.272350140418446, 47.450241386939396 ], [ 35.273591505214036, 47.450051999071761 ], [ 35.273503416614766, 47.450766814886258 ], [ 35.272773539649364, 47.452017719184092 ], [ 35.272660282878881, 47.452681452239531 ], [ 35.272584778365214, 47.452902694729801 ], [ 35.272534442022781, 47.453055862062435 ], [ 35.272723203306931, 47.453226047464362 ], [ 35.272635114707654, 47.45334517691802 ], [ 35.272622530622051, 47.453447287663494 ], [ 35.272823875991818, 47.453779146217009 ], [ 35.272698035135718, 47.453991874957495 ], [ 35.272735787392541, 47.454349257304251 ], [ 35.272408601166674, 47.454476893268058 ], [ 35.272207255796914, 47.454630056015674 ], [ 35.272169503540084, 47.454842781313978 ], [ 35.272232423968134, 47.455157613176191 ], [ 35.272509273851547, 47.455310773941108 ], [ 35.272685451050101, 47.455625603001387 ], [ 35.272836460077421, 47.455642620734736 ], [ 35.272987469104748, 47.455574549768315 ], [ 35.273125894046466, 47.455438407571108 ], [ 35.273390159844276, 47.45535331851886 ], [ 35.273616673385256, 47.455361827430288 ], [ 35.273729930155753, 47.45548946093637 ], [ 35.273704761984533, 47.45574472701913 ], [ 35.273478248443539, 47.456212711619109 ], [ 35.273578921128433, 47.456527535279299 ], [ 35.273402743929886, 47.456799813681556 ], [ 35.273251734902566, 47.456884900393121 ], [ 35.272987469104748, 47.456527535279299 ], [ 35.272710619221314, 47.456578587587117 ], [ 35.272861628248648, 47.456825339709503 ], [ 35.272698035135704, 47.45701253020232 ], [ 35.272773539649364, 47.457267788891301 ], [ 35.272974885019131, 47.457344366256358 ], [ 35.272937132762301, 47.457523046341116 ], [ 35.273251734902551, 47.458016540563669 ], [ 35.273566337042816, 47.458288811255493 ], [ 35.273893523268683, 47.458544063748604 ], [ 35.27410745272406, 47.458680197904918 ], [ 35.274535311634807, 47.459258764136905 ], [ 35.274774409261404, 47.45936937166222 ], [ 35.275038675059214, 47.459811799436622 ], [ 35.275428781713131, 47.460220191000865 ], [ 35.276636853931706, 47.461419822874909 ], [ 35.277945598835174, 47.463019289459972 ], [ 35.280525336385274, 47.4660734548264 ], [ 35.281934753973616, 47.467791876546514 ], [ 35.282563958254137, 47.468829707997642 ], [ 35.282916312651224, 47.469816479552158 ], [ 35.283067321678544, 47.470794726167831 ], [ 35.283016985336104, 47.471772954575229 ], [ 35.28263946276779, 47.473210491976872 ], [ 35.282287108370703, 47.473976028392691 ], [ 35.281607567747749, 47.475158334944751 ], [ 35.280147813816967, 47.477803543191705 ], [ 35.278927157512776, 47.480210481921823 ], [ 35.278549634944468, 47.480661239107206 ], [ 35.277945598835174, 47.482081524192594 ], [ 35.277140217356127, 47.484403224907474 ], [ 35.276360004048286, 47.486656792294831 ], [ 35.275718215682168, 47.488127936956843 ], [ 35.275265188600208, 47.489684074036774 ], [ 35.274371718521877, 47.492201006905837 ], [ 35.273985806563161, 47.493788199848616 ], [ 35.274237488275368, 47.495057919663864 ], [ 35.274791188042208, 47.496304936027272 ], [ 35.275546233178829, 47.497313863956812 ], [ 35.278029492739243, 47.500045807431647 ], [ 35.279388573985152, 47.501564751855057 ], [ 35.281032894504897, 47.503106322155944 ], [ 35.282677215024634, 47.504126454082453 ], [ 35.284187305297863, 47.50493121083629 ], [ 35.286251095337938, 47.506053315855887 ], [ 35.288734354898359, 47.507175396888542 ], [ 35.290898817623315, 47.507934771452248 ], [ 35.294774715991267, 47.509226816355756 ], [ 35.29828148118132, 47.510348829547027 ], [ 35.299741235112116, 47.510779494906508 ], [ 35.3016875736865, 47.511051492260087 ], [ 35.305597029616074, 47.51136882072425 ], [ 35.309305140175894, 47.512014804883307 ], [ 35.312828684146758, 47.512524786760629 ], [ 35.315949537378096, 47.513159423953496 ], [ 35.319280108293491, 47.51428319031691 ], [ 35.321848573760342, 47.515103242544278 ], [ 35.323689823101034, 47.515644786468009 ], [ 35.325051419252134, 47.516356529910631 ], [ 35.327527048617775, 47.518166833884258 ], [ 35.328393518895751, 47.519079722212837 ], [ 35.32862560914878, 47.519899774440205 ], [ 35.329368297958474, 47.521477988160846 ], [ 35.327635357402528, 47.525562776614144 ], [ 35.323179224544383, 47.530390253877137 ], [ 35.315257210574337, 47.534165588659732 ], [ 35.315113741731295, 47.534258661766714 ], [ 35.315600786190558, 47.534452145182044 ], [ 35.316725513051118, 47.534462559319643 ], [ 35.316902553390278, 47.534636128279608 ], [ 35.316965038215855, 47.535274862052255 ], [ 35.316694270638315, 47.535628942730575 ], [ 35.316319361684798, 47.536163535127258 ], [ 35.315909738939283, 47.536496787530389 ], [ 35.316034708590465, 47.536788383383133 ], [ 35.316572772366342, 47.537086921994266 ], [ 35.316829654427089, 47.537270905091823 ], [ 35.317225391655803, 47.537489601981356 ], [ 35.317287876481387, 47.53778814059249 ], [ 35.317260105447801, 47.538183877821218 ], [ 35.317253461338829, 47.538348651723744 ], [ 35.317242748551806, 47.538614328841923 ], [ 35.317357537449816, 47.538783879096961 ], [ 35.317498285278027, 47.538924626925173 ], [ 35.317572529575735, 47.539100321929816 ], [ 35.31749615923335, 47.539253062614584 ], [ 35.317499630612545, 47.539384975024156 ], [ 35.317822468878077, 47.539683513635289 ], [ 35.31823556300278, 47.539870968112048 ], [ 35.318832640225047, 47.5400861936224 ], [ 35.319388060896927, 47.540363903958344 ], [ 35.31973152442049, 47.540577500676967 ], [ 35.320085808115977, 47.540797826358236 ], [ 35.320273262592735, 47.540967923939 ], [ 35.320378522973712, 47.541133158257978 ], [ 35.320571801203876, 47.541436560130897 ], [ 35.320911881750135, 47.541937731462227 ], [ 35.320967538432591, 47.542019751836371 ], [ 35.320977952570182, 47.542311347689107 ], [ 35.320818269127017, 47.54252657319946 ], [ 35.320628443362949, 47.542634428747228 ], [ 35.320775086713191, 47.542966820341114 ], [ 35.321109864979761, 47.543217377660113 ], [ 35.321235524734384, 47.543367623018909 ], [ 35.321269548422926, 47.543408303516074 ], [ 35.32168611392683, 47.543307633519291 ], [ 35.321765603946787, 47.543214179036369 ], [ 35.321942995987577, 47.543005623528956 ], [ 35.32206449425955, 47.542832054568997 ], [ 35.322290133907501, 47.543005623528956 ], [ 35.322640743206627, 47.543446488687266 ], [ 35.322894153888171, 47.543613114888828 ], [ 35.322665042861018, 47.543762384194395 ], [ 35.322199878048323, 47.543519387650448 ], [ 35.321953410125175, 47.543519387650448 ], [ 35.321418817728492, 47.543738084539996 ], [ 35.32108609909038, 47.543854865239616 ], [ 35.321172349805337, 47.544102579355915 ], [ 35.321481302554069, 47.544151178664706 ], [ 35.321484773933271, 47.544296976591077 ], [ 35.321290376698109, 47.544432360379844 ], [ 35.321269073059888, 47.544535835194068 ], [ 35.321384784841726, 47.544730065685002 ], [ 35.321743232203055, 47.54494420306969 ], [ 35.321988123917158, 47.544942653122135 ], [ 35.322432460454664, 47.545251605870845 ], [ 35.322571315622632, 47.545550144481986 ], [ 35.322737941824194, 47.546174992737846 ], [ 35.323050365952128, 47.5464179892818 ], [ 35.323578015590414, 47.546626272033748 ], [ 35.324563887282999, 47.546869268577701 ], [ 35.325278991398037, 47.546862325819305 ], [ 35.327209078232819, 47.547570487175946 ], [ 35.328486545778141, 47.548389732666969 ], [ 35.329500188504319, 47.549320062292367 ], [ 35.330884403857439, 47.550411519614904 ], [ 35.330881034127017, 47.550423972966463 ], [ 35.330459910183954, 47.553363002781076 ], [ 35.329655144538179, 47.558124951081254 ], [ 35.329094682749158, 47.560869421224453 ], [ 35.328706670741383, 47.562517973747362 ], [ 35.328633567213139, 47.562725154727879 ], [ 35.327867367345803, 47.56444461280406 ], [ 35.327023102656248, 47.565738465600639 ], [ 35.325184935302829, 47.568402955452783 ], [ 35.324835576428164, 47.568667102369986 ], [ 35.324763025214182, 47.569014510212192 ], [ 35.32415522257228, 47.569895501949986 ], [ 35.323187395256163, 47.571162662905607 ], [ 35.322018336517893, 47.572041899428683 ], [ 35.320142215305239, 47.572970980257821 ], [ 35.308063329697909, 47.577889804503734 ], [ 35.301385413188349, 47.580633954307253 ], [ 35.299998093470897, 47.581435823793747 ], [ 35.298796102723323, 47.582228751698445 ], [ 35.297392897665574, 47.583557414777466 ], [ 35.296275270366785, 47.585045401133527 ], [ 35.295004801510714, 47.586786068380746 ], [ 35.294422109843609, 47.587733322407374 ], [ 35.292001821752109, 47.591242792496246 ], [ 35.288629289375955, 47.596109696155835 ], [ 35.295273762845817, 47.596954194226029 ], [ 35.29721589979836, 47.596997108243933 ], [ 35.298310651159362, 47.596698539690934 ], [ 35.300986710041812, 47.59073269767822 ], [ 35.302971638014533, 47.590362251510598 ], [ 35.3041126, 47.5892719 ], [ 35.307593921538768, 47.581537892055259 ], [ 35.3222993, 47.5799417 ], [ 35.327261653163028, 47.579019980841821 ], [ 35.329674, 47.5785719 ], [ 35.3327835, 47.580389 ], [ 35.331196489946066, 47.58493832836966 ], [ 35.33324452563334, 47.586117034481269 ], [ 35.335418686916071, 47.587751408829682 ], [ 35.338302722919899, 47.588950959127601 ], [ 35.340794917934971, 47.58945142616335 ], [ 35.342115571706515, 47.589433564750749 ], [ 35.3482804, 47.5899744 ], [ 35.3510423, 47.5889502 ], [ 35.3534724, 47.58514 ], [ 35.3552158, 47.5799691 ], [ 35.36113801927614, 47.578553709406101 ], [ 35.362494560538209, 47.580136746824294 ], [ 35.3658037, 47.581767 ], [ 35.366390700186329, 47.585881865993358 ], [ 35.370084732573972, 47.586177320342649 ], [ 35.375179682917775, 47.585996791265238 ], [ 35.376530043698203, 47.575714724852027 ], [ 35.37706883736292, 47.56858220224467 ], [ 35.391649975531671, 47.566456956056498 ], [ 35.402343693344839, 47.566861242694308 ], [ 35.402801401111169, 47.56068991667658 ], [ 35.403023858038608, 47.558208184699446 ], [ 35.400357085194372, 47.557861301193554 ], [ 35.399144081767908, 47.55698423349012 ], [ 35.397757, 47.546647 ], [ 35.397281255077282, 47.540173856276013 ], [ 35.399222060559623, 47.53910931970956 ], [ 35.402618470153691, 47.537541721021782 ], [ 35.403138328765031, 47.537424734165754 ], [ 35.404784547700942, 47.537459830249965 ], [ 35.406188165951562, 47.536640915497436 ], [ 35.407765070405951, 47.53610276455327 ], [ 35.40887410211014, 47.535529510733149 ], [ 35.409636561406771, 47.535424218533919 ], [ 35.409861833471673, 47.536559023318759 ], [ 35.412842356176697, 47.536442034270173 ], [ 35.414505903732973, 47.536137861522334 ], [ 35.418959359170117, 47.535412519387627 ], [ 35.419999076392791, 47.535693298178401 ], [ 35.423932673218587, 47.536032570544656 ], [ 35.430569534823341, 47.53807985719758 ], [ 35.434139230621192, 47.538746670448944 ], [ 35.440256233614619, 47.539904799624551 ], [ 35.441763823587493, 47.539822912543507 ], [ 35.449423073794556, 47.542361352583427 ], [ 35.449847785270336, 47.542248589814548 ], [ 35.450012246887404, 47.540583287661576 ], [ 35.450289504813455, 47.539881403328742 ], [ 35.450428133776477, 47.537705502181716 ], [ 35.4511212785916, 47.533224733147577 ], [ 35.456562465390277, 47.533599120153937 ], [ 35.457030338140477, 47.533798012163906 ], [ 35.465452047644163, 47.534230892166271 ], [ 35.470286732729619, 47.534570173994481 ], [ 35.474982788852046, 47.534839258021464 ], [ 35.480683904956393, 47.535260430248215 ], [ 35.497210214408298, 47.536097469437429 ], [ 35.520643703547961, 47.537284349594003 ], [ 35.531422105423069, 47.530779452275397 ], [ 35.549235927171601, 47.532569549454919 ], [ 35.565750102391796, 47.534464879868949 ], [ 35.578365338026948, 47.532709946649611 ], [ 35.579370398008869, 47.524917333883408 ], [ 35.592800078801773, 47.516854388392055 ], [ 35.596778950293441, 47.513161963473195 ], [ 35.603041293445145, 47.507350458388849 ], [ 35.610665886411446, 47.506179904625412 ], [ 35.618983624192865, 47.507022705966399 ], [ 35.622812325845459, 47.507165215247618 ], [ 35.627474648178065, 47.507338752980438 ], [ 35.634562053912646, 47.510042632979612 ], [ 35.639240781414692, 47.508860434186552 ], [ 35.639206124173953, 47.506589601411982 ], [ 35.633420142781688, 47.504721720847037 ], [ 35.630975029494422, 47.503932368224078 ], [ 35.631027015355549, 47.500490641613965 ], [ 35.639881940368689, 47.500525762412721 ], [ 35.650250311813451, 47.500844917161871 ], [ 35.661402755121372, 47.501528703385738 ], [ 35.670830787027057, 47.50236443000923 ], [ 35.681889512323984, 47.507416493996537 ], [ 35.696678214458352, 47.507922939761308 ], [ 35.701570294632077, 47.50665681618699 ], [ 35.710829634117985, 47.505605910425629 ], [ 35.714315944126845, 47.501275450267173 ], [ 35.721644692586338, 47.493803933664033 ], [ 35.732131738016221, 47.490675711844801 ], [ 35.738729485989985, 47.490302085851198 ], [ 35.743640309765908, 47.490042445883532 ], [ 35.743921463798877, 47.48980180281616 ], [ 35.744905502914271, 47.489782804632299 ], [ 35.74581456762089, 47.489630818914044 ], [ 35.752993367262803, 47.483424359767938 ], [ 35.764014605355328, 47.486198357654601 ], [ 35.784117118712878, 47.484634043524892 ], [ 35.799393154504394, 47.473093412580603 ], [ 35.810867470705546, 47.470812238893565 ], [ 35.818145168462671, 47.469648518429956 ], [ 35.823577967156815, 47.470027364836497 ], [ 35.841957237763815, 47.471031566500052 ], [ 35.851192459236003, 47.470346391271285 ], [ 35.85845406775713, 47.469715587131489 ], [ 35.860127348302605, 47.469385680801793 ], [ 35.870161668496856, 47.468493835742706 ], [ 35.875707091843104, 47.468167547183945 ], [ 35.886147254911016, 47.467254925383713 ], [ 35.917651237617108, 47.47243701380318 ], [ 35.924745884809042, 47.494115911621336 ], [ 35.932181169035019, 47.493354007605909 ], [ 35.932087200198033, 47.493584167275849 ], [ 35.932591, 47.493496 ], [ 35.941260907908145, 47.512287220148139 ], [ 35.951010174744731, 47.514500674620578 ], [ 35.968109700373532, 47.517350217485053 ], [ 35.970669919603573, 47.516798170213576 ], [ 35.970909940156396, 47.51751023118694 ], [ 35.990472304193226, 47.517330707557967 ], [ 35.992224497836844, 47.523321846197028 ], [ 35.994587967691722, 47.525918951220589 ], [ 35.997808243441995, 47.525742936148525 ], [ 35.9987761, 47.5257009 ], [ 36.020703729907197, 47.515783130565566 ], [ 36.030393774720565, 47.523055449535491 ], [ 36.030345856294076, 47.524220360631922 ], [ 36.030936850220776, 47.525600962507859 ], [ 36.031975082794709, 47.526420677679383 ], [ 36.035664801634383, 47.526248107128865 ], [ 36.03786904925289, 47.52652853398515 ], [ 36.039067009915115, 47.526280464150339 ], [ 36.049784764639881, 47.525751963633553 ], [ 36.055487057392099, 47.526226535770135 ], [ 36.066963520536277, 47.526264285642092 ], [ 36.07613268603756, 47.53292292500997 ], [ 36.076690961113584, 47.534536245121231 ], [ 36.079981359732514, 47.542278565954064 ], [ 36.082920356557189, 47.549297425734338 ], [ 36.083511350483896, 47.549631633709751 ], [ 36.083846779469326, 47.5516583977153 ], [ 36.083766915425166, 47.551949469087987 ], [ 36.083399540822093, 47.552251319174324 ], [ 36.083000220601342, 47.555765588648313 ], [ 36.087248987750058, 47.556002739449042 ], [ 36.086630388705991, 47.562975628597627 ], [ 36.104464724410953, 47.564036214778696 ], [ 36.129429678651391, 47.565795676175682 ], [ 36.151014465006291, 47.570715337886291 ], [ 36.150315982519643, 47.575577458170706 ], [ 36.1506945305198, 47.575461378850257 ], [ 36.15482259297427, 47.574907173394614 ], [ 36.157471946489821, 47.574727055358586 ], [ 36.161415170326912, 47.574214408326576 ], [ 36.167555919948228, 47.573563200805985 ], [ 36.174086884428426, 47.573036686677234 ], [ 36.175545055743193, 47.573105965154518 ], [ 36.177249678547774, 47.573466211758983 ], [ 36.180124945928995, 47.573757178361092 ], [ 36.181767955861112, 47.573854166869189 ], [ 36.183965481645323, 47.57370175627581 ], [ 36.187539028247699, 47.573258377481935 ], [ 36.19776676507518, 47.572066778372047 ], [ 36.19932028810684, 47.576117686210075 ], [ 36.199831500033703, 47.583068642409422 ], [ 36.198229193994322, 47.593727792585589 ], [ 36.206044710301995, 47.602075194212432 ], [ 36.20575122022484, 47.606701114642654 ], [ 36.198393056527735, 47.61391581386922 ], [ 36.22024761211361, 47.619800827752371 ], [ 36.223043161089102, 47.626072129496563 ], [ 36.217410380066831, 47.634949604231267 ], [ 36.218917062597953, 47.636453874711101 ], [ 36.2299545488465, 47.637362004656154 ], [ 36.239519909502732, 47.638908117788787 ], [ 36.239229631216922, 47.646395873731628 ], [ 36.238372619135006, 47.649580638585512 ], [ 36.229042245662519, 47.655809924158078 ], [ 36.226429741090229, 47.655325761180706 ], [ 36.221696758401535, 47.658158004726154 ], [ 36.220707112027092, 47.659804097428385 ], [ 36.233410242725185, 47.663062520621132 ], [ 36.239022289584192, 47.663909677338559 ], [ 36.2393974, 47.6658125 ], [ 36.2457947, 47.6653951 ], [ 36.2405878, 47.6733101 ], [ 36.230255534054962, 47.673543944109127 ], [ 36.223901397944445, 47.676731390891106 ], [ 36.216150889402698, 47.683755755896463 ], [ 36.216606055422574, 47.684578846469464 ], [ 36.220426479759013, 47.685410313482265 ], [ 36.222173867189397, 47.686201665274403 ], [ 36.222920478182395, 47.687570461652037 ], [ 36.224048337342005, 47.687869881071371 ], [ 36.226983518166641, 47.688930359427239 ], [ 36.226764511622406, 47.690405869651009 ], [ 36.226105172734528, 47.691276694597263 ], [ 36.224201798209144, 47.692110198474396 ], [ 36.223480257539386, 47.692645133798521 ], [ 36.222970202928011, 47.69336667446828 ], [ 36.220979745907997, 47.694685352244036 ], [ 36.214532747775493, 47.700592388285564 ], [ 36.216030392438917, 47.703109497169976 ], [ 36.2198122, 47.7063386 ], [ 36.222288081159618, 47.708680980066624 ], [ 36.222376339236824, 47.712703936212655 ], [ 36.222381523600006, 47.712730881321718 ], [ 36.223360153382039, 47.713039158026284 ], [ 36.243561472419088, 47.744305786846262 ], [ 36.246241068232216, 47.745688597714 ], [ 36.257175027834101, 47.748533455154643 ], [ 36.250005824110445, 47.786703426582719 ], [ 36.250338986953196, 47.786656906925003 ], [ 36.265192772465035, 47.786059769819005 ], [ 36.272410445783017, 47.784498995972328 ], [ 36.275521031412453, 47.785738607586175 ], [ 36.281831811665349, 47.78686697297092 ], [ 36.29425117071618, 47.787179356577241 ], [ 36.303637129436261, 47.800102348888778 ], [ 36.32444661667266, 47.8095523833043 ], [ 36.330154603663992, 47.810915957974458 ], [ 36.335167756575402, 47.817231349522565 ], [ 36.356633375051771, 47.822615382314275 ], [ 36.378362778161012, 47.82314903709085 ], [ 36.405151317108661, 47.820271876832358 ], [ 36.421655711073313, 47.818007161124072 ], [ 36.440150084730561, 47.825597854589418 ], [ 36.448310020601795, 47.824165096465187 ], [ 36.460262195712538, 47.820888773825203 ], [ 36.467887065672372, 47.832558043239409 ], [ 36.477994402043286, 47.836196007175644 ], [ 36.488625012226834, 47.837580260430791 ], [ 36.496375608854301, 47.849250412796998 ], [ 36.494628844731857, 47.855794362848428 ], [ 36.494509066620616, 47.860723548539106 ], [ 36.497902779772765, 47.871330423819622 ], [ 36.510177594092134, 47.872239736996853 ], [ 36.520688392070724, 47.876367583476679 ], [ 36.530679736880359, 47.877131866791871 ], [ 36.530679736880359, 47.877131866791878 ], [ 36.533240158550846, 47.877300199012424 ], [ 36.54315744342275, 47.883716487834718 ], [ 36.543220054761861, 47.884947921004418 ], [ 36.537970926847898, 47.894750989764994 ], [ 36.53797092684789, 47.894750989764994 ], [ 36.536905007660856, 47.896425750415823 ], [ 36.536178719291726, 47.905169942167589 ], [ 36.542180754899285, 47.904516450033036 ], [ 36.547833520852599, 47.906666134300799 ], [ 36.549940072166216, 47.915069877512337 ], [ 36.560016974282576, 47.918414599780625 ], [ 36.560016974282533, 47.918414599780633 ], [ 36.560016974282583, 47.918414599780633 ], [ 36.543543114501801, 47.927937311443642 ], [ 36.542942347895227, 47.929994761217557 ], [ 36.534882199445271, 47.934403560789029 ], [ 36.534794494552706, 47.934451534259388 ], [ 36.542273115129596, 47.937490175408954 ], [ 36.543119751421315, 47.937679240512438 ], [ 36.5435430695672, 47.937713002065308 ], [ 36.544762628987421, 47.937442909025044 ], [ 36.554488867338755, 47.942830998471074 ], [ 36.558989300244079, 47.947086479988272 ], [ 36.5744978372419, 47.94622227636372 ], [ 36.576941681475574, 47.942555397166622 ], [ 36.588544192068213, 47.941723612133025 ], [ 36.588701705419005, 47.9417545158312 ], [ 36.5914945, 47.9440551 ], [ 36.591964980751612, 47.950441807906621 ], [ 36.60147675716459, 47.951361209181506 ], [ 36.594509518885715, 47.954659533547165 ], [ 36.590224458476129, 47.952956149728152 ], [ 36.577519252791895, 47.951352629702782 ], [ 36.562168571799639, 47.952631138487817 ], [ 36.544625221774155, 47.953612181087941 ], [ 36.537552785814839, 47.948175522995278 ], [ 36.533274580013178, 47.949273973303995 ], [ 36.531373155212442, 47.950245047612157 ], [ 36.5293991, 47.9523144 ], [ 36.5339135, 47.957856 ], [ 36.53667337684449, 47.960066199801183 ], [ 36.539691888715659, 47.96125989170266 ], [ 36.542499629473916, 47.962883995465411 ], [ 36.544500186932957, 47.965605907777487 ], [ 36.547308661827394, 47.970780426589819 ], [ 36.547616439898015, 47.970761190460408 ], [ 36.54840031217163, 47.968289347830705 ], [ 36.551595924485341, 47.961836645622085 ], [ 36.551786633892753, 47.961451557916313 ], [ 36.552252347086771, 47.961527848341746 ], [ 36.552598597416221, 47.961498994147625 ], [ 36.55495135131877, 47.961031531955584 ], [ 36.577898431720769, 47.957985961626839 ], [ 36.585662576125635, 47.956892599528175 ], [ 36.593706205973632, 47.955006800470443 ], [ 36.593706205973682, 47.955006800470436 ], [ 36.593706205973689, 47.955006800470429 ], [ 36.60498027133815, 47.952960778564645 ], [ 36.62800360577873, 47.950849121509151 ], [ 36.630514546415348, 47.958062545914821 ], [ 36.634102696844018, 47.958390997785457 ], [ 36.640222886061125, 47.958984657869664 ], [ 36.638735489145226, 47.972287183443314 ], [ 36.629667748407513, 47.980226684845938 ], [ 36.636548135487985, 47.982792701132816 ], [ 36.664550842707548, 47.986731562049876 ], [ 36.6658281291542, 47.993493475874516 ], [ 36.657682570657784, 48.000144663322637 ], [ 36.639810610882371, 47.998109114693854 ], [ 36.639705708540035, 47.998481437914307 ], [ 36.639705708540028, 47.998481437914307 ], [ 36.649721800999096, 48.01401371723076 ], [ 36.659995755220741, 48.026178769412908 ], [ 36.650962543629682, 48.060947693149473 ], [ 36.648420534337724, 48.064699350843092 ], [ 36.648859333560743, 48.067833949471115 ], [ 36.652959, 48.067573 ], [ 36.655575399723716, 48.072216910247782 ], [ 36.65680925765578, 48.074406914108074 ], [ 36.659300707571347, 48.074973135324164 ], [ 36.699460507400978, 48.082310798637565 ], [ 36.700703764311783, 48.082543145194443 ], [ 36.701804247898174, 48.082243013307242 ], [ 36.702838484402051, 48.082095265235267 ], [ 36.703398371832719, 48.082173027378417 ], [ 36.704852523909601, 48.082320775450398 ], [ 36.706003403628202, 48.082071936592321 ], [ 36.706679934273595, 48.081745335591094 ], [ 36.706827682345569, 48.081418734589874 ], [ 36.70688989206009, 48.081029923874127 ], [ 36.707636408634315, 48.080516693729344 ], [ 36.708235177136558, 48.080182316513806 ], [ 36.70930829471201, 48.079902372798472 ], [ 36.710466950644928, 48.079707967440598 ], [ 36.711516739577448, 48.079700191226287 ], [ 36.712411004223654, 48.079777953369437 ], [ 36.713118639726311, 48.079770177155119 ], [ 36.713538555299309, 48.079824610655329 ], [ 36.714199533516073, 48.079785729583755 ], [ 36.714323952945115, 48.080073449513399 ], [ 36.714292848087858, 48.080524469943654 ], [ 36.714238414587655, 48.081138790874526 ], [ 36.714339505373744, 48.081838650162865 ], [ 36.714487253445725, 48.081986398234847 ], [ 36.714961602518933, 48.082328551664702 ], [ 36.715086021947975, 48.082476299736683 ], [ 36.715187112734064, 48.082662928880239 ], [ 36.715249322448585, 48.08288843909537 ], [ 36.715241546234267, 48.083067292024609 ], [ 36.715156007876807, 48.083277249811111 ], [ 36.714782749589695, 48.083751598884319 ], [ 36.71474386851812, 48.084093752314175 ], [ 36.714891616590101, 48.084404800886766 ], [ 36.715319308377417, 48.084723625673675 ], [ 36.715824762307889, 48.084902478602913 ], [ 36.716905656097651, 48.084832492674082 ], [ 36.717255585741825, 48.084918031031542 ], [ 36.718445346531993, 48.084669192173465 ], [ 36.719730523987906, 48.083733344986584 ], [ 36.72121580330375, 48.082974573970397 ], [ 36.72130317267527, 48.082634980519352 ], [ 36.721207860633612, 48.081992930524812 ], [ 36.721469968748174, 48.081525980040837 ], [ 36.721803560893967, 48.081244746454189 ], [ 36.722192751730738, 48.080671661934069 ], [ 36.722581942567508, 48.080321440473348 ], [ 36.723328553560492, 48.08009857102968 ], [ 36.725431496988584, 48.082653755672794 ], [ 36.7266840357915, 48.083289707851655 ], [ 36.727387258001073, 48.083170900411567 ], [ 36.728109217774943, 48.082880790900369 ], [ 36.7268073, 48.080638 ], [ 36.727316231768341, 48.078737143095253 ], [ 36.731207682337505, 48.075916936757814 ], [ 36.744291, 48.0771528 ], [ 36.773033547636025, 48.073668719404019 ], [ 36.80027796455262, 48.062144431365525 ], [ 36.816478988229981, 48.064952849402054 ], [ 36.839303142947138, 48.077779575235709 ], [ 36.848281962420096, 48.079652987290508 ], [ 36.868445848292808, 48.083489907375522 ], [ 36.901340511789719, 48.082282281549269 ], [ 36.911905582148677, 48.093521645671615 ], [ 36.912949770351759, 48.093652041391316 ], [ 36.912526157133151, 48.09601987511811 ], [ 36.912055097305817, 48.100633965270696 ], [ 36.912075, 48.100645 ], [ 36.914122, 48.102286 ], [ 36.906320802234653, 48.103487386957958 ], [ 36.905485248303059, 48.103903491026934 ], [ 36.904463780260478, 48.106404892331611 ], [ 36.903331779859393, 48.113539324486787 ], [ 36.915669465223147, 48.114872263825958 ], [ 36.912641334551786, 48.128449318905844 ], [ 36.90681227374894, 48.132731345519495 ], [ 36.904532, 48.134801 ], [ 36.905459070455017, 48.136832828638362 ], [ 36.906123383785406, 48.143923270465955 ], [ 36.90612821581616, 48.143974844371527 ], [ 36.907008, 48.164655 ], [ 36.907028725548209, 48.164660596450368 ], [ 36.916537299880552, 48.167228164928261 ], [ 36.923812781165623, 48.174304466467888 ], [ 36.936282734926266, 48.186166053173089 ], [ 36.93243447098893, 48.192839484586791 ], [ 36.930140503682793, 48.198775508654229 ], [ 36.928715441973971, 48.20988910118794 ], [ 36.930881677405324, 48.220173801507592 ], [ 36.94135129450185, 48.221039869713032 ], [ 36.950648682424237, 48.220578986461994 ], [ 36.954176676347878, 48.235631500981917 ], [ 36.960775358140069, 48.235207489300493 ], [ 36.966755689563513, 48.236470690768023 ], [ 36.967856079548497, 48.238592224381485 ], [ 36.971397674145578, 48.23956049610625 ], [ 36.973258776028402, 48.245786548987887 ], [ 36.981565239766198, 48.249662288250924 ], [ 36.980942163312513, 48.257582093437179 ], [ 36.983492385884254, 48.258640921831784 ], [ 36.9874519, 48.2591455 ], [ 36.988616069148996, 48.262870094762583 ], [ 36.99449249802543, 48.263357896568905 ], [ 37.000397732925776, 48.262298389914683 ], [ 37.0030738, 48.2609053 ], [ 37.00613103955272, 48.261067447210849 ], [ 37.008301215308521, 48.260915608365387 ], [ 37.0117887309151, 48.259731250622835 ], [ 37.012571371442228, 48.258607589521418 ], [ 37.014158185316482, 48.253259553392148 ], [ 37.01983066094391, 48.242966294126965 ], [ 37.020737103190648, 48.24326517241969 ], [ 37.020833821310859, 48.243297062975046 ], [ 37.036511443452149, 48.245390788373385 ], [ 37.045996122203576, 48.252112738264692 ], [ 37.050666020285895, 48.254739205679947 ], [ 37.051110614519452, 48.254859463546531 ], [ 37.050998801623422, 48.256148829631883 ], [ 37.05056692680283, 48.261128977419439 ], [ 37.05105504024025, 48.261500958812341 ], [ 37.05229146683601, 48.261898130283861 ], [ 37.057807315162137, 48.26939008181801 ], [ 37.055612131134033, 48.280116595272979 ], [ 37.060071967039228, 48.280588140306428 ], [ 37.072201053472995, 48.26551503757338 ], [ 37.074546817024384, 48.264927199339049 ], [ 37.07682203295024, 48.264156616577054 ], [ 37.0778199346721, 48.263479025583919 ], [ 37.08619303165446, 48.268264660416534 ], [ 37.08705103559334, 48.268643029332814 ], [ 37.097583033943202, 48.274468129254629 ], [ 37.098559013423689, 48.274817899659737 ], [ 37.109048111576577, 48.280906376336738 ], [ 37.109316237807484, 48.281006298389435 ], [ 37.11788398088261, 48.285014566567902 ], [ 37.118549246478551, 48.285158696288349 ], [ 37.120337680494067, 48.2858441225763 ], [ 37.12378845871536, 48.286568023440651 ], [ 37.125196831252012, 48.29107380724637 ], [ 37.118752174057541, 48.295632584016822 ], [ 37.107106187064893, 48.302567830217058 ], [ 37.105862361520202, 48.303673452923448 ], [ 37.096883990822988, 48.307467316437979 ], [ 37.092011387992734, 48.309512446704261 ], [ 37.089880248968505, 48.310277405445966 ], [ 37.086078026328451, 48.312941172276844 ], [ 37.077180105698709, 48.320089357734112 ], [ 37.079917015250643, 48.322423998806777 ], [ 37.074609069452954, 48.327221626518735 ], [ 37.070947643338698, 48.331671696608886 ], [ 37.074222031738543, 48.332717204800609 ], [ 37.084318990943373, 48.329478611982047 ], [ 37.101004829117528, 48.322702517542403 ], [ 37.113251175303297, 48.316439840815875 ], [ 37.122928873231395, 48.309859549302075 ], [ 37.131061277004108, 48.318727196421349 ], [ 37.12994578363508, 48.324477368781061 ], [ 37.128428504006543, 48.332156028411731 ], [ 37.128927451758315, 48.332169112742228 ], [ 37.13050438327933, 48.324402432657379 ], [ 37.136697973585633, 48.323571562723998 ], [ 37.146421191026668, 48.314995744306273 ], [ 37.171010283512196, 48.315149519634787 ], [ 37.175053369915531, 48.314885291625892 ], [ 37.175174752671076, 48.314719769686604 ], [ 37.170970495412845, 48.31169623559537 ], [ 37.176533996719819, 48.306628842685207 ], [ 37.177097810090352, 48.306683935373542 ], [ 37.186009368115606, 48.304920788409419 ], [ 37.199115669929164, 48.299600071849561 ], [ 37.205324996406041, 48.298602525733862 ], [ 37.205973409639185, 48.30107296605528 ], [ 37.206438684077767, 48.302321387024818 ], [ 37.206275399497493, 48.303675717185889 ], [ 37.206808737968565, 48.304856833522528 ], [ 37.205675518711985, 48.310416896686277 ], [ 37.204565973315241, 48.315213363471713 ], [ 37.203036965634368, 48.322074316799565 ], [ 37.205391366842072, 48.322128300970128 ], [ 37.206850299872869, 48.317064474534376 ], [ 37.208273478665305, 48.308558482089566 ], [ 37.2110561, 48.3052385 ], [ 37.211191052834259, 48.304889829825335 ], [ 37.218489121751865, 48.306692373070227 ], [ 37.224854340780659, 48.307195333963691 ], [ 37.230290158230297, 48.307902721441444 ], [ 37.2404822, 48.3099777 ], [ 37.239931831532616, 48.312771154645304 ], [ 37.239123353295341, 48.313682842870307 ], [ 37.237946759435133, 48.314542926101453 ], [ 37.237678413467016, 48.315065856705985 ], [ 37.247717304940863, 48.317109414463175 ], [ 37.250067, 48.3212615 ], [ 37.247546071119672, 48.327529771429205 ], [ 37.242305659770821, 48.334433439126371 ], [ 37.2165276, 48.3448761 ], [ 37.2155901, 48.3498063 ], [ 37.214150113302907, 48.350541811106886 ], [ 37.226758408617179, 48.363263330987756 ], [ 37.233846822522551, 48.365643193838977 ], [ 37.254682860684589, 48.378966549557639 ], [ 37.260153, 48.3848532 ], [ 37.260216817097287, 48.387845427139588 ], [ 37.260448258545843, 48.39869567301168 ], [ 37.270782710098082, 48.406123176196573 ], [ 37.270579646541755, 48.407238774060659 ], [ 37.26230836459623, 48.409260269921099 ], [ 37.2565519, 48.4133443 ], [ 37.252089500000018, 48.4137828 ], [ 37.2513579, 48.417267099999989 ], [ 37.254148, 48.421173 ], [ 37.2567247, 48.4217504 ], [ 37.256892909583712, 48.423457737808022 ], [ 37.2586363, 48.4356988 ], [ 37.270505048198395, 48.446937540533575 ], [ 37.2745692, 48.4520455 ], [ 37.287478678652597, 48.459980585846274 ], [ 37.293527296339548, 48.462211540054028 ], [ 37.303399292291189, 48.464754073895399 ], [ 37.312366179497147, 48.464724639028226 ], [ 37.320801992133362, 48.462735639240144 ], [ 37.32681260630693, 48.458987883824811 ], [ 37.340297350942528, 48.45965965619353 ], [ 37.344816306385908, 48.461655156793313 ], [ 37.3514275, 48.4639111 ], [ 37.3600317, 48.471961899999989 ], [ 37.365910696263548, 48.471982786661947 ], [ 37.376950760624176, 48.480591195677448 ], [ 37.3784165260385, 48.487129564695408 ], [ 37.384332090864355, 48.49154568076694 ], [ 37.389713611643415, 48.490832376100713 ], [ 37.39558789748007, 48.485473493144703 ], [ 37.399845500650031, 48.485054268435213 ], [ 37.411069980538926, 48.484074788076349 ], [ 37.418900740808581, 48.483093072596013 ], [ 37.436447972226681, 48.481450572593459 ], [ 37.443320868377285, 48.480318143148274 ], [ 37.450316224446077, 48.475989525028361 ], [ 37.455359837523297, 48.4721826599854 ], [ 37.457910630343967, 48.47160293434434 ], [ 37.459901021711602, 48.469535246224559 ], [ 37.461176418121937, 48.467003777591927 ], [ 37.463398699746001, 48.466192161694444 ], [ 37.470239462310516, 48.465573787677293 ], [ 37.471476210344775, 48.461438411437761 ], [ 37.473517578194517, 48.460435634248412 ], [ 37.473470006372949, 48.459689131842239 ], [ 37.494757638624314, 48.441286909056032 ], [ 37.517983280214921, 48.439247508391198 ], [ 37.524939949800149, 48.445573987688384 ], [ 37.528632618602863, 48.444394603210519 ], [ 37.530412611524902, 48.444069624488762 ], [ 37.533564342111646, 48.444264611971342 ], [ 37.54003110538806, 48.443907134348123 ], [ 37.555495814536442, 48.442428450179186 ], [ 37.563693580104029, 48.443100092280432 ], [ 37.574034685772695, 48.442645109891892 ], [ 37.586908230758588, 48.443110086661889 ], [ 37.587557853660073, 48.443285052872341 ], [ 37.598458259239848, 48.442918948195974 ], [ 37.599628310703039, 48.442796305574198 ], [ 37.609807407647764, 48.443385738233879 ], [ 37.610836034470161, 48.442309544853217 ], [ 37.612330308984276, 48.441954212880923 ], [ 37.615880207939256, 48.43479512292042 ], [ 37.620842, 48.423717 ], [ 37.621205055983545, 48.423613773401556 ], [ 37.624489175086055, 48.423936849321422 ], [ 37.626890377746427, 48.424018986939721 ], [ 37.632534441731615, 48.422847144356844 ], [ 37.633499873729086, 48.422682865200052 ], [ 37.634919141280925, 48.423383785902246 ], [ 37.637724670162449, 48.423438544925055 ], [ 37.650349550129334, 48.424654180038942 ], [ 37.64239963362963, 48.440648129431466 ], [ 37.639228432383085, 48.450985208705724 ], [ 37.639113941381659, 48.452428321106943 ], [ 37.639319769040625, 48.454843204295315 ], [ 37.670141874519999, 48.465859438568422 ], [ 37.681026434257035, 48.471943790222447 ], [ 37.687821515892772, 48.476858639616786 ], [ 37.689264252017402, 48.477046756400227 ], [ 37.693175805894718, 48.476067384033371 ], [ 37.69493867615504, 48.476435390619713 ], [ 37.695461008084031, 48.475598472415307 ], [ 37.695555977525672, 48.471301105181347 ], [ 37.694167049441766, 48.469775658525108 ], [ 37.693590801921516, 48.469332946165366 ], [ 37.692476862265899, 48.469178875197862 ], [ 37.6885015, 48.4695518 ], [ 37.681577662835117, 48.467615103727937 ], [ 37.678306425028389, 48.457425257275816 ], [ 37.686159441223779, 48.448205182137734 ], [ 37.698781459351551, 48.447007329591365 ], [ 37.714391416159934, 48.445929128139689 ], [ 37.744730210377945, 48.440766362425038 ], [ 37.744917561380269, 48.440734480824055 ], [ 37.751821904097682, 48.439559565842018 ], [ 37.755375348965018, 48.438954874594302 ], [ 37.765858617030602, 48.434559902092865 ], [ 37.770673732924898, 48.432544149756076 ], [ 37.776773723994587, 48.433816412414082 ], [ 37.777572033351241, 48.43374861749988 ], [ 37.7787314, 48.4332167 ], [ 37.783860723422123, 48.433221715321309 ], [ 37.785150791633257, 48.434327086085489 ], [ 37.786013323008589, 48.435440267604079 ], [ 37.78635980997133, 48.436140613592599 ], [ 37.788102508988139, 48.438648410404184 ], [ 37.788992186210194, 48.44120473226652 ], [ 37.788645620877752, 48.44241994240771 ], [ 37.789173720431933, 48.443022062787222 ], [ 37.789058198654459, 48.449425992386651 ], [ 37.791995752424533, 48.452633127131463 ], [ 37.795540408979427, 48.459126679434661 ], [ 37.798345450630663, 48.46051964427101 ], [ 37.806342867738195, 48.463479621861289 ], [ 37.809552433568193, 48.466002158908481 ], [ 37.816916530136105, 48.47260361859378 ], [ 37.801052419177068, 48.479273480918749 ], [ 37.79816169879021, 48.480609198012679 ], [ 37.790155655540488, 48.48496679837298 ], [ 37.787808151981075, 48.486194683132922 ], [ 37.786566228883245, 48.489072684703039 ], [ 37.7837434, 48.496752 ], [ 37.7878485, 48.5045855 ], [ 37.814505164483258, 48.507080964188802 ], [ 37.815510622807281, 48.507436406228429 ], [ 37.818934805061268, 48.507697491186512 ], [ 37.823073173454105, 48.507731614943111 ], [ 37.831198110897716, 48.510932691218947 ], [ 37.838334425414033, 48.519177826616946 ], [ 37.82709580677686, 48.521899610966592 ], [ 37.823065311832742, 48.52416304625487 ], [ 37.825851951660738, 48.526713780065684 ], [ 37.828426732070085, 48.529055452783645 ], [ 37.828246898773827, 48.532711520385988 ], [ 37.826820367319286, 48.538614472165925 ], [ 37.825243284702843, 48.542986441064244 ], [ 37.805886176341801, 48.537641311357973 ], [ 37.804985988094799, 48.539605820171303 ], [ 37.809227675114663, 48.541136367646224 ], [ 37.824030560135405, 48.546348084264672 ], [ 37.8361527, 48.5524221 ], [ 37.828644924208795, 48.561907609426918 ], [ 37.836872647404476, 48.566599922513326 ], [ 37.834227078546199, 48.568401561942061 ], [ 37.833900909261047, 48.570245371768472 ], [ 37.83311810297667, 48.572792062067897 ], [ 37.837498090520185, 48.575720905633965 ], [ 37.837479452275332, 48.576257328071861 ], [ 37.837097368255563, 48.578088520410176 ], [ 37.8344, 48.578295 ], [ 37.832281, 48.580757 ], [ 37.82695965611051, 48.583772510798632 ], [ 37.82426139745094, 48.58552469243655 ], [ 37.825103056115395, 48.585901321678861 ], [ 37.826637845444701, 48.585704819815668 ], [ 37.826761618777709, 48.586474447749175 ], [ 37.824310906784142, 48.588259284442756 ], [ 37.822677098788432, 48.588652267540354 ], [ 37.820338456510157, 48.588790215748396 ], [ 37.818144, 48.590592 ], [ 37.817543, 48.593017 ], [ 37.7844991, 48.5890699 ], [ 37.783306635134657, 48.595641263349115 ], [ 37.785387148692067, 48.595706309966381 ], [ 37.786579442708415, 48.59689289966726 ], [ 37.773741509863846, 48.600492686447424 ], [ 37.767919776265472, 48.60082504262288 ], [ 37.767127626934212, 48.6020527992533 ], [ 37.760868323398292, 48.606156225163502 ], [ 37.75850987864947, 48.615168684554945 ], [ 37.763488690943753, 48.61959827237493 ], [ 37.76532053627227, 48.619835552750096 ], [ 37.7764591, 48.619809 ], [ 37.783721269757898, 48.622150794707089 ], [ 37.786918995646445, 48.626771660443794 ], [ 37.784480648221979, 48.63261431675275 ], [ 37.790088911943904, 48.636394654714074 ], [ 37.801366212498984, 48.641995110274607 ], [ 37.803950515259793, 48.654257547165393 ], [ 37.80625079230181, 48.654489950818984 ], [ 37.806142543970424, 48.65575921340853 ], [ 37.810736325344003, 48.658663650526307 ], [ 37.817271825541383, 48.664173973604669 ], [ 37.819551061748378, 48.671609505880483 ], [ 37.819641932165659, 48.671636795346224 ], [ 37.819641932165666, 48.671636795346224 ], [ 37.825471096199983, 48.672432980097845 ], [ 37.833330020249804, 48.673828489975854 ], [ 37.835345302802068, 48.676759573346544 ], [ 37.835392491204232, 48.677254216888421 ], [ 37.835510462209726, 48.677667065259875 ], [ 37.835345302802047, 48.677955278155196 ], [ 37.835699215818515, 48.679419685769659 ], [ 37.838318172140305, 48.679224953168713 ], [ 37.839497882195175, 48.678944536900822 ], [ 37.843718305953452, 48.678334823956888 ], [ 37.851737355269421, 48.67429112403746 ], [ 37.864947286825029, 48.678303504469412 ], [ 37.86319102057427, 48.683226808221526 ], [ 37.858397277447196, 48.685026261347311 ], [ 37.851343421194194, 48.687761430098462 ], [ 37.849377561165802, 48.692623370660876 ], [ 37.8477652, 48.702131799999989 ], [ 37.849486558969915, 48.701716768426927 ], [ 37.850645244770362, 48.700893931037676 ], [ 37.851266723982334, 48.700185897711947 ], [ 37.8539978, 48.6921265 ], [ 37.8591231, 48.6886523 ], [ 37.864821526412449, 48.692500019900322 ], [ 37.877982071605125, 48.689536264217359 ], [ 37.88052318939048, 48.690946611621385 ], [ 37.882224384222276, 48.69141828218762 ], [ 37.895104404873017, 48.690922663826143 ], [ 37.89028656900804, 48.701351274310106 ], [ 37.885517617371164, 48.704808868327035 ], [ 37.881048661729196, 48.70744282714886 ], [ 37.878528517414928, 48.709031015330304 ], [ 37.869072474233299, 48.714698690493677 ], [ 37.865720164042592, 48.717189791274038 ], [ 37.849790251970148, 48.72565112349146 ], [ 37.849943917124186, 48.726370674960748 ], [ 37.850500206099341, 48.726602188150899 ], [ 37.8530766996331, 48.726563117074953 ], [ 37.85778692973237, 48.726455355221866 ], [ 37.859990351203116, 48.726603028859252 ], [ 37.866611617117194, 48.727007555349019 ], [ 37.869683744773099, 48.726093902116602 ], [ 37.870834687335723, 48.725973816622343 ], [ 37.871687976733362, 48.725717960624465 ], [ 37.876823227471938, 48.722094899978387 ], [ 37.882638248306897, 48.717813670087665 ], [ 37.891352418761002, 48.712790421549975 ], [ 37.897247872781122, 48.712114781844122 ], [ 37.906866771445522, 48.709023102601186 ], [ 37.914049916738442, 48.714940123889711 ], [ 37.932273672637656, 48.713188674639213 ], [ 37.939421179393854, 48.712567188171739 ], [ 37.97201708479983, 48.714091873163262 ], [ 37.9783755889503, 48.717296361432489 ], [ 37.985440726273175, 48.722221642396022 ], [ 37.991058317746464, 48.726736290222071 ], [ 37.991404829064983, 48.727049660319331 ], [ 37.99175134038353, 48.727410955184347 ], [ 37.991706629245662, 48.727654274753135 ], [ 37.992142562839959, 48.728067177993921 ], [ 37.992354940744875, 48.728163030047064 ], [ 37.99256731864979, 48.72839159959036 ], [ 37.992444363020624, 48.728590675442852 ], [ 37.992723807632352, 48.728760257954811 ], [ 37.992802052123636, 48.728988824783428 ], [ 37.993059141166427, 48.729121540529725 ], [ 37.993137385657697, 48.729261628993044 ], [ 37.993472719191764, 48.729423836199814 ], [ 37.993506252545188, 48.729586042883341 ], [ 37.993483896976237, 48.729740876047678 ], [ 37.993774519372444, 48.729984184342648 ], [ 37.993796874941374, 48.730242237308389 ], [ 37.994042786199692, 48.730352831031141 ], [ 37.99421045296674, 48.73059613636498 ], [ 37.994143386259921, 48.730824694848557 ], [ 37.994154564044386, 48.730986897013082 ], [ 37.994288697458025, 48.731053252293201 ], [ 37.994366941949302, 48.731370281867356 ], [ 37.994299875242476, 48.731510364065677 ], [ 37.994378119733774, 48.731827390757637 ], [ 37.994445186440586, 48.732173906018126 ], [ 37.994501075362926, 48.732328731213684 ], [ 37.994501075362926, 48.732490928526239 ], [ 37.994892297819355, 48.732800576488152 ], [ 37.99522763135343, 48.732992262366025 ], [ 37.995361764767054, 48.733405121774652 ], [ 37.995596498240907, 48.73380323299358 ], [ 37.995674742732177, 48.734142362286164 ], [ 37.995540609318553, 48.734370904649595 ], [ 37.993810581960879, 48.734825043262461 ], [ 37.996519519488729, 48.738241925831538 ], [ 37.992228201916106, 48.738984452161297 ], [ 37.98335556568896, 48.740834159635277 ], [ 37.982902892717441, 48.741516151369538 ], [ 37.983066430462557, 48.743846153008654 ], [ 37.981951573021476, 48.743866689377747 ], [ 37.981130161788663, 48.744000141704838 ], [ 37.979927806216004, 48.743929490516997 ], [ 37.975213620010322, 48.744376946362607 ], [ 37.971707741632599, 48.743988366513769 ], [ 37.968517332786313, 48.743803888160052 ], [ 37.967463783596422, 48.743796038002323 ], [ 37.966511422746784, 48.743529131909845 ], [ 37.966002504917761, 48.743529131909845 ], [ 37.965529300620602, 48.743607633848896 ], [ 37.964857271020556, 48.743424954420156 ], [ 37.957422328888086, 48.741380093705914 ], [ 37.942208364315199, 48.739276106102906 ], [ 37.933208554286161, 48.740281006691021 ], [ 37.925315863744828, 48.740807001332513 ], [ 37.918185061883221, 48.74164701121105 ], [ 37.892332130152461, 48.738285267347024 ], [ 37.887867688770712, 48.740350904404281 ], [ 37.888354105221353, 48.745424514217795 ], [ 37.878650464816765, 48.751181641036439 ], [ 37.868282546567457, 48.754929255910227 ], [ 37.852475375733995, 48.751073783419542 ], [ 37.847029269137415, 48.750368809423904 ], [ 37.833353669542063, 48.750938626073705 ], [ 37.834149038615756, 48.751757737507802 ], [ 37.847421018084162, 48.758215659538948 ], [ 37.851122092523859, 48.758161957587788 ], [ 37.851492832894237, 48.755865165858495 ], [ 37.859672076054991, 48.755793938777259 ], [ 37.864731580698994, 48.755207080901876 ], [ 37.868931596614345, 48.755746454056457 ], [ 37.884062351978052, 48.755433854540499 ], [ 37.893369520753936, 48.768525043853614 ], [ 37.894326368734824, 48.771564222797366 ], [ 37.892807644614244, 48.772775546821116 ], [ 37.890441766476833, 48.773427246329277 ], [ 37.888484534562856, 48.773481478246893 ], [ 37.872017652910323, 48.780387819354821 ], [ 37.870809832696331, 48.781544754380441 ], [ 37.870709572558134, 48.782266698406126 ], [ 37.871074249504808, 48.782591736554245 ], [ 37.871978014111768, 48.782631375352793 ], [ 37.878407427236745, 48.782219131847881 ], [ 37.883068949946335, 48.781156812046717 ], [ 37.886357396937171, 48.779719100320378 ], [ 37.891455536027436, 48.777987987111416 ], [ 37.89243956192378, 48.777827152968435 ], [ 37.893438459647271, 48.776907532842053 ], [ 37.895880209638008, 48.773974261749281 ], [ 37.897418195021785, 48.772436276365504 ], [ 37.902669368621588, 48.770890071944983 ], [ 37.912205169541252, 48.770561291333323 ], [ 37.926103202620666, 48.767683246474228 ], [ 37.927458373776822, 48.767087768321701 ], [ 37.93896227114702, 48.763544527311396 ], [ 37.951811957909619, 48.76556370095301 ], [ 37.963495261068246, 48.767160105004976 ], [ 37.966440984764645, 48.769023763089741 ], [ 37.970525442865593, 48.770032634035537 ], [ 37.977372052488036, 48.771443094386939 ], [ 37.990765037615198, 48.780703797915635 ], [ 37.999292034641421, 48.784019703553398 ], [ 38.007735159565762, 48.78471048965374 ], [ 38.011998996493112, 48.809404273670552 ], [ 38.021767613427443, 48.824731660370574 ], [ 38.030509449810857, 48.818548241077941 ], [ 38.0414405, 48.8265749 ], [ 38.045104433807815, 48.827305041863603 ], [ 38.050196999834291, 48.829719670094839 ], [ 38.050553192531353, 48.83068948482353 ], [ 38.0484486, 48.833095 ], [ 38.044991449748032, 48.83281697251595 ], [ 38.042353579855742, 48.829911945402785 ], [ 38.037756051157118, 48.830567549528212 ], [ 38.033990090703647, 48.829722129834579 ], [ 38.024690474073644, 48.830144839681395 ], [ 38.024661652947721, 48.831220828382385 ], [ 38.019311252532098, 48.831667869116494 ], [ 38.006022686473479, 48.834342209316361 ], [ 38.003869582915215, 48.835033833023004 ], [ 37.999937434528725, 48.839019659398588 ], [ 38.000108006706967, 48.839625895731309 ], [ 38.009013486774286, 48.842175032733252 ], [ 38.008784677610819, 48.843389768872761 ], [ 38.009154432069465, 48.84431290943796 ], [ 38.009758483334465, 48.84503729324085 ], [ 38.009932987033253, 48.846185685113802 ], [ 38.016470029734158, 48.863744298716284 ], [ 38.016468588666889, 48.863744186167139 ], [ 38.008741952086055, 48.881360345117976 ], [ 38.00393930750166, 48.882100017831263 ], [ 38.003005665643428, 48.884093165231427 ], [ 38.003425127927557, 48.888764293196388 ], [ 38.006424934156989, 48.892810204853063 ], [ 38.020444161521517, 48.897663130668633 ], [ 38.020444161521525, 48.897663130668633 ], [ 38.019649244092015, 48.899886736095148 ], [ 37.994465647195483, 48.897842891628422 ], [ 37.976461212724885, 48.894227900871378 ], [ 37.973813659576599, 48.884102011625586 ], [ 37.971591754666207, 48.880215977314606 ], [ 37.960303421615045, 48.883112910987826 ], [ 37.958705009161385, 48.884018992362577 ], [ 37.962899344895099, 48.885802770582771 ], [ 37.96565259685881, 48.886544180804506 ], [ 37.966753897644288, 48.887595929935955 ], [ 37.9676182, 48.8892594 ], [ 37.962175799980386, 48.895939295609445 ], [ 37.954607705761966, 48.897241586008199 ], [ 37.952855361798647, 48.89775915354015 ], [ 37.948904426489037, 48.900211145572285 ], [ 37.947836055885844, 48.901063431766332 ], [ 37.948019319176936, 48.902466029271892 ], [ 37.947796785180607, 48.903834169281978 ], [ 37.947548070714134, 48.904531131868175 ], [ 37.9423002, 48.9053574 ], [ 37.936853348655696, 48.901777642776707 ], [ 37.935531181290436, 48.902225118250612 ], [ 37.934208557206233, 48.900902651024957 ], [ 37.933946289246869, 48.900120534719584 ], [ 37.933457583042888, 48.899605013255176 ], [ 37.93231103708375, 48.898709905187282 ], [ 37.931833243503419, 48.898916434807198 ], [ 37.931486352273872, 48.899557531733173 ], [ 37.931276908512629, 48.900564338496402 ], [ 37.931695796035129, 48.903154406285502 ], [ 37.9370505, 48.9087543 ], [ 37.941307728750957, 48.919424452960392 ], [ 37.94644210276428, 48.923311280285859 ], [ 37.9548639, 48.9296861 ], [ 37.9661973, 48.9378116 ], [ 37.9653286, 48.9419142 ], [ 37.954322412387583, 48.945751203843685 ], [ 37.95364434119606, 48.945638708369081 ], [ 37.953245553604425, 48.945220203069972 ], [ 37.953966717255426, 48.944437134844073 ], [ 37.954418043738571, 48.942880868863583 ], [ 37.952032460899169, 48.941970377829314 ], [ 37.950968619903215, 48.94130337967011 ], [ 37.950162679754769, 48.940128170748565 ], [ 37.948663631078638, 48.939768191308517 ], [ 37.946261929436247, 48.940212871415987 ], [ 37.945584939711551, 48.941165744019841 ], [ 37.943102644054321, 48.941462189564149 ], [ 37.942538485950408, 48.940466972555754 ], [ 37.939008468100205, 48.940594022640532 ], [ 37.935043242569819, 48.941229268213277 ], [ 37.934785341722318, 48.940054057546682 ], [ 37.936381103216242, 48.939757603638633 ], [ 37.93518831179653, 48.938105899631772 ], [ 37.93441460925402, 48.935469412682814 ], [ 37.934833698131222, 48.935215286101077 ], [ 37.935333381023248, 48.934008167171072 ], [ 37.935204430599505, 48.932493932856332 ], [ 37.936187677580619, 48.932292737427879 ], [ 37.936719598078582, 48.932652770779761 ], [ 37.938121933936898, 48.932398629859712 ], [ 37.937880151892365, 48.931413821575184 ], [ 37.937557775832971, 48.931101432093335 ], [ 37.936058727156848, 48.931344990162316 ], [ 37.934856374680024, 48.931342286585711 ], [ 37.934728925911905, 48.930868462393839 ], [ 37.935446212644024, 48.930640786409953 ], [ 37.93539785623512, 48.930090123924238 ], [ 37.935994251944976, 48.929708892491817 ], [ 37.936816310896404, 48.928935830929156 ], [ 37.936010370747944, 48.928205117900873 ], [ 37.930705, 48.9150088 ], [ 37.919875485096853, 48.912570119874111 ], [ 37.914488446680672, 48.914709424371573 ], [ 37.912216188770522, 48.913971164936264 ], [ 37.890897813995608, 48.925228435915294 ], [ 37.881591768959126, 48.930172612464524 ], [ 37.880813073832606, 48.936265143905018 ], [ 37.881349224575452, 48.936231601376548 ], [ 37.882038561244819, 48.936198058825539 ], [ 37.882408760567252, 48.93644124180971 ], [ 37.882983207791739, 48.936340614511671 ], [ 37.883085331742748, 48.936080659719515 ], [ 37.88337893810192, 48.936021960062959 ], [ 37.883685309954977, 48.936164516251992 ], [ 37.884221460697816, 48.935904560542795 ], [ 37.88464272199576, 48.935309173011241 ], [ 37.885000155824336, 48.935099527823802 ], [ 37.885255465701881, 48.935233700845174 ], [ 37.885549072061039, 48.93555236032568 ], [ 37.885178872738614, 48.935845860679166 ], [ 37.885000155824336, 48.936583796801365 ], [ 37.8856256650243, 48.936617339093182 ], [ 37.886072457310014, 48.936776664671477 ], [ 37.886634139040609, 48.93734687836389 ], [ 37.886685201016128, 48.937757763604289 ], [ 37.886493718607966, 48.937858388045555 ], [ 37.88626393971817, 48.938034480329669 ], [ 37.886710732003877, 48.938076406972428 ], [ 37.887004338363049, 48.938302810234731 ], [ 37.887208586265089, 48.938914932431949 ], [ 37.887144758795699, 48.939216798148991 ], [ 37.886621373546738, 48.939619282931865 ], [ 37.886187346754902, 48.939912759373314 ], [ 37.885663961505941, 48.93989598933743 ], [ 37.884744845946791, 48.93978698396684 ], [ 37.883915088844773, 48.939845679195969 ], [ 37.883404469089683, 48.940021764469201 ], [ 37.883047035261121, 48.940021764469201 ], [ 37.882485353530527, 48.940097229396137 ], [ 37.882089623220331, 48.940256543867179 ], [ 37.881553472477492, 48.940105614380983 ], [ 37.880736480869352, 48.940088844409885 ], [ 37.880340750559157, 48.940189464151885 ], [ 37.879028083721863, 48.951454164290602 ], [ 37.882979314201663, 48.959964506862477 ], [ 37.9234794266196, 48.965190600168008 ], [ 37.9247142, 48.9659619 ], [ 37.925373399988267, 48.966021141087481 ], [ 37.925373402163473, 48.966021143504356 ], [ 37.9322231, 48.9662884 ], [ 37.9669839, 48.9697606 ], [ 37.967957278278888, 48.977499480111945 ], [ 37.96858382703784, 48.978317466984812 ], [ 37.974335189444687, 48.97764379125222 ], [ 37.974372934974845, 48.977584952354654 ], [ 37.97555033356214, 48.977005356074478 ], [ 37.977744576383898, 48.97574075897947 ], [ 37.979247043311375, 48.976245876597986 ], [ 37.984121053240351, 48.975610959517361 ], [ 37.98443434108443, 48.975512425529224 ], [ 37.986173679906564, 48.975284091033103 ], [ 37.987966536846301, 48.975670502644626 ], [ 37.988689031433964, 48.976478444517028 ], [ 37.988635513316353, 48.977409317829924 ], [ 37.987645428140681, 48.978410426331308 ], [ 37.983524533085159, 48.980746267975945 ], [ 37.982427411674273, 48.980921890742508 ], [ 37.981706191955091, 48.981601781050799 ], [ 37.978593472587121, 48.985804774601128 ], [ 37.977588830799938, 48.987729145952194 ], [ 37.9806398, 48.9899033 ], [ 37.974103285452856, 48.997560707546675 ], [ 37.973224897184934, 48.998244219177387 ], [ 37.9721801973376, 48.999057144989735 ], [ 37.970856397146619, 49.000577009940272 ], [ 37.969582607624339, 49.002253900911469 ], [ 37.968307187319404, 49.003728087959068 ], [ 37.961792659290523, 49.005771218998127 ], [ 37.960754347016689, 49.007744065342777 ], [ 37.958588212790254, 49.008131579547225 ], [ 37.956762215343154, 49.008683488510741 ], [ 37.956235386907359, 49.009075130913033 ], [ 37.954629220118868, 49.0090301371769 ], [ 37.953532984606333, 49.009036336011029 ], [ 37.952710807971933, 49.008974347635025 ], [ 37.951255460825976, 49.008837972936149 ], [ 37.949875716129164, 49.008862768363734 ], [ 37.948514872044633, 49.008404050954717 ], [ 37.94736193469523, 49.008577620201081 ], [ 37.945736482038726, 49.0084164487781 ], [ 37.942013061418564, 49.011912511791216 ], [ 37.941749869703045, 49.012790291290386 ], [ 37.939924662551512, 49.014182737883175 ], [ 37.939535796800996, 49.019480165550966 ], [ 37.940807887224821, 49.019685561418825 ], [ 37.941662824036591, 49.020465764234977 ], [ 37.941168407623785, 49.020900852078775 ], [ 37.9402675, 49.0234157 ], [ 37.949015781285567, 49.024936076332601 ], [ 37.949751937622317, 49.024739767976136 ], [ 37.95004898943472, 49.024815315167032 ], [ 37.94897487328938, 49.028289900517841 ], [ 37.946862444870185, 49.031905089865788 ], [ 37.94670323169413, 49.033391539716959 ], [ 37.94584499553509, 49.035342111608294 ], [ 37.945256489987621, 49.037692048839162 ], [ 37.93698000755996, 49.035472028212709 ], [ 37.928709830024914, 49.034950698969809 ], [ 37.924606662688454, 49.040677097340478 ], [ 37.927718979934703, 49.043121637706314 ], [ 37.928203203958553, 49.043458028635833 ], [ 37.928587726373429, 49.0435500466169 ], [ 37.932333529044797, 49.045581694454143 ], [ 37.932478612951073, 49.045901563359074 ], [ 37.932953433008016, 49.045996659123205 ], [ 37.934602113761251, 49.046869802638504 ], [ 37.934588924315236, 49.04765648317079 ], [ 37.934509787639065, 49.047898536215236 ], [ 37.935914463640842, 49.048071430525539 ], [ 37.936970388406664, 49.048127798997676 ], [ 37.937371897426708, 49.048149232769042 ], [ 37.937939043605809, 49.048322126207651 ], [ 37.938281969202492, 49.049368118690083 ], [ 37.93817539959467, 49.050080547966743 ], [ 37.939271177654454, 49.050578330466891 ], [ 37.940392280566641, 49.05126986682766 ], [ 37.940616501149094, 49.051598343229422 ], [ 37.940339522782551, 49.052384948948962 ], [ 37.940392280566641, 49.052886295550721 ], [ 37.940933047853719, 49.053698812064923 ], [ 37.940959426745771, 49.054234719944418 ], [ 37.94057693281102, 49.0545026717177 ], [ 37.940510985580879, 49.054917561936477 ], [ 37.940102112754076, 49.055133649220664 ], [ 37.940194438876254, 49.055980702316646 ], [ 37.940352712228574, 49.056421509952209 ], [ 37.940168059984217, 49.057061106237164 ], [ 37.939785566049451, 49.057882197511404 ], [ 37.940497796134849, 49.060509598441627 ], [ 37.941487004586797, 49.062108442212953 ], [ 37.942014582427838, 49.063499826554626 ], [ 37.94196182464372, 49.063854148020795 ], [ 37.939745997711363, 49.065254125200141 ], [ 37.939020578179949, 49.065426959153768 ], [ 37.938123695850187, 49.065530659237417 ], [ 37.939363503776619, 49.067742876135071 ], [ 37.93316446414444, 49.069609357534532 ], [ 37.930605711615399, 49.069643921343655 ], [ 37.898351259162489, 49.071428089088499 ], [ 37.876395684959547, 49.068393790696248 ], [ 37.866024304985075, 49.061284064683761 ], [ 37.847830598292894, 49.062523573283777 ], [ 37.840330548290801, 49.070222861571963 ], [ 37.841464840649039, 49.072244778997714 ], [ 37.841412082864949, 49.073264347173385 ], [ 37.840251411614673, 49.07703138368533 ], [ 37.837760670440836, 49.077481998687908 ], [ 37.833861509121974, 49.075793203634028 ], [ 37.823570313038239, 49.070163405498107 ], [ 37.821398001077107, 49.069953166076843 ], [ 37.788913158077108, 49.070889493542822 ], [ 37.780469717133435, 49.070658738922958 ], [ 37.765742246974867, 49.068405172799508 ], [ 37.764141713322047, 49.068416891395088 ], [ 37.744816660986281, 49.063555256358349 ], [ 37.741570904124139, 49.061273756176739 ], [ 37.741126425963131, 49.061536071157001 ], [ 37.739857665913242, 49.063609410750722 ], [ 37.738233034142041, 49.063176175611737 ], [ 37.735937378566014, 49.064298496115569 ], [ 37.73324656910868, 49.063653656925752 ], [ 37.731135970555528, 49.063872010141495 ], [ 37.729730358524719, 49.06432956439609 ], [ 37.714547406488656, 49.068627019992682 ], [ 37.714251182130326, 49.070106802664512 ], [ 37.714732028744997, 49.072437892166455 ], [ 37.713504230720638, 49.072722486188447 ], [ 37.712045774621181, 49.073197589311761 ], [ 37.712819198310292, 49.074954365977021 ], [ 37.712896540679203, 49.076578555724147 ], [ 37.71423345877038, 49.078291136750032 ], [ 37.715415692123727, 49.078965120250544 ], [ 37.716598415619124, 49.079883731326767 ], [ 37.717505856901965, 49.08194386829323 ], [ 37.719296214027572, 49.084935971982617 ], [ 37.723773438905859, 49.087139016991173 ], [ 37.72392850809576, 49.087473434126146 ], [ 37.72172612034327, 49.088324808550965 ], [ 37.721545717867379, 49.088394546522387 ], [ 37.721415605253235, 49.088444844001522 ], [ 37.7069264, 49.0892393 ], [ 37.682081728417963, 49.094420050169802 ], [ 37.68209249985464, 49.095206365047552 ], [ 37.682469500138495, 49.096983652100015 ], [ 37.705994201028481, 49.101007471970462 ], [ 37.706070440641561, 49.101017379121437 ], [ 37.714108, 49.102253 ], [ 37.715115, 49.1071085 ], [ 37.712386214485818, 49.107871598065806 ], [ 37.703824, 49.110266 ], [ 37.696718402921242, 49.105596245179804 ], [ 37.687831672171143, 49.105014456847286 ], [ 37.679537390137703, 49.106117424768684 ], [ 37.678503341231277, 49.106641469326995 ], [ 37.678598777040747, 49.108976683956733 ], [ 37.678913319031786, 49.116672420085294 ], [ 37.684690997963671, 49.123415181455151 ], [ 37.6886444, 49.1282404 ], [ 37.7003972, 49.1302842 ], [ 37.703465196651401, 49.129152729909983 ], [ 37.706949034177221, 49.12717931030042 ], [ 37.72171019949716, 49.132221627764849 ], [ 37.724756908129123, 49.13316119616124 ], [ 37.733589222324809, 49.132121268813407 ], [ 37.737265006448993, 49.13135904226052 ], [ 37.740370901561676, 49.130169398949008 ], [ 37.747494514205442, 49.129499779360494 ], [ 37.75201088462159, 49.130725040735229 ], [ 37.753506843276782, 49.136936830960586 ], [ 37.74767972813418, 49.138632250769795 ], [ 37.745681, 49.142893 ], [ 37.746845425845912, 49.144524058988239 ], [ 37.754105226738858, 49.149973042098672 ], [ 37.766984718398788, 49.153506353969981 ], [ 37.762938506417129, 49.167953040411533 ], [ 37.761285828283775, 49.168822121154072 ], [ 37.750657398219275, 49.175717778193246 ], [ 37.751056320527326, 49.178025828689833 ], [ 37.753682405930952, 49.181478280422766 ], [ 37.77610294258281, 49.182798649161157 ], [ 37.79548479015795, 49.183309487324884 ], [ 37.798835835863862, 49.182169860445143 ], [ 37.806646915288759, 49.18124681835971 ], [ 37.812532942456698, 49.184619542967411 ], [ 37.813254667783184, 49.185117039890521 ], [ 37.841637028151347, 49.190235882472557 ], [ 37.862889870445549, 49.190922221477592 ], [ 37.885606076153202, 49.196092825317066 ], [ 37.889433037562746, 49.197635954917686 ], [ 37.890050289403, 49.203330103143976 ], [ 37.881904713541843, 49.207254102462571 ], [ 37.88128733352616, 49.209532787895448 ], [ 37.8834742, 49.2135813 ], [ 37.884167837204032, 49.220209962153916 ], [ 37.882500671970369, 49.220637251862833 ], [ 37.880576338496546, 49.22059485788089 ], [ 37.878430523510346, 49.221299847343204 ], [ 37.876942977187781, 49.226291982666631 ], [ 37.878908893686535, 49.226639075761355 ], [ 37.888352846842331, 49.22640760632126 ], [ 37.920064914177374, 49.230419928537614 ], [ 37.920586848274624, 49.232287063557663 ], [ 37.917977177788337, 49.241962434364261 ], [ 37.918317569590904, 49.242214294661757 ], [ 37.921176860732395, 49.242732826523643 ], [ 37.948589747231701, 49.236247082637064 ], [ 37.954964422478071, 49.239198695527769 ], [ 37.949540323737899, 49.241644573088053 ], [ 37.950750788715339, 49.248729353903514 ], [ 37.964413626879576, 49.246409825160825 ], [ 37.975177054115441, 49.246287744700687 ], [ 37.983933762730636, 49.251424832079913 ], [ 37.976286293566503, 49.255142632187592 ], [ 37.978351337168682, 49.255468481798566 ], [ 37.979508669297381, 49.255661028284855 ], [ 37.979996564214389, 49.255853574020051 ], [ 37.980904275687884, 49.256779264184033 ], [ 37.98334375027288, 49.25742353429164 ], [ 37.98620304141437, 49.256164607851794 ], [ 37.988007117967939, 49.255720273206464 ], [ 37.988415588130998, 49.256038713441725 ], [ 37.989686384193881, 49.255838762836326 ], [ 37.993646275496971, 49.253816994548693 ], [ 37.994406483856018, 49.253313391030751 ], [ 37.995302848936078, 49.253224519288381 ], [ 37.99576805106625, 49.252935685020631 ], [ 37.995779397459671, 49.252720909725973 ], [ 37.995711319099158, 49.252446884717493 ], [ 37.995960939754369, 49.252209888888906 ], [ 37.997152311063331, 49.251898830137186 ], [ 37.997702611144128, 49.251802549650129 ], [ 37.998058662648496, 49.251923328976105 ], [ 37.998428780322911, 49.251965485748983 ], [ 37.999160622698419, 49.251828471338186 ], [ 37.999744961959472, 49.251776627948459 ], [ 38.000210164089644, 49.251872908486064 ], [ 38.000595941465868, 49.252180264330306 ], [ 38.000749117777019, 49.252191373541862 ], [ 38.000698059006631, 49.252243216496034 ], [ 38.000624307449414, 49.252265434888308 ], [ 38.00075479097373, 49.252769049097402 ], [ 38.000851235317789, 49.253057884340159 ], [ 38.001112202366421, 49.253309688044695 ], [ 38.001157587940099, 49.253428183461203 ], [ 38.001429901382146, 49.253509648895047 ], [ 38.001577404496587, 49.253650361600478 ], [ 38.00182702515179, 49.253898459340874 ], [ 38.002053953020166, 49.253898459340874 ], [ 38.002184436544482, 49.253954003440278 ], [ 38.00240569121614, 49.253913271106832 ], [ 38.003216958345575, 49.25399103280516 ], [ 38.003659467688884, 49.25407620023897 ], [ 38.004084957442096, 49.254131744138384 ], [ 38.004204094572991, 49.254231722999798 ], [ 38.004266499736794, 49.254409462697893 ], [ 38.004436695638077, 49.254476114919683 ], [ 38.004584198752518, 49.254627933533342 ], [ 38.004470734818327, 49.254713099868262 ], [ 38.004510447195294, 49.2548760263604 ], [ 38.004612564736064, 49.254957489404816 ], [ 38.004714682276834, 49.255235203318534 ], [ 38.00485651219455, 49.255442562021891 ], [ 38.004890551374807, 49.255679542330491 ], [ 38.005026708095833, 49.255735084425737 ], [ 38.005123152439893, 49.255735084425737 ], [ 38.005196903997117, 49.255801734857535 ], [ 38.005185557603696, 49.255849871224527 ], [ 38.005117479243189, 49.255894304752395 ], [ 38.005145845226735, 49.256083146799575 ], [ 38.005213923587249, 49.256153499534392 ], [ 38.005168538013571, 49.256253474300863 ], [ 38.005242289570795, 49.256357151622552 ], [ 38.005191230800413, 49.256427503966826 ], [ 38.00506074727609, 49.256560802870446 ], [ 38.005004015308991, 49.25671631780299 ], [ 38.005111806046472, 49.25696069742132 ], [ 38.005242289570795, 49.257382804821212 ], [ 38.005542968996387, 49.257638289125317 ], [ 38.005696145307539, 49.257656802429295 ], [ 38.00571883809436, 49.25781231390858 ], [ 38.006110288667308, 49.258075201247387 ], [ 38.006473373256711, 49.258275142792932 ], [ 38.006876170223059, 49.25840473410279 ], [ 38.00729031358285, 49.258660213117004 ], [ 38.007556953828193, 49.258930501069187 ], [ 38.007925711614298, 49.259337781489023 ], [ 38.008112927105699, 49.259585850643155 ], [ 38.00805052194189, 49.259715438511442 ], [ 38.008010809564922, 49.259885753477981 ], [ 38.008027829155061, 49.260059770336738 ], [ 38.008192351859627, 49.260244893980968 ], [ 38.008073214728732, 49.260537387923478 ], [ 38.007931384810995, 49.260604031870393 ], [ 38.007937058007698, 49.260666973293205 ], [ 38.007931384810995, 49.260741021923153 ], [ 38.007868979647192, 49.260863201919634 ], [ 38.007335699156528, 49.26115939459504 ], [ 38.007142810468409, 49.261281573555742 ], [ 38.007023673337507, 49.261292680718995 ], [ 38.006694627928375, 49.261355621263498 ], [ 38.006303177355434, 49.261529632939393 ], [ 38.00612730825744, 49.261603680274931 ], [ 38.006013844323249, 49.261551847151722 ], [ 38.005911726782479, 49.261625894453928 ], [ 38.005696145307539, 49.261685132215703 ], [ 38.005537295799677, 49.261733262844778 ], [ 38.005230943177374, 49.261859142729683 ], [ 38.004930263751774, 49.262040557293098 ], [ 38.00485651219455, 49.26212200851279 ], [ 38.004567179162372, 49.262281208235827 ], [ 38.004385636867688, 49.262473728145046 ], [ 38.004476408015016, 49.262507048822322 ], [ 38.004283519326911, 49.262629224446506 ], [ 38.004130343015767, 49.262666247303201 ], [ 38.00399418629474, 49.262758804323425 ], [ 38.004039571868411, 49.262862467979957 ], [ 38.003960147114483, 49.262966131418743 ], [ 38.003943127524352, 49.263121626168605 ], [ 38.004084957442089, 49.263269715951033 ], [ 38.00419274817957, 49.263365974071277 ], [ 38.004368617277557, 49.263414103061002 ], [ 38.004606891539353, 49.263584405263053 ], [ 38.004731701866945, 49.263614022977329 ], [ 38.004816799817583, 49.263673258352554 ], [ 38.004941610145188, 49.263725089247529 ], [ 38.005043727685965, 49.263791728889665 ], [ 38.00510045965305, 49.263810239885395 ], [ 38.005310367931301, 49.263936114472216 ], [ 38.005594027766755, 49.263991647276072 ], [ 38.005843648421965, 49.264058286558246 ], [ 38.006189713421243, 49.264124925750387 ], [ 38.006427987683033, 49.264180458341777 ], [ 38.006575490797474, 49.264250799534452 ], [ 38.006779725878999, 49.264295225499232 ], [ 38.006944248583579, 49.264343353582611 ], [ 38.007239254812461, 49.264554376163261 ], [ 38.007392431123598, 49.264650631777542 ], [ 38.007556953828185, 49.264702461645918 ], [ 38.007693110549191, 49.264802419095467 ], [ 38.007704456942612, 49.26493569537989 ], [ 38.007738496122869, 49.265098588127536 ], [ 38.007715803336033, 49.265331819989129 ], [ 38.007545607434764, 49.265498413501014 ], [ 38.007284640386139, 49.26566870850958 ], [ 38.007159830058526, 49.26576125989817 ], [ 38.006779725878999, 49.265909341758814 ], [ 38.005843648421944, 49.266275842452792 ], [ 38.005662106127261, 49.266342478650124 ], [ 38.005384119488504, 49.266468346777316 ], [ 38.005304694734569, 49.266516472741102 ], [ 38.005015361702391, 49.266631234465279 ], [ 38.004884878178089, 49.266716380088162 ], [ 38.004850838997832, 49.266842247261522 ], [ 38.004828146210976, 49.267086576740297 ], [ 38.004935936948456, 49.267201337138466 ], [ 38.004941610145167, 49.267271674024755 ], [ 38.005077766866194, 49.267416049424597 ], [ 38.005043727685937, 49.267464174463989 ], [ 38.005089113259615, 49.267549318649472 ], [ 38.005168538013542, 49.26766037606189 ], [ 38.005185557603674, 49.267693693236858 ], [ 38.005282001947734, 49.267812154121238 ], [ 38.005327387521405, 49.267889893922053 ], [ 38.005446524652307, 49.267938018499251 ], [ 38.005571334979912, 49.268126814464239 ], [ 38.005679125717386, 49.268237870576741 ], [ 38.005628066947004, 49.268363733868732 ], [ 38.005667779323971, 49.268482193144337 ], [ 38.005611047356872, 49.268626565001924 ], [ 38.005559988586491, 49.268667285193068 ], [ 38.005571334979912, 49.268763532784007 ], [ 38.005531622602945, 49.268796849214027 ], [ 38.005406812275339, 49.268811656509044 ], [ 38.005384119488504, 49.268856078367428 ], [ 38.005293348341148, 49.268885692917472 ], [ 38.005247962767477, 49.268952325590057 ], [ 38.005151518423418, 49.269015256364845 ], [ 38.005083440062897, 49.269059678039909 ], [ 38.005021034899094, 49.269074485256063 ], [ 38.004947283341892, 49.269152223067849 ], [ 38.004737375063648, 49.269218855380444 ], [ 38.004442368834759, 49.269278084027214 ], [ 38.00424380694993, 49.269370628645447 ], [ 38.004016879081554, 49.269500190819336 ], [ 38.003648121295456, 49.269640857937162 ], [ 38.002938971706783, 49.269796331653382 ], [ 38.002490789166757, 49.269748208888821 ], [ 38.001736254004413, 49.269566822661986 ], [ 38.001469613759092, 49.26948908550348 ], [ 38.001083836382847, 49.26938173398797 ], [ 38.001044124005887, 49.269289189390577 ], [ 38.00124835908742, 49.269326207250373 ], [ 38.001463940562374, 49.269278084027214 ], [ 38.001509326136052, 49.269218855380444 ], [ 38.001424228185414, 49.269122608677797 ], [ 38.001078163186143, 49.268752427302317 ], [ 38.000788830153958, 49.268663583358901 ], [ 38.000471131138248, 49.268648776019432 ], [ 37.995790743853043, 49.268896798369141 ], [ 37.994156863200779, 49.269052274430187 ], [ 37.993521465169337, 49.269466874864257 ], [ 37.993430694021988, 49.269696384320618 ], [ 37.992903086728006, 49.269959208354408 ], [ 37.99242653820442, 49.270159101752526 ], [ 37.992460577384676, 49.270314573835563 ], [ 37.992698851646473, 49.270492255616233 ], [ 37.992835008367493, 49.270773583793492 ], [ 37.992857701154328, 49.27132142879784 ], [ 37.992642119679381, 49.271706397323378 ], [ 37.990633808044286, 49.271425074465633 ], [ 37.990111873947036, 49.270788390495227 ], [ 37.989930331652332, 49.270662533388858 ], [ 37.989601286243193, 49.270573692885151 ], [ 37.989374358374818, 49.270595903026084 ], [ 37.989215508866955, 49.270692146854543 ], [ 37.988863770670989, 49.270943860595104 ], [ 37.988387222147402, 49.271121540109291 ], [ 37.987139118871347, 49.271321428797826 ], [ 37.98685545903588, 49.271432477719273 ], [ 37.986038518709748, 49.271521316676449 ], [ 37.985425813465142, 49.271676784466528 ], [ 37.984892532974463, 49.271898880459574 ], [ 37.984586180352153, 49.27358677732996 ], [ 37.985879669201879, 49.273794058928708 ], [ 37.986719302314853, 49.273668209490495 ], [ 37.987354700346309, 49.273816267619772 ], [ 37.988194333459283, 49.274327064754495 ], [ 37.988477993294744, 49.274415898498859 ], [ 37.988738960343376, 49.274674996006098 ], [ 37.98919281608012, 49.274882273032013 ], [ 37.989884946078654, 49.275193186937706 ], [ 37.990145913127279, 49.275333837822664 ], [ 37.990248030668042, 49.275533709442946 ], [ 37.99007783476678, 49.276014878540281 ], [ 37.989714750177384, 49.276451627964661 ], [ 37.989510515095844, 49.27673292215654 ], [ 37.989612632636614, 49.276947592960525 ], [ 37.989703403783963, 49.277021617159043 ], [ 37.990372840995668, 49.277169665222786 ], [ 37.991144395748137, 49.277561990442557 ], [ 37.991337284436248, 49.277924703435438 ], [ 37.991620944271709, 49.278087553299272 ], [ 37.991666329845387, 49.278257804854718 ], [ 37.991915950500598, 49.278383642583186 ], [ 37.99293712590827, 49.27879076244615 ], [ 37.995126979838062, 49.279619796141006 ], [ 37.997180677046828, 49.280426610195192 ], [ 37.99778203589802, 49.280522834843602 ], [ 37.998633015404415, 49.280471021594714 ], [ 38.003046762444242, 49.280093523423972 ], [ 38.006337216535641, 49.279797444405382 ], [ 38.006155674240937, 49.280115729278712 ], [ 38.006303177355385, 49.280308179600944 ], [ 38.006337216535641, 49.280641264922373 ], [ 38.006405294896147, 49.280944740701038 ], [ 38.006382602109312, 49.281174196757291 ], [ 38.006450680469825, 49.281425857010724 ], [ 38.007142810468352, 49.281766336485944 ], [ 38.007539934238011, 49.281818148373908 ], [ 38.00793705800767, 49.28169972112142 ], [ 38.008788037514066, 49.281470267510372 ], [ 38.009083043742947, 49.281433258763442 ], [ 38.009434781938914, 49.281440660515052 ], [ 38.009616324233619, 49.281455464014932 ], [ 38.010467303740008, 49.281692319408691 ], [ 38.011080008984621, 49.282114215260911 ], [ 38.011352322426653, 49.282365870717278 ], [ 38.011272897672725, 49.282506501148234 ], [ 38.011080008984621, 49.282550910674679 ], [ 38.011204819312226, 49.282772957707046 ], [ 38.01137501521351, 49.282972799181323 ], [ 38.01137501521351, 49.283217048772265 ], [ 38.011329629639832, 49.283424289900672 ], [ 38.011227512099069, 49.283513107260504 ], [ 38.01117078013197, 49.283513107260504 ], [ 38.010841734722831, 49.283505705819962 ], [ 38.010535382100521, 49.283809163971256 ], [ 38.010376532592673, 49.284053409419506 ], [ 38.010149604724297, 49.284201436375099 ], [ 38.01007017997037, 49.284238443044565 ], [ 38.00900361898902, 49.284194035037878 ], [ 38.008617841612782, 49.284208837711233 ], [ 38.008095907515532, 49.284253245704591 ], [ 38.007517241451175, 49.284297653657951 ], [ 38.007120117681517, 49.284231041712907 ], [ 38.00635990932247, 49.284223640380127 ], [ 38.005940092765996, 49.284112620255073 ], [ 38.005781243258134, 49.284023803975067 ], [ 38.00576989686472, 49.283394684078523 ], [ 38.005656432930529, 49.283217048772265 ], [ 38.005474890635831, 49.283106026380899 ], [ 38.005032381292509, 49.283120829380856 ], [ 38.004635257522857, 49.283202245801185 ], [ 38.003806970803296, 49.283431691353449 ], [ 38.003058108837656, 49.28363893157978 ], [ 38.00280848818246, 49.283890579255115 ], [ 38.002502135560157, 49.28434206157133 ], [ 38.001889430315551, 49.28494156448749 ], [ 38.001322110644615, 49.285215409073402 ], [ 38.001072489989404, 49.28534122904891 ], [ 38.000312281630364, 49.285141397173128 ], [ 38.00013073933566, 49.284837947220538 ], [ 38.000017275401476, 49.284245844375128 ], [ 37.99989246507387, 49.283490902935547 ], [ 37.999744961959422, 49.283046814336643 ], [ 37.999449955730547, 49.282728548380589 ], [ 37.998281277208434, 49.282787760807018 ], [ 37.997827421471705, 49.282876579313346 ], [ 37.993742719841009, 49.283194844313989 ], [ 37.989453783128781, 49.283416888446808 ], [ 37.988046830344857, 49.283416888446808 ], [ 37.98704834772402, 49.283461297153401 ], [ 37.986412949692593, 49.283291063560981 ], [ 37.986276792971566, 49.283113427881453 ], [ 37.985550623792776, 49.282225239885278 ], [ 37.985323695924407, 49.281684917694882 ], [ 37.985130807236288, 49.28127041994702 ], [ 37.9847790690403, 49.2810335625269 ], [ 37.983689815272115, 49.280722685436551 ], [ 37.983462887403753, 49.280996553452233 ], [ 37.983485580190596, 49.281159393172985 ], [ 37.979537035280906, 49.282351067490687 ], [ 37.978901637249471, 49.282654532747564 ], [ 37.978754134135031, 49.282787760807018 ], [ 37.979083179544169, 49.283868375100127 ], [ 37.979820695116373, 49.285045181536717 ], [ 37.979729923969025, 49.285319025547174 ], [ 37.979049140363912, 49.285851906829869 ], [ 37.977437952498462, 49.286614213097074 ], [ 37.975872150206705, 49.286858444650953 ], [ 37.975100595454244, 49.286969458593695 ], [ 37.97372768185059, 49.287065670475208 ], [ 37.972184572345654, 49.287050868659506 ], [ 37.971696677428653, 49.287161882168988 ], [ 37.971220128905067, 49.2872950980504 ], [ 37.970312417431586, 49.287391309296474 ], [ 37.970051450382947, 49.287457916972258 ], [ 37.969779136940915, 49.287805755594825 ], [ 37.968383530550419, 49.287798354798618 ], [ 37.966329833341653, 49.287243291917058 ], [ 37.966227715800891, 49.287502322039423 ], [ 37.967248891208556, 49.287916767404589 ], [ 37.967872942846576, 49.288086985027448 ], [ 37.967521204650588, 49.289330295927485 ], [ 37.966448970472896, 49.293478139120616 ], [ 37.966256081784771, 49.293611337935317 ], [ 37.965030671295565, 49.293973932885166 ], [ 37.964826436214025, 49.294107130360125 ], [ 37.964588161952236, 49.294521520202785 ], [ 37.964009495887865, 49.295120899347204 ], [ 37.963771221626089, 49.295897861464553 ], [ 37.963805260806332, 49.296341834318532 ], [ 37.963975456707608, 49.296726607557147 ], [ 37.963839299986581, 49.297074380784558 ], [ 37.964043535068122, 49.29730376178302 ], [ 37.963941417527359, 49.297407352851756 ], [ 37.963328712282753, 49.297503544363479 ], [ 37.962693314251318, 49.297718124751583 ], [ 37.962602543103969, 49.297873509966671 ], [ 37.962806778185502, 49.299752892343172 ], [ 37.962137340973804, 49.30303054128948 ], [ 37.969364993581479, 49.302682810090815 ], [ 37.970238665874703, 49.302608824412815 ], [ 37.970068469973441, 49.305205655233088 ], [ 37.969977698826092, 49.308897210482421 ], [ 37.969886927678736, 49.312499724165292 ], [ 37.96844593571457, 49.312240825397325 ], [ 37.967912655223884, 49.312240825397325 ], [ 37.967322642766106, 49.312100279782022 ], [ 37.962284844088245, 49.311183024865684 ], [ 37.962114648186962, 49.311375353924554 ], [ 37.967413413913469, 49.312344385067803 ], [ 37.966483009653132, 49.314090072459578 ], [ 37.965961075555882, 49.31464483304083 ], [ 37.964939900148202, 49.315369710784481 ], [ 37.963714489658997, 49.316064991658017 ], [ 37.963374097856438, 49.316775055611608 ], [ 37.963045052447306, 49.317100498169246 ], [ 37.962250804907995, 49.31772179162612 ], [ 37.963215248348568, 49.318187756575497 ], [ 37.96419103818257, 49.318306096178119 ], [ 37.964236423756248, 49.320081156095746 ], [ 37.96459950834565, 49.320598869853661 ], [ 37.965144135229728, 49.320953870427815 ], [ 37.965938382769039, 49.321146161336969 ], [ 37.966051846703216, 49.322092813327146 ], [ 37.9661653106374, 49.324341038870124 ], [ 37.96632416014527, 49.326973698823807 ], [ 37.966267428178192, 49.328792814190464 ], [ 37.9649438, 49.3324748 ], [ 37.962823, 49.334169 ], [ 37.962654997487249, 49.335059578296779 ], [ 37.957984560982545, 49.334966952485843 ], [ 37.957462626885302, 49.335040889569335 ], [ 37.95613509885532, 49.335388392374114 ], [ 37.951993665257497, 49.337081509239617 ], [ 37.952447520994255, 49.337879989558914 ], [ 37.951948279683826, 49.338035248116661 ], [ 37.951346920832648, 49.338700636388062 ], [ 37.9417892, 49.3388375 ], [ 37.941657100853121, 49.338944609833568 ], [ 37.941872682328082, 49.339299478140745 ], [ 37.9423293, 49.3418475 ], [ 37.941123820362442, 49.344777432977047 ], [ 37.945140443632624, 49.346847216678313 ], [ 37.942995975276503, 49.349759550570866 ], [ 37.943620026914516, 49.34987781429443 ], [ 37.945673724123303, 49.350498694178917 ], [ 37.94866917198582, 49.351319130578844 ], [ 37.949928621655289, 49.351659127238911 ], [ 37.949327262804104, 49.352257811297875 ], [ 37.94931591641069, 49.352546063986871 ], [ 37.949520151492209, 49.352760404634985 ], [ 37.951131339357666, 49.353610366975424 ], [ 37.951857508536463, 49.35419424563846 ], [ 37.953309846894044, 49.355103308748191 ], [ 37.953911205745236, 49.355701950889255 ], [ 37.954206211974125, 49.356101041602152 ], [ 37.954557950170091, 49.357276123229731 ], [ 37.954512564596413, 49.357542175549405 ], [ 37.953650238696603, 49.35825903158085 ], [ 37.953094265419082, 49.358532468757431 ], [ 37.9543081, 49.3615883 ], [ 37.95028035985127, 49.362478663031162 ], [ 37.950189588703921, 49.362722518580341 ], [ 37.948691864772655, 49.364821104228952 ], [ 37.946638167563883, 49.367665874864848 ], [ 37.945378717894414, 49.369368963968135 ], [ 37.945072365272111, 49.36949456907135 ], [ 37.945117750845789, 49.369671893376619 ], [ 37.943705124865161, 49.371640889032605 ], [ 37.942388943228593, 49.373454659520988 ], [ 37.940227455282354, 49.376387580567531 ], [ 37.939699847988372, 49.377078306031784 ], [ 37.9385188, 49.3791976 ], [ 37.934321657507944, 49.380232618716136 ], [ 37.93383376259095, 49.381119040170972 ], [ 37.932086418004481, 49.380794020827388 ], [ 37.93105389620338, 49.380579802357438 ], [ 37.92500626851124, 49.379900206548321 ], [ 37.92198812786188, 49.379553018105781 ], [ 37.921749853600083, 49.379516083020739 ], [ 37.921613696879071, 49.379353568316773 ], [ 37.921500232944886, 49.379360955360426 ], [ 37.92126195868309, 49.379523470039977 ], [ 37.918391321148171, 49.379493921956382 ], [ 37.916144735251279, 49.379530857058093 ], [ 37.915713572301364, 49.384974787446019 ], [ 37.913603143125499, 49.385152055907817 ], [ 37.912650046078333, 49.385188986756859 ], [ 37.906806653467719, 49.385366254445849 ], [ 37.906681843140127, 49.384553772286033 ], [ 37.906591071992779, 49.38358616236841 ], [ 37.906511647238851, 49.382515121539228 ], [ 37.892113073990572, 49.382105165250884 ], [ 37.88272960663334, 49.379719225644969 ], [ 37.882877109747781, 49.379416358152476 ], [ 37.879643387623474, 49.378699810555567 ], [ 37.879166839099881, 49.378751520525718 ], [ 37.876613900580686, 49.378286128835555 ], [ 37.87541118287831, 49.378241805587585 ], [ 37.871734951410687, 49.378552067483866 ], [ 37.869193359284907, 49.378773681924855 ], [ 37.866209257815797, 49.379261230177356 ], [ 37.865596552571191, 49.379268617234892 ], [ 37.865324239129144, 49.379423745186685 ], [ 37.862158595365337, 49.379962995685602 ], [ 37.8611601127445, 49.380095960652653 ], [ 37.86086238590493, 49.380148124682798 ], [ 37.860643851843939, 49.380251085992874 ], [ 37.860473655942663, 49.380269553262657 ], [ 37.860376238513602, 49.380284327733975 ], [ 37.859475173321819, 49.380420984613153 ], [ 37.852962343499513, 49.380590882646032 ], [ 37.852985036286348, 49.379719225644976 ], [ 37.851056149405181, 49.379756160577344 ], [ 37.851283077273543, 49.380974997772583 ], [ 37.847016833348114, 49.381034092140951 ], [ 37.84710760449547, 49.387031800872165 ], [ 37.837213549434381, 49.39485652814755 ], [ 37.834535800587574, 49.397212195306807 ], [ 37.833276350918105, 49.397950625701611 ], [ 37.83318557977077, 49.39959728549659 ], [ 37.829078185353218, 49.400453822125172 ], [ 37.828317976994171, 49.399346228826033 ], [ 37.827444304700933, 49.399781885170817 ], [ 37.825322529131647, 49.400453822125151 ], [ 37.824970790935666, 49.4004833576045 ], [ 37.82477790224754, 49.400439054378829 ], [ 37.82466443831337, 49.400313528355646 ], [ 37.824709823887041, 49.400128930679855 ], [ 37.823132675201826, 49.394265747503582 ], [ 37.81859411783438, 49.392279195470884 ], [ 37.800360463610616, 49.395631916959154 ], [ 37.786415746099088, 49.399914796506607 ], [ 37.768130391861227, 49.403913062898781 ], [ 37.766551180116302, 49.401087003490339 ], [ 37.765705173824387, 49.400401873685048 ], [ 37.765347971167785, 49.399349691443916 ], [ 37.763876860226823, 49.397642906029006 ], [ 37.746975534528239, 49.40431065560842 ], [ 37.740320285031778, 49.407381186243491 ], [ 37.741147967410242, 49.410101708162223 ], [ 37.75406994002023, 49.413641604386427 ], [ 37.766024072576499, 49.431354268506063 ], [ 37.761446450700518, 49.444383711501239 ], [ 37.751506471769737, 49.447478971007527 ], [ 37.740729441981635, 49.445268091299823 ], [ 37.73769513262382, 49.448652397427978 ], [ 37.741226440928166, 49.449944834603855 ], [ 37.744025329732374, 49.450744087911055 ], [ 37.75508682241847, 49.455406694984411 ], [ 37.755416797307603, 49.455246215072279 ], [ 37.757390811988749, 49.453975227405643 ], [ 37.758124017441752, 49.456969328411233 ], [ 37.75962802862739, 49.456529390339135 ], [ 37.76116991328982, 49.456547430587875 ], [ 37.761328870250374, 49.456944836384842 ], [ 37.761544451725328, 49.456893208736645 ], [ 37.761771379593711, 49.456605567986898 ], [ 37.762293313690968, 49.456502311921376 ], [ 37.762883326148732, 49.456627694258366 ], [ 37.762123117789677, 49.456679322186247 ], [ 37.761896189921316, 49.456738325465793 ], [ 37.761873497134474, 49.456871082585074 ], [ 37.762066385822592, 49.456907959498828 ], [ 37.762191196150198, 49.457070217589731 ], [ 37.762372738444903, 49.457018590073623 ], [ 37.762690437460613, 49.457188223136583 ], [ 37.762452163198816, 49.457306228399325 ], [ 37.762531587952751, 49.457402107466095 ], [ 37.762781208607969, 49.457424233377935 ], [ 37.763019482869758, 49.457593865036891 ], [ 37.763201025164456, 49.457593865036891 ], [ 37.76331448909864, 49.457704494063357 ], [ 37.763586802540686, 49.457697118802692 ], [ 37.763927194343246, 49.457571739201619 ], [ 37.7641427758182, 49.45756436392098 ], [ 37.764301625326063, 49.457689743540925 ], [ 37.76399527270376, 49.457726619838681 ], [ 37.763859115982733, 49.457844623805059 ], [ 37.763518724180166, 49.457903625681702 ], [ 37.763166985984199, 49.457955252265471 ], [ 37.762940058115831, 49.457962627487291 ], [ 37.762769862214547, 49.458073255681335 ], [ 37.762679091067191, 49.458191258813059 ], [ 37.762724476640869, 49.458272385801308 ], [ 37.762622359100106, 49.458405138765116 ], [ 37.762418124018559, 49.458530516234077 ], [ 37.762089078609435, 49.458648518264788 ], [ 37.762588319919864, 49.459769523385432 ], [ 37.766400708108506, 49.461524729893441 ], [ 37.778039419689279, 49.481691143159175 ], [ 37.765003765630858, 49.485694437387437 ], [ 37.744551504886481, 49.490817984099934 ], [ 37.732389893835986, 49.500784720582999 ], [ 37.733263566129217, 49.502192136347411 ], [ 37.734800890817475, 49.504652724910351 ], [ 37.736400843909472, 49.507213554323606 ], [ 37.736497288253524, 49.507342490771862 ], [ 37.736741235712024, 49.507556156137973 ], [ 37.736979509973821, 49.50832976431272 ], [ 37.737524136857914, 49.509206505455481 ], [ 37.740338042425734, 49.510650515437732 ], [ 37.736230648008188, 49.512116584004453 ], [ 37.734131565225738, 49.512985890341987 ], [ 37.732089214410387, 49.51379624674275 ], [ 37.728367597369072, 49.515170138508111 ], [ 37.72780027769813, 49.515273270917156 ], [ 37.723540585802077, 49.516160956940773 ], [ 37.714396417051162, 49.517166956605877 ], [ 37.713344263743018, 49.515005894769267 ], [ 37.712177330073956, 49.513962589360936 ], [ 37.711631667076553, 49.512658060529262 ], [ 37.711767823797587, 49.512201305216813 ], [ 37.711824555764679, 49.511884520801736 ], [ 37.711801862977836, 49.511729811388285 ], [ 37.711416085601599, 49.511582468634828 ], [ 37.711824555764672, 49.511228844215694 ], [ 37.711972058879113, 49.51085311546926 ], [ 37.71181320937125, 49.510307935293611 ], [ 37.711279928880572, 49.509519623484223 ], [ 37.710803380356985, 49.508937590725189 ], [ 37.709509891507267, 49.508230301089867 ], [ 37.708477369706181, 49.5076924594185 ], [ 37.70724061282354, 49.506823059007303 ], [ 37.706741371513118, 49.506940944714266 ], [ 37.706287515776381, 49.50657991883962 ], [ 37.706616561185513, 49.50615257864694 ], [ 37.706582522005256, 49.506012587082509 ], [ 37.705958470367236, 49.505563137773422 ], [ 37.705697503318611, 49.50531999134423 ], [ 37.705368457909465, 49.505040003050105 ], [ 37.704540171189905, 49.504782117677465 ], [ 37.704086315453154, 49.504421075872187 ], [ 37.703428224634884, 49.504185292030691 ], [ 37.702645323488994, 49.503765299248471 ], [ 37.702055311031216, 49.503308460900726 ], [ 37.701113560377458, 49.503146355945589 ], [ 37.700354274488866, 49.502949121309008 ], [ 37.698606007431927, 49.502144240664812 ], [ 37.698015994974149, 49.501982131852621 ], [ 37.697142322680918, 49.501996869039559 ], [ 37.695394978094441, 49.501694755820196 ], [ 37.694804965636678, 49.502092660646461 ], [ 37.694283031539413, 49.50229898039364 ], [ 37.693999371703946, 49.502475825198808 ], [ 37.694044757277624, 49.502564247361704 ], [ 37.694271685145992, 49.502578984373322 ], [ 37.694509959407796, 49.50270424879286 ], [ 37.694600730555138, 49.502726354245368 ], [ 37.694475920227532, 49.502888460591969 ], [ 37.694543998588045, 49.503094776983637 ], [ 37.694725540882743, 49.503227408490311 ], [ 37.694714194489329, 49.503418986698605 ], [ 37.694861697603777, 49.503544248967678 ], [ 37.695111318258967, 49.503581090750501 ], [ 37.695168050226066, 49.503875824014379 ], [ 37.695391948179683, 49.503992906778556 ], [ 37.695780755470658, 49.504782117677486 ], [ 37.695769409077236, 49.504999478295858 ], [ 37.695930892409471, 49.505960706954475 ], [ 37.696262977190955, 49.506797271471058 ], [ 37.6966033689935, 49.507449323571592 ], [ 37.696977799976324, 49.50848080067189 ], [ 37.697329538172305, 49.50923229172183 ], [ 37.697431655713075, 49.509666972451335 ], [ 37.697964936203753, 49.510271098576133 ], [ 37.698123785711608, 49.510665250013794 ], [ 37.698549275464806, 49.511284098199717 ], [ 37.698517095542634, 49.511511613812274 ], [ 37.698498216694425, 49.511645089359291 ], [ 37.698634373415445, 49.511825583940038 ], [ 37.698829380247901, 49.511977210192271 ], [ 37.699093902348892, 49.512182887574454 ], [ 37.699235688009914, 49.512582988893463 ], [ 37.699388908577781, 49.513015358082725 ], [ 37.699627182839578, 49.513324768288335 ], [ 37.699978921035559, 49.514297187620912 ], [ 37.700149116936842, 49.514731823343517 ], [ 37.700149116936842, 49.514982289632862 ], [ 37.699956228248723, 49.515195921630792 ], [ 37.699888149888203, 49.515586350112486 ], [ 37.699888149888203, 49.51579261295781 ], [ 37.699808725134282, 49.516035707337295 ], [ 37.700228541690755, 49.516102005594739 ], [ 37.700160463330256, 49.517450050670178 ], [ 37.69968391480667, 49.517545812021545 ], [ 37.69968391480667, 49.517855193567527 ], [ 37.69978603234744, 49.518017249786709 ], [ 37.700126424150007, 49.518039348320443 ], [ 37.700137770543407, 49.518886451252087 ], [ 37.700115077756564, 49.519041138029124 ], [ 37.699808725134275, 49.519232654313228 ], [ 37.700012960215808, 49.519696709891107 ], [ 37.699967574642123, 49.520072370704966 ], [ 37.699513718905386, 49.520425931187674 ], [ 37.699491026118551, 49.520845780940668 ], [ 37.699888149888203, 49.521265627088837 ], [ 37.699479679725137, 49.521567619457642 ], [ 37.699888149888203, 49.521707566508326 ], [ 37.699763339560597, 49.52191380353716 ], [ 37.699956228248702, 49.522142136375876 ], [ 37.700012960215808, 49.522422026788135 ], [ 37.700478162345973, 49.522584067873481 ], [ 37.700614319066993, 49.522841859402526 ], [ 37.70064835824725, 49.523335342252679 ], [ 37.700580279886736, 49.523850916029822 ], [ 37.700466815952552, 49.524116066141147 ], [ 37.700682397427506, 49.524351753921849 ], [ 37.700614319066993, 49.524808395763927 ], [ 37.700671051034085, 49.525382874604212 ], [ 37.700489508739388, 49.525500715583263 ], [ 37.698685432185812, 49.526008901551876 ], [ 37.697573485630791, 49.526310864625557 ], [ 37.696279996781065, 49.526458163009103 ], [ 37.693999371703917, 49.526612825834185 ], [ 37.693828623592736, 49.52651035859401 ], [ 37.693698692278318, 49.526432385824016 ], [ 37.693375320065897, 49.526432385824016 ], [ 37.693148392197529, 49.526546541826214 ], [ 37.693104275766217, 49.52678233046295 ], [ 37.692660497280514, 49.526855866427937 ], [ 37.692064811626047, 49.526918467597312 ], [ 37.69194712364115, 49.526957280656859 ], [ 37.691919721835774, 49.526984682462235 ], [ 37.69191698165524, 49.52702030480922 ], [ 37.691934792828732, 49.527064147697814 ], [ 37.692025099249065, 49.527113635434354 ], [ 37.692217987937191, 49.527260931399233 ], [ 37.692461935395698, 49.527286708147464 ], [ 37.692768288017994, 49.52727197857871 ], [ 37.693046647216491, 49.527186953032611 ], [ 37.693154065394232, 49.527154141868934 ], [ 37.69341503244285, 49.527397179771647 ], [ 37.693607921130983, 49.527448733110816 ], [ 37.693902927359858, 49.527419274066524 ], [ 37.694044757277595, 49.527386132620457 ], [ 37.694112835638109, 49.52745241549011 ], [ 37.694351109899898, 49.5274376859713 ], [ 37.694441881047254, 49.52748555689125 ], [ 37.694578037768274, 49.527507651146195 ], [ 37.694759580062978, 49.52762180463764 ], [ 37.694856024407038, 49.527780146136088 ], [ 37.694861697603741, 49.527850110820879 ], [ 37.694765253259682, 49.527864840215436 ], [ 37.694668808915623, 49.527772781426606 ], [ 37.694243319162418, 49.527610757537204 ], [ 37.693999371703917, 49.527632851735568 ], [ 37.693840522196048, 49.527684404826232 ], [ 37.693868888179601, 49.527920075405532 ], [ 37.694027737687463, 49.528343543122908 ], [ 37.693975049410753, 49.528463826951771 ], [ 37.693863214982905, 49.528719137506961 ], [ 37.693806483015798, 49.52909104674972 ], [ 37.694022064490753, 49.529426130872082 ], [ 37.694214953178879, 49.529451906478677 ], [ 37.694362456293319, 49.529367215148852 ], [ 37.694523393515901, 49.529217989631398 ], [ 37.694600730555116, 49.52914628055435 ], [ 37.694799292439939, 49.529197832049043 ], [ 37.694844678013617, 49.529271476947159 ], [ 37.694856024407038, 49.529532915439468 ], [ 37.694805268570114, 49.529605665261002 ], [ 37.694719867686004, 49.529728072839191 ], [ 37.694543998588017, 49.52978330592407 ], [ 37.694277358342681, 49.530077881322782 ], [ 37.694214953178879, 49.530394547896577 ], [ 37.694175240801911, 49.530512376795727 ], [ 37.693971005720371, 49.530718576685807 ], [ 37.693800809819102, 49.530814312053373 ], [ 37.69372138506516, 49.531119927549085 ], [ 37.693812156212502, 49.531252483073587 ], [ 37.694073123261141, 49.531362945736106 ], [ 37.694345436703195, 49.531362945736106 ], [ 37.694657462522201, 49.53121566213062 ], [ 37.694770926456378, 49.531112563342745 ], [ 37.694827658423485, 49.531009464337416 ], [ 37.694941122357662, 49.530943186290585 ], [ 37.695020547111589, 49.530869543910939 ], [ 37.694963815144511, 49.531035239109137 ], [ 37.694776599653103, 49.531366627820553 ], [ 37.694770926456378, 49.531782701577015 ], [ 37.694725540882722, 49.531992578145747 ], [ 37.694634769735366, 49.532066218833499 ], [ 37.694390822276866, 49.532971990218016 ], [ 37.694118508834812, 49.533737832601801 ], [ 37.693925620146693, 49.534271706011424 ], [ 37.693704365475043, 49.53474666434996 ], [ 37.693607921130983, 49.53479452811257 ], [ 37.693477437606667, 49.534945482749166 ], [ 37.693290222115259, 49.535133254939126 ], [ 37.693176758181075, 49.535328389979981 ], [ 37.693171084984357, 49.535586114311613 ], [ 37.693233490148167, 49.535762838782126 ], [ 37.693693019081621, 49.535843837284212 ], [ 37.694022064490753, 49.535854882524077 ], [ 37.694209279982168, 49.535818065048105 ], [ 37.694555344981438, 49.535530887783523 ], [ 37.694685828505754, 49.535501433609696 ], [ 37.694935449160965, 49.535483024742042 ], [ 37.695111318258945, 49.535361526041612 ], [ 37.695440363668091, 49.53511116413069 ], [ 37.695502768831894, 49.535030164414337 ], [ 37.695519788422018, 49.534923391855855 ], [ 37.695618372448109, 49.534893570873685 ], [ 37.695820467847618, 49.534978619070408 ], [ 37.695984990552184, 49.534967573632485 ], [ 37.696070088502829, 49.535033846222539 ], [ 37.696245957600809, 49.535011755369176 ], [ 37.696336728748157, 49.535022800797094 ], [ 37.696359421534993, 49.535210572690012 ], [ 37.696331055551447, 49.535346798905877 ], [ 37.696217591617255, 49.535420434540136 ], [ 37.696183552437013, 49.535630295489142 ], [ 37.696245957600809, 49.535770202287857 ], [ 37.696427499895513, 49.535888018228768 ], [ 37.696535290632987, 49.536182556838476 ], [ 37.6966033689935, 49.536502865561694 ], [ 37.696614715386922, 49.536624361424799 ], [ 37.696529617436276, 49.536697995134219 ], [ 37.696580676206665, 49.536797400465957 ], [ 37.696455865879052, 49.536981483879707 ], [ 37.696319709158047, 49.537040390425673 ], [ 37.696353748338289, 49.537125068461094 ], [ 37.696132493666632, 49.537191338125609 ], [ 37.695911238994967, 49.537283379177246 ], [ 37.695792305381531, 49.537589565267965 ], [ 37.695804380706583, 49.537776723208403 ], [ 37.695667291536466, 49.537850348232539 ], [ 37.695474402848347, 49.537912935322531 ], [ 37.69533257293061, 49.538166964453104 ], [ 37.695162377029348, 49.53842467381596 ], [ 37.694980834734643, 49.538560891073011 ], [ 37.694804965636649, 49.53881491683542 ], [ 37.694731214079432, 49.53887382117145 ], [ 37.694702848095886, 49.53897322207748 ], [ 37.694952468751097, 49.539105756304323 ], [ 37.694504286211057, 49.539282468047681 ], [ 37.694521305801189, 49.539356097752133 ], [ 37.694453227440675, 49.539422364391292 ], [ 37.694351109899898, 49.539448134726705 ], [ 37.694283031539399, 49.539529127120929 ], [ 37.694220626375589, 49.53958803059605 ], [ 37.694226299572293, 49.53966902275841 ], [ 37.69412418203153, 49.539742651880438 ], [ 37.69412418203153, 49.5398420510192 ], [ 37.694044757277609, 49.539923042760542 ], [ 37.694118508834812, 49.540107114400747 ], [ 37.694197933588747, 49.540162335757579 ], [ 37.694413515063708, 49.540081344412854 ], [ 37.694680155309051, 49.54004084869014 ], [ 37.694901409980709, 49.539923042760542 ], [ 37.695134011045795, 49.539897272675582 ], [ 37.695446036864801, 49.539742651880438 ], [ 37.695604886372664, 49.539702155877052 ], [ 37.695746716290401, 49.539911998440083 ], [ 37.695950084785188, 49.540035020615932 ], [ 37.69608143489625, 49.540114477251919 ], [ 37.696143840060053, 49.540313273814583 ], [ 37.696297016371211, 49.540508388172995 ], [ 37.696251630797533, 49.540802898936626 ], [ 37.69680760407504, 49.540902295918698 ], [ 37.697199054647982, 49.541344057837371 ], [ 37.697533773253816, 49.541686420577349 ], [ 37.697925223826772, 49.54200301194409 ], [ 37.698543602268096, 49.542216525893714 ], [ 37.699303810627143, 49.542194438286998 ], [ 37.699780359150729, 49.542212844626619 ], [ 37.700126424149985, 49.54235273258103 ], [ 37.700381718001914, 49.542636188523858 ], [ 37.700659704640671, 49.542765031590626 ], [ 37.701045482016909, 49.543022716704954 ], [ 37.701431259393132, 49.543519677016235 ], [ 37.701692226441764, 49.543931966179024 ], [ 37.70181703676937, 49.544491495906762 ], [ 37.701590108901016, 49.54493322537612 ], [ 37.701323468655673, 49.545161450703866 ], [ 37.700961325074395, 49.545393661854995 ], [ 37.700841246935376, 49.545470657511771 ], [ 37.700568933493322, 49.545835077308794 ], [ 37.700455469559138, 49.546762679071961 ], [ 37.700512201526223, 49.547344261670645 ], [ 37.70085259332879, 49.547800688734554 ], [ 37.701246999068964, 49.548116358209398 ], [ 37.701510684147081, 49.548728253176932 ], [ 37.701624148081265, 49.549353981146396 ], [ 37.701686553245061, 49.549858238442518 ], [ 37.701646840868108, 49.55012692816068 ], [ 37.701484998159067, 49.550384475842982 ], [ 37.701346161442515, 49.550605413040451 ], [ 37.70135750783593, 49.551209033433615 ], [ 37.701051155213619, 49.551577090988189 ], [ 37.701113560377429, 49.551797924189735 ], [ 37.701442605786575, 49.552129172120075 ], [ 37.701550396524048, 49.552375766342941 ], [ 37.701658187261529, 49.552821104994052 ], [ 37.701741937197831, 49.552833090097394 ], [ 37.702043964637753, 49.552876311981976 ], [ 37.702129062588412, 49.552935199366985 ], [ 37.702564572379593, 49.553137288955028 ], [ 37.702826865783656, 49.553075056621843 ], [ 37.703524668978908, 49.553321646069357 ], [ 37.703507997171016, 49.553374822997235 ], [ 37.70345659061838, 49.553538790969938 ], [ 37.703802655617658, 49.553535110555941 ], [ 37.704171413403763, 49.553630801229829 ], [ 37.704490457936011, 49.553622185456796 ], [ 37.704600718348679, 49.553690298130803 ], [ 37.704585556763547, 49.553785378076263 ], [ 37.704596903156968, 49.554142375113891 ], [ 37.704664981517482, 49.554528812265119 ], [ 37.704857870205586, 49.555066138841546 ], [ 37.705147203237765, 49.555158146224166 ], [ 37.705300379548923, 49.555264874570881 ], [ 37.705379804302851, 49.555364242132285 ], [ 37.705782601269213, 49.55555193586337 ], [ 37.706054914711252, 49.555643942330832 ], [ 37.706128666268476, 49.555684425121591 ], [ 37.706452038480911, 49.555772751094075 ], [ 37.706724351922958, 49.555732268376524 ], [ 37.707274652003754, 49.555559296387138 ], [ 37.707541292249104, 49.555342160469444 ], [ 37.707836298477993, 49.55522807171905 ], [ 37.708517082083098, 49.55495941006054 ], [ 37.708732663558052, 49.554941008523002 ], [ 37.709027669786941, 49.554878443243503 ], [ 37.709138998206988, 49.55479255736531 ], [ 37.709365224991153, 49.554810357407113 ], [ 37.709471774057498, 49.554876341226418 ], [ 37.709535420892422, 49.554972291132692 ], [ 37.709756675564087, 49.555016454782844 ], [ 37.709978212634311, 49.555003848201963 ], [ 37.710080047776522, 49.554998053266807 ], [ 37.710255916874516, 49.555036696442485 ], [ 37.710392953231704, 49.555108268207924 ], [ 37.7153675, 49.5563607 ], [ 37.731450007599634, 49.557153013942774 ], [ 37.732526050556942, 49.556886012677097 ], [ 37.733297605309417, 49.556878652353269 ], [ 37.734386859077603, 49.556746166334747 ], [ 37.739549468083098, 49.556576878121355 ], [ 37.740876996113073, 49.556635761044753 ], [ 37.741571832567693, 49.55656669630018 ], [ 37.74343889027373, 49.554340589035291 ], [ 37.749194971457598, 49.555352647265423 ], [ 37.751851624311698, 49.554952040882668 ], [ 37.757596833776297, 49.553575944780043 ], [ 37.758553302656019, 49.556214605273176 ], [ 37.753704093872848, 49.562582570616883 ], [ 37.753835182841179, 49.562593288236528 ], [ 37.762083671408647, 49.569813780603852 ], [ 37.767163136839784, 49.571204942830626 ], [ 37.773207295868602, 49.571736389497175 ], [ 37.772646565244898, 49.574610723529091 ], [ 37.777786595962226, 49.57583139852018 ], [ 37.781311188454104, 49.576394110752567 ], [ 37.784728975112884, 49.576991444330723 ], [ 37.789441782497889, 49.577952356919717 ], [ 37.794181291341125, 49.578809371103709 ], [ 37.798320017373257, 49.579588461846811 ], [ 37.790735079384469, 49.593206716794157 ], [ 37.790812798359291, 49.593918284244339 ], [ 37.794384096214237, 49.60027294405468 ], [ 37.789722147809726, 49.603651909566977 ], [ 37.789521886872691, 49.605347716214155 ], [ 37.789285245843573, 49.607426482611032 ], [ 37.789495185414417, 49.607437111149366 ], [ 37.820802645238089, 49.606680094343581 ], [ 37.823499492523545, 49.606766611144906 ], [ 37.829307059697655, 49.606853127792718 ], [ 37.833178771147054, 49.606879082757111 ], [ 37.836556505618447, 49.606913689354819 ], [ 37.838025085823396, 49.606991554109825 ], [ 37.840548373630085, 49.606991554109825 ], [ 37.844740502578752, 49.60694829592795 ], [ 37.846783164136546, 49.606853127792718 ], [ 37.848172617883108, 49.608669492656546 ], [ 37.84907688190993, 49.610472435644134 ], [ 37.850328939793215, 49.612162634132218 ], [ 37.851476659519562, 49.613357005721525 ], [ 37.852276585389433, 49.614033052139739 ], [ 37.853180849416262, 49.615520321251907 ], [ 37.852728717402854, 49.616444207997553 ], [ 37.852937393716722, 49.61736807722879 ], [ 37.854224230985665, 49.61829192894573 ], [ 37.855719744568468, 49.619779068091084 ], [ 37.856241435353184, 49.621626662595624 ], [ 37.856067538424938, 49.622257532479111 ], [ 37.855562952762753, 49.630298362639238 ], [ 37.848269078358875, 49.636028544593941 ], [ 37.829917935387648, 49.648127363117219 ], [ 37.82904253883197, 49.648463938852558 ], [ 37.827858327102248, 49.648919248998737 ], [ 37.827872100436402, 49.649885812977907 ], [ 37.796458984476921, 49.66875642595847 ] ] ] ] } }
]
}
