{
"type": "FeatureCollection",
"name": "grayzone040626",
"crs": { "type": "name", "properties": { "name": "urn:ogc:def:crs:OGC:1.3:CRS84" } },
"features": [
{ "type": "Feature", "properties": { "id": null }, "geometry": { "type": "MultiPolygon", "coordinates": [ [ [ [ 36.546445110855622, 47.974803680280061 ], [ 36.5622122, 47.9707513 ], [ 36.573224952742983, 47.977484157554933 ], [ 36.586489394921166, 47.96493454493983 ], [ 36.597467650337869, 47.959100465683498 ], [ 36.608591946448264, 47.964410349207427 ], [ 36.606959633352957, 47.973129119029089 ], [ 36.610034793049046, 47.979449289909368 ], [ 36.606461445288659, 47.992258119506424 ], [ 36.596547671550653, 47.994070901335476 ], [ 36.589573915728202, 47.996117635825875 ], [ 36.586962683554177, 47.998738216360721 ], [ 36.589073381268221, 47.99982995655764 ], [ 36.591246018931649, 48.000138056966058 ], [ 36.611081044071085, 48.001613132212611 ], [ 36.613656478923957, 48.006672110359609 ], [ 36.61265191174882, 48.023668731470416 ], [ 36.61392740750086, 48.027285346820449 ], [ 36.61995053225673, 48.034243583791124 ], [ 36.617286450089388, 48.052516032593047 ], [ 36.61899749661611, 48.077002362385599 ], [ 36.633529786351119, 48.08311903775936 ], [ 36.635057691760721, 48.087550296125428 ], [ 36.637934528822385, 48.0909200987101 ], [ 36.644320101336355, 48.090263947142525 ], [ 36.651171344659119, 48.085971013502949 ], [ 36.664058039940436, 48.087389397583763 ], [ 36.677441680526186, 48.089728140167452 ], [ 36.678977693285404, 48.100590564220326 ], [ 36.68619659927608, 48.110045778681055 ], [ 36.701507984540982, 48.111351048816708 ], [ 36.706986370094469, 48.110100491268611 ], [ 36.722509708928776, 48.097677424286054 ], [ 36.727783572635907, 48.100560669130004 ], [ 36.739495936581754, 48.10885910055903 ], [ 36.746502804821326, 48.11493799102287 ], [ 36.74796593883957, 48.116320468329107 ], [ 36.747342265569806, 48.116476691813794 ], [ 36.746649661120919, 48.116901489209113 ], [ 36.746501905505156, 48.117492511672161 ], [ 36.746640426394933, 48.118443688448629 ], [ 36.746409558245304, 48.119007006733725 ], [ 36.746904443843, 48.120453046219374 ], [ 36.7401532, 48.1299954 ], [ 36.740545507244732, 48.133145372217001 ], [ 36.741644439636971, 48.134807622894336 ], [ 36.743029648534744, 48.13560180932906 ], [ 36.747850175498996, 48.135500227343215 ], [ 36.75157177007101, 48.13574033021883 ], [ 36.75326172492629, 48.13459522419668 ], [ 36.760501750098648, 48.131279957568005 ], [ 36.76431569193052, 48.129857809766285 ], [ 36.768635892486898, 48.128309777593387 ], [ 36.77168216190293, 48.127590026749665 ], [ 36.771895440633912, 48.127797093041394 ], [ 36.771850351201238, 48.128250007364493 ], [ 36.770966085497214, 48.130658037432227 ], [ 36.769962032683978, 48.131535303043449 ], [ 36.769962032683978, 48.132887724832521 ], [ 36.772444781458539, 48.133350707891488 ], [ 36.773503600788864, 48.133082665576673 ], [ 36.774763230681828, 48.131913010010713 ], [ 36.777157013850136, 48.132611636832365 ], [ 36.780753129415245, 48.135107233733798 ], [ 36.782229770823477, 48.136718850215516 ], [ 36.783291095931339, 48.137682350185891 ], [ 36.791634608534814, 48.13608265337114 ], [ 36.791832128506911, 48.136018871008993 ], [ 36.793000480871399, 48.135775208897222 ], [ 36.800047106069769, 48.13303393046003 ], [ 36.805669719809337, 48.131148880793113 ], [ 36.812744129029284, 48.124310165703911 ], [ 36.818166067410743, 48.116215862574371 ], [ 36.826543647467439, 48.103706633478026 ], [ 36.83513720713821, 48.096676972027495 ], [ 36.850840756780073, 48.092874980259481 ], [ 36.886484249271547, 48.102970319565962 ], [ 36.889728, 48.113227 ], [ 36.886547288341355, 48.127021378550211 ], [ 36.894121808435401, 48.13332356952327 ], [ 36.894152074028888, 48.14808665977862 ], [ 36.891605384203508, 48.154580245425407 ], [ 36.891659129828071, 48.154828774341965 ], [ 36.889357378176676, 48.160447971230639 ], [ 36.8860968, 48.1688318 ], [ 36.895442081298093, 48.172260885604594 ], [ 36.913363787527182, 48.179620066080041 ], [ 36.920836680868874, 48.186602657318183 ], [ 36.925062800702698, 48.188541411898861 ], [ 36.924957587485963, 48.191917171453404 ], [ 36.923022756952392, 48.195170959581489 ], [ 36.917064358377409, 48.213942160675714 ], [ 36.922021562617303, 48.224557152937798 ], [ 36.919759482888367, 48.234456890497427 ], [ 36.915422599369194, 48.236327317176674 ], [ 36.914886448626355, 48.238776001841757 ], [ 36.913763085165144, 48.242746362944906 ], [ 36.914222642944722, 48.245670800148929 ], [ 36.926056255768877, 48.246002339162949 ], [ 36.935247411360464, 48.24547527613322 ], [ 36.963738991462208, 48.242880287631245 ], [ 36.970952075867579, 48.255545744658505 ], [ 36.942995806311515, 48.264192068540211 ], [ 36.936201618223414, 48.273249894201811 ], [ 36.956647186679248, 48.273474905962274 ], [ 36.959344423732709, 48.289095713243867 ], [ 36.973267988141416, 48.289800671976558 ], [ 36.980130398809386, 48.285723771036103 ], [ 36.99825698837401, 48.279737764164139 ], [ 37.011407449649525, 48.266690860714128 ], [ 37.031205902372008, 48.269016727667768 ], [ 37.043843718826352, 48.276196089731314 ], [ 37.028032631305962, 48.282333365035413 ], [ 37.041192462644034, 48.289517150148185 ], [ 37.040699205679886, 48.297256540051116 ], [ 37.043203413353531, 48.317561859823499 ], [ 37.047665718120683, 48.32102327380175 ], [ 37.035293595869078, 48.32808511436783 ], [ 37.024951716374311, 48.348474266219874 ], [ 37.026345190381328, 48.357487564994969 ], [ 37.028463500644129, 48.361400237312168 ], [ 37.042744671741971, 48.360509805549718 ], [ 37.043203413353545, 48.358612283429103 ], [ 37.048363136724518, 48.354256777972793 ], [ 37.054766702687026, 48.353670545723354 ], [ 37.062566404667443, 48.354937309726587 ], [ 37.064782715533227, 48.361860318576298 ], [ 37.075070521539182, 48.361169997647082 ], [ 37.089194, 48.3632849 ], [ 37.104038932581339, 48.358024592846441 ], [ 37.112317601057292, 48.353876081975336 ], [ 37.113174613139208, 48.35259007878323 ], [ 37.116260791318652, 48.351640119072613 ], [ 37.123704211028603, 48.352382711574073 ], [ 37.121172722949304, 48.366280331255247 ], [ 37.121547016638822, 48.366367365006404 ], [ 37.125217635364891, 48.348423385638739 ], [ 37.12960840676223, 48.346835693172437 ], [ 37.137993269847797, 48.341465908983295 ], [ 37.142452888836154, 48.341696188768893 ], [ 37.152202865135223, 48.34261450157117 ], [ 37.152425211115947, 48.343476311871648 ], [ 37.178764081135078, 48.345600709545337 ], [ 37.183605186275003, 48.35198368396906 ], [ 37.186104073584872, 48.35766026081329 ], [ 37.183526862941413, 48.358898515420584 ], [ 37.181019328223037, 48.360405533623549 ], [ 37.177085697964039, 48.378519316976153 ], [ 37.185603154325428, 48.376209338061436 ], [ 37.198880597295108, 48.371244648904145 ], [ 37.202128773183283, 48.370740258011125 ], [ 37.223999602364671, 48.373959415384164 ], [ 37.225186933456847, 48.374913320124129 ], [ 37.233092590036641, 48.376881678212371 ], [ 37.244155208872129, 48.377725567305234 ], [ 37.246506687448402, 48.378868475046197 ], [ 37.254620351264066, 48.388716020499089 ], [ 37.242724956167244, 48.398745581463913 ], [ 37.221073511426781, 48.40513784971936 ], [ 37.219729839678671, 48.405556188758467 ], [ 37.21893194800144, 48.405622679731572 ], [ 37.220352739702527, 48.419145258542883 ], [ 37.207995428690573, 48.423145555042261 ], [ 37.205504012359491, 48.434717784397861 ], [ 37.202018843059939, 48.439963840244936 ], [ 37.185414009105685, 48.444512845163338 ], [ 37.174139952050403, 48.448305073058037 ], [ 37.173677140654554, 48.452692902095301 ], [ 37.20302482799115, 48.450490006514947 ], [ 37.223694619693745, 48.454755142900318 ], [ 37.230817833015713, 48.469289247351206 ], [ 37.240084665642911, 48.470223407682759 ], [ 37.249015660774752, 48.46491706999003 ], [ 37.253160036188106, 48.46502290275653 ], [ 37.264944617184888, 48.466866258724501 ], [ 37.265286786232998, 48.468749631381804 ], [ 37.265592760774993, 48.477810168683355 ], [ 37.291486850625972, 48.48359343088098 ], [ 37.303899739483263, 48.48771913253308 ], [ 37.3162906, 48.4889549 ], [ 37.316775315137754, 48.483576350891866 ], [ 37.322354889187011, 48.481734275413949 ], [ 37.3393595, 48.4721198 ], [ 37.3471827, 48.473211 ], [ 37.351920698357198, 48.474052384681364 ], [ 37.3523037, 48.4786336 ], [ 37.358626610750029, 48.490616003666034 ], [ 37.363290334126766, 48.499472670115324 ], [ 37.368298924374123, 48.50170757765293 ], [ 37.383641694498962, 48.501430320041692 ], [ 37.396237740240885, 48.49796216352518 ], [ 37.415918571649968, 48.49305726600651 ], [ 37.425534888163959, 48.495046340168393 ], [ 37.440588345407583, 48.493798253699353 ], [ 37.445724332925586, 48.495124262415722 ], [ 37.469520110844279, 48.491172715624984 ], [ 37.483312866331026, 48.470128277752444 ], [ 37.515690148067762, 48.45389331563203 ], [ 37.544511965314598, 48.452090809397809 ], [ 37.55747728198201, 48.455245971679432 ], [ 37.571112640854452, 48.455868093212523 ], [ 37.585058428114984, 48.45411998241287 ], [ 37.589570041400577, 48.457852278744369 ], [ 37.598408649938548, 48.459749790315065 ], [ 37.599928571105274, 48.461045683362407 ], [ 37.60393563599937, 48.461582356654077 ], [ 37.612206375854676, 48.466111129664505 ], [ 37.619583260078784, 48.465360134170751 ], [ 37.627433462371151, 48.45939685419107 ], [ 37.635829287926512, 48.465236625935077 ], [ 37.637247238395467, 48.467863155786937 ], [ 37.636140433596395, 48.47308765493166 ], [ 37.648440330094587, 48.493641731886676 ], [ 37.658046828405624, 48.497571658307344 ], [ 37.6665384, 48.4988911 ], [ 37.676013740079696, 48.517323133800268 ], [ 37.671659312476159, 48.526427452389022 ], [ 37.6728531, 48.5294758 ], [ 37.6783251, 48.5254252 ], [ 37.679635177134706, 48.53058599753961 ], [ 37.680599304261087, 48.530722659840634 ], [ 37.680982890212384, 48.530507851707902 ], [ 37.68221803697557, 48.530569225460113 ], [ 37.682847117935701, 48.531098574072907 ], [ 37.683008224035248, 48.532218645050705 ], [ 37.68442539084463, 48.533268080479971 ], [ 37.685532219594805, 48.532847726010829 ], [ 37.686330234405183, 48.531389716872582 ], [ 37.688048543435315, 48.530131937475602 ], [ 37.688746669866688, 48.528052901619574 ], [ 37.689992475441038, 48.526825396814075 ], [ 37.680825074163693, 48.51858744303766 ], [ 37.688067, 48.5115769 ], [ 37.6907285, 48.5049723 ], [ 37.7040951, 48.5156892 ], [ 37.7184947, 48.5159425 ], [ 37.7196729, 48.5110791 ], [ 37.6957922, 48.4989361 ], [ 37.696824990001041, 48.498087167104046 ], [ 37.698155946970353, 48.4923702905052 ], [ 37.704423429387823, 48.489843211485557 ], [ 37.709947069290621, 48.493172755465352 ], [ 37.7456896, 48.4815242 ], [ 37.747986102639089, 48.485248506646215 ], [ 37.758655889103778, 48.493065317501475 ], [ 37.757560097179208, 48.494384613822618 ], [ 37.752814378040277, 48.494006310167237 ], [ 37.747071271510436, 48.498182576082897 ], [ 37.747884454735903, 48.499148007953949 ], [ 37.732003849359302, 48.509746778495639 ], [ 37.737387989345159, 48.512913887843581 ], [ 37.742523053677736, 48.514871584066576 ], [ 37.746928905174769, 48.516408567431789 ], [ 37.742254526391882, 48.520158707710344 ], [ 37.748102523789655, 48.524848032475042 ], [ 37.744208402136636, 48.527417393267463 ], [ 37.74319145997918, 48.528713268130971 ], [ 37.741541108135074, 48.529550066249108 ], [ 37.73685155201467, 48.525278909187783 ], [ 37.735435240088968, 48.528107167852745 ], [ 37.73846122617249, 48.530967974171496 ], [ 37.7280856, 48.5351806 ], [ 37.71631238930528, 48.534945734977462 ], [ 37.698242245825931, 48.54300941232119 ], [ 37.7032036, 48.5457762 ], [ 37.7241486, 48.5471321 ], [ 37.731685002773823, 48.549846288346714 ], [ 37.740368575817435, 48.545430362795415 ], [ 37.769642174709169, 48.547110302839222 ], [ 37.790346360082431, 48.545293117404825 ], [ 37.803416219505095, 48.546001755052956 ], [ 37.815280819062522, 48.549956741981546 ], [ 37.818154888372078, 48.554679786514072 ], [ 37.8216478, 48.5617316 ], [ 37.822359176127726, 48.564303623449931 ], [ 37.823962065186208, 48.567251459225794 ], [ 37.824007143700804, 48.57037160510005 ], [ 37.821792031318608, 48.570393646285176 ], [ 37.820401340462112, 48.570222826849154 ], [ 37.814713664683779, 48.577567541522683 ], [ 37.822608125354144, 48.57749040827796 ], [ 37.825073062441106, 48.578382942911361 ], [ 37.826472080787745, 48.579011013392233 ], [ 37.829161329515479, 48.579286658602925 ], [ 37.824982377115163, 48.582534074753674 ], [ 37.822457401121795, 48.585727335692781 ], [ 37.821306309124815, 48.585260640913503 ], [ 37.820062387128075, 48.585469425952745 ], [ 37.817314619135296, 48.584041687511011 ], [ 37.808959919157225, 48.584152223540464 ], [ 37.798627940184339, 48.585202303763104 ], [ 37.794151263110038, 48.585406505444951 ], [ 37.790839503204808, 48.580317096104466 ], [ 37.7777827, 48.5802588 ], [ 37.776830531235611, 48.585861410464716 ], [ 37.7765813, 48.5873279 ], [ 37.77509553524613, 48.594734928627361 ], [ 37.768801726960703, 48.595692858330281 ], [ 37.751126829309065, 48.598676396709365 ], [ 37.746783807368558, 48.605194427457285 ], [ 37.745593080651915, 48.607601763156246 ], [ 37.75304505300943, 48.620514311575654 ], [ 37.764620180459083, 48.622112215546288 ], [ 37.7785837, 48.6235806 ], [ 37.776979976822474, 48.62926133227711 ], [ 37.774365030502466, 48.633479942053569 ], [ 37.7819024, 48.6447567 ], [ 37.787975297462879, 48.655706938484919 ], [ 37.792694519973999, 48.658957898651884 ], [ 37.797896069930232, 48.662595976944971 ], [ 37.804580643194583, 48.669169822497416 ], [ 37.809790135220524, 48.679762927758432 ], [ 37.79944758156752, 48.693349778233248 ], [ 37.800209959692296, 48.696693031040688 ], [ 37.806821544256735, 48.710491107125542 ], [ 37.806462205281157, 48.715841115772477 ], [ 37.794965115918401, 48.718117548899691 ], [ 37.794496180840397, 48.719408367771614 ], [ 37.793567506356517, 48.719488437946978 ], [ 37.792484301543702, 48.722373853099676 ], [ 37.811276492378411, 48.732024280835319 ], [ 37.791046982717468, 48.736926974781959 ], [ 37.791163941917489, 48.737559491093748 ], [ 37.803143190990298, 48.749071182535943 ], [ 37.805251582562029, 48.754754520014473 ], [ 37.796324074993905, 48.76288847135433 ], [ 37.802848166000288, 48.762367905373942 ], [ 37.813175663362763, 48.769028694185032 ], [ 37.81399437776296, 48.767486923504684 ], [ 37.811678585602408, 48.759098861784942 ], [ 37.817678592563823, 48.757475825968207 ], [ 37.820204911284435, 48.761010969712565 ], [ 37.81935110912422, 48.761519824881631 ], [ 37.822181521764904, 48.765613608429462 ], [ 37.827117200006086, 48.769190577360291 ], [ 37.847511767015611, 48.76778525319618 ], [ 37.854213967375323, 48.771420358779466 ], [ 37.8594053, 48.7836604 ], [ 37.871853219223048, 48.789758734654022 ], [ 37.875346820671844, 48.790034545294716 ], [ 37.885766333764735, 48.785590929416863 ], [ 37.893182575436732, 48.784801804528215 ], [ 37.900204376080431, 48.776793181707099 ], [ 37.90827881396563, 48.781447555234962 ], [ 37.921674582994349, 48.780054991949434 ], [ 37.935376418372442, 48.775261167652992 ], [ 37.941482036149615, 48.774365364984888 ], [ 37.945809695365661, 48.774896113744575 ], [ 37.949602687410852, 48.775698187195886 ], [ 37.9555325, 48.7777998 ], [ 37.947499853790319, 48.794886508406059 ], [ 37.9426104, 48.8017175 ], [ 37.95934085778206, 48.804650971775608 ], [ 37.959918463037518, 48.806224215499803 ], [ 37.949229233813682, 48.811388822158783 ], [ 37.946612133949351, 48.810629634297271 ], [ 37.945516623820133, 48.810691992816011 ], [ 37.944094224458929, 48.811900034085625 ], [ 37.933366404023936, 48.813319219434803 ], [ 37.931390226575374, 48.813952511821775 ], [ 37.930884737170103, 48.815089386106848 ], [ 37.93063737370349, 48.816633203441718 ], [ 37.93185167019282, 48.817891882971672 ], [ 37.933312993822611, 48.818934920601315 ], [ 37.933793685634434, 48.818950180658838 ], [ 37.951437933692944, 48.824879823350713 ], [ 37.949622684078442, 48.828287381935702 ], [ 37.93168160819058, 48.832262846541504 ], [ 37.9132783, 48.8256334 ], [ 37.914102244591923, 48.813425311280788 ], [ 37.91798648028864, 48.811072144153378 ], [ 37.924342802957611, 48.804538291698584 ], [ 37.920133886595714, 48.794448275987413 ], [ 37.904300344091467, 48.788827162778595 ], [ 37.901608928186597, 48.790788965102067 ], [ 37.891616330837621, 48.794504861173621 ], [ 37.884343781477625, 48.802916482157727 ], [ 37.880936563470385, 48.802501592223031 ], [ 37.873190004758094, 48.80149425806043 ], [ 37.865648820073986, 48.803380871938138 ], [ 37.863844998776031, 48.804887162481798 ], [ 37.857306146570934, 48.807072264116528 ], [ 37.859883034139443, 48.807772325083889 ], [ 37.869222581268218, 48.806325945546881 ], [ 37.876250876611842, 48.804992559269692 ], [ 37.880936563470385, 48.803538810624559 ], [ 37.886519819868795, 48.805311461506413 ], [ 37.893305623799201, 48.81249571332814 ], [ 37.8868492, 48.8224171 ], [ 37.895673403410257, 48.837271894252659 ], [ 37.8979275, 48.8457049 ], [ 37.905264983508175, 48.854174658812248 ], [ 37.903716144903903, 48.85933511852032 ], [ 37.893471379863527, 48.863301387171454 ], [ 37.886067662812493, 48.867207450188779 ], [ 37.916689436535599, 48.869730156769634 ], [ 37.922671639912835, 48.868736673606215 ], [ 37.925929275415292, 48.877385159488348 ], [ 37.918244, 48.880588 ], [ 37.9120854, 48.8878266 ], [ 37.916229467504273, 48.897529012550436 ], [ 37.913639370282084, 48.897444918484815 ], [ 37.910292426468999, 48.897613106616127 ], [ 37.908156437201349, 48.898050395757537 ], [ 37.907580894330032, 48.898395721480327 ], [ 37.907433228236705, 48.898386772020125 ], [ 37.904355385433718, 48.898168127449416 ], [ 37.902051208034756, 48.89813448982315 ], [ 37.899881581140839, 48.897747657121137 ], [ 37.896938288842897, 48.89705808578276 ], [ 37.895155494651, 48.897428099671643 ], [ 37.892969048943961, 48.897394462045384 ], [ 37.893490432151026, 48.898302677954462 ], [ 37.894079090610603, 48.900186385025144 ], [ 37.891270348817706, 48.899496813686767 ], [ 37.890059394272271, 48.901010506868566 ], [ 37.885619227605659, 48.901632802954431 ], [ 37.88302913038347, 48.904121987297835 ], [ 37.880220388590573, 48.904374269494795 ], [ 37.880177672836659, 48.904416779509731 ], [ 37.8801558, 48.90441 ], [ 37.8442415, 48.9115211 ], [ 37.8442347, 48.92487 ], [ 37.861652, 48.9408098 ], [ 37.8705467, 48.9512797 ], [ 37.8604697, 48.9557719 ], [ 37.854331800973142, 48.964179681426558 ], [ 37.865242387546466, 48.970836988488244 ], [ 37.865190388167655, 48.972535634862773 ], [ 37.879194434179929, 48.974851908948672 ], [ 37.879976572006591, 48.9752797450248 ], [ 37.886161934335568, 48.978841014244495 ], [ 37.889496510665985, 48.982068955499805 ], [ 37.893535772750397, 48.982587250620576 ], [ 37.896008977610364, 48.982154601206432 ], [ 37.905005868270713, 48.982730295102854 ], [ 37.912837982908052, 48.982904342094798 ], [ 37.917490392884936, 49.003381640108181 ], [ 37.905106279996822, 49.005349709940127 ], [ 37.8920661438314, 49.006380603661633 ], [ 37.877245373056127, 49.005028392416527 ], [ 37.87346989215402, 49.006742085875644 ], [ 37.865478483125166, 49.005299370039538 ], [ 37.853981588744382, 49.005939027351246 ], [ 37.848722708004395, 49.009978289655173 ], [ 37.837869423649877, 49.018623886153215 ], [ 37.836936983391823, 49.018734234112742 ], [ 37.83629144782855, 49.01962805258497 ], [ 37.837742523496416, 49.020152205392748 ], [ 37.842321963817049, 49.022557790910604 ], [ 37.847883500977538, 49.022999182748748 ], [ 37.858101722030348, 49.02061566682282 ], [ 37.8597928, 49.0182889 ], [ 37.918906398371092, 49.025081253874468 ], [ 37.917832491142661, 49.027159368187249 ], [ 37.917169818999859, 49.028910715993234 ], [ 37.916625481168268, 49.031821740049125 ], [ 37.9152605, 49.0350485 ], [ 37.9199808, 49.0408082 ], [ 37.927222586147423, 49.04412988075579 ], [ 37.932906852079078, 49.059003265140191 ], [ 37.917097135817521, 49.061938621055489 ], [ 37.879068163607293, 49.062499516283509 ], [ 37.866428265755808, 49.056878343911137 ], [ 37.849054549131914, 49.057857205634583 ], [ 37.835924304505163, 49.055219433276534 ], [ 37.794276595358276, 49.065952533494546 ], [ 37.781019, 49.065942 ], [ 37.763717074510268, 49.061939232784574 ], [ 37.744923682722387, 49.05408011692613 ], [ 37.729920245599708, 49.058814522674922 ], [ 37.731066509665915, 49.051766691213523 ], [ 37.7255964, 49.0483269 ], [ 37.7053929, 49.0593557 ], [ 37.703615580782163, 49.065490171482153 ], [ 37.708615770737218, 49.07299665732706 ], [ 37.70740969476816, 49.076815311346166 ], [ 37.707811720091186, 49.077407834798315 ], [ 37.703464821286047, 49.084007409845633 ], [ 37.688514504586259, 49.086113822727299 ], [ 37.675850706911142, 49.096743261853469 ], [ 37.673761416190125, 49.110599574466569 ], [ 37.674983670967954, 49.117741400577579 ], [ 37.6808834, 49.1270976 ], [ 37.700065471807612, 49.136243681015792 ], [ 37.71429369021714, 49.140097086042339 ], [ 37.716140130867778, 49.147541465808395 ], [ 37.71620085788674, 49.151787382994769 ], [ 37.716734350304201, 49.153147591865107 ], [ 37.715236156931233, 49.162005692242317 ], [ 37.733877408808191, 49.159921657136891 ], [ 37.745504734947353, 49.163261252555557 ], [ 37.75259043126556, 49.163791130757993 ], [ 37.75700014652741, 49.164407261073237 ], [ 37.744901696962827, 49.17271194956222 ], [ 37.746763, 49.178811 ], [ 37.754776443959472, 49.183774488952196 ], [ 37.769343580273201, 49.184735260963528 ], [ 37.769852393572656, 49.186077847013259 ], [ 37.776768485457694, 49.184070113096361 ], [ 37.783400007696876, 49.188608037807228 ], [ 37.786783449686183, 49.188633401155329 ], [ 37.794483550615439, 49.187686520055472 ], [ 37.79913736893851, 49.195461785899866 ], [ 37.790542740363158, 49.197932626262038 ], [ 37.773593113570136, 49.203856490813486 ], [ 37.773970012310464, 49.207599412962217 ], [ 37.776105771838999, 49.208929067097621 ], [ 37.777537987052263, 49.210669054295266 ], [ 37.780339601022057, 49.21116969964379 ], [ 37.798254854479083, 49.204545997761215 ], [ 37.807124538168196, 49.204184828654334 ], [ 37.836045234842899, 49.198372926656866 ], [ 37.844052466551133, 49.200792426554436 ], [ 37.851759, 49.197487 ], [ 37.863848517980543, 49.198015024071239 ], [ 37.866423273313579, 49.203712842322595 ], [ 37.874837089250299, 49.206367434234259 ], [ 37.876933687797745, 49.211717012523344 ], [ 37.879009185848247, 49.213728472980137 ], [ 37.880223793483701, 49.216175940136381 ], [ 37.879173878408992, 49.218663625963245 ], [ 37.8753096, 49.2213529 ], [ 37.8740301, 49.2273114 ], [ 37.878062203624026, 49.228492121912652 ], [ 37.894271775865903, 49.233107076776015 ], [ 37.904483245012159, 49.242159932041389 ], [ 37.911384, 49.244321 ], [ 37.918025, 49.248896 ], [ 37.927341946587283, 49.257020143042794 ], [ 37.934368186825544, 49.258640430547885 ], [ 37.959687118115937, 49.268007063971574 ], [ 37.965399163644463, 49.281190186147377 ], [ 37.958546747918689, 49.285248242985347 ], [ 37.951913330088892, 49.293366725452699 ], [ 37.958339453611515, 49.311086306918149 ], [ 37.951216067419288, 49.31867846281397 ], [ 37.945826415432592, 49.330113627542644 ], [ 37.933954105112207, 49.336278425323371 ], [ 37.927733802758759, 49.338667083905484 ], [ 37.927215407695691, 49.343727607140195 ], [ 37.934176712828311, 49.346097413142793 ], [ 37.939909105209402, 49.351822076350501 ], [ 37.941821866316566, 49.352104419543437 ], [ 37.948846316589446, 49.358024046544323 ], [ 37.944910080370128, 49.361581924311864 ], [ 37.937758426772383, 49.368190700949313 ], [ 37.928564453125489, 49.373123693305295 ], [ 37.924253673782971, 49.373721877007576 ], [ 37.901639749363191, 49.374089986436893 ], [ 37.89020558382844, 49.374577727184501 ], [ 37.853662, 49.370241 ], [ 37.846102542673933, 49.372226683825303 ], [ 37.783312507499318, 49.395705762874272 ], [ 37.768574659765036, 49.399247679495502 ], [ 37.762650151103493, 49.396248069603118 ], [ 37.744642579078906, 49.401616756968373 ], [ 37.714514670749139, 49.411894509339561 ], [ 37.690869956936147, 49.413723651090912 ], [ 37.687778990366347, 49.437404239872137 ], [ 37.702893186082925, 49.44477209487922 ], [ 37.680569637963345, 49.463058965904679 ], [ 37.6850251, 49.4669086 ], [ 37.7366809, 49.4636252 ], [ 37.739814969104486, 49.465381214242733 ], [ 37.75289666149213, 49.466581990486162 ], [ 37.749147587297095, 49.471715338822186 ], [ 37.73894404932372, 49.482352569437182 ], [ 37.725929556621566, 49.489769566671868 ], [ 37.71964, 49.507401 ], [ 37.7105618, 49.5069669 ], [ 37.6965882, 49.4983353 ], [ 37.692598092117144, 49.500093893060395 ], [ 37.69053, 49.526754 ], [ 37.699033, 49.556859 ], [ 37.701465, 49.559861 ], [ 37.707792, 49.560963 ], [ 37.713092533049348, 49.563707954213491 ], [ 37.718363571991951, 49.564904744570939 ], [ 37.731089083127138, 49.564194786914562 ], [ 37.744389747028769, 49.564099535344873 ], [ 37.744697463596331, 49.56425536160458 ], [ 37.747548209100785, 49.56569896606451 ], [ 37.747860936604098, 49.565857329839119 ], [ 37.761569740416846, 49.576085932786157 ], [ 37.770475212126271, 49.577228375010776 ], [ 37.780567216084037, 49.593307900250011 ], [ 37.785851459717122, 49.60879489935629 ], [ 37.790620081637506, 49.610783112572648 ], [ 37.786250246019549, 49.620237739851149 ], [ 37.787563547876765, 49.630251383893814 ], [ 37.787220467556693, 49.634271365450537 ], [ 37.766957340123618, 49.639270911812034 ], [ 37.75784110184189, 49.64550367496858 ], [ 37.73656667694145, 49.652466775460901 ], [ 37.721554711669256, 49.642980376805575 ], [ 37.701923687989051, 49.631967851113721 ], [ 37.69861510726826, 49.631912058365288 ], [ 37.6984734, 49.6344566 ], [ 37.704285217618533, 49.641101073224483 ], [ 37.701530910229081, 49.646120714258203 ], [ 37.700399137107226, 49.650453780974416 ], [ 37.725757596571313, 49.654764398431936 ], [ 37.731936406787199, 49.656251055345891 ], [ 37.73168048092851, 49.656873458595243 ], [ 37.736499210670729, 49.657317193204804 ], [ 37.740548516512149, 49.656980945636882 ], [ 37.741057329811589, 49.658518058410145 ], [ 37.74966086430819, 49.659301927153969 ], [ 37.751697984043709, 49.676603293571247 ], [ 37.753272624908902, 49.678959562827565 ], [ 37.753272624908902, 49.680603783053527 ], [ 37.749060799381738, 49.681385423100274 ], [ 37.740412886202833, 49.686366489399916 ], [ 37.741830191610802, 49.689784428524156 ], [ 37.740698362253816, 49.691959227471223 ], [ 37.7408699, 49.6953195 ], [ 37.753437680599042, 49.710738800183172 ], [ 37.748433487549953, 49.722543174579229 ], [ 37.737958103162953, 49.724305518101467 ], [ 37.733176804487449, 49.724457870347834 ], [ 37.72955771960109, 49.724746932881189 ], [ 37.7223094, 49.7195513 ], [ 37.70784119314758, 49.720926400361598 ], [ 37.702489999644683, 49.720702586184672 ], [ 37.698042105839264, 49.726898388667458 ], [ 37.690170057627043, 49.731615882040536 ], [ 37.686600407324093, 49.735353426282941 ], [ 37.685224493216218, 49.73978760399293 ], [ 37.666604112101318, 49.74611234172054 ], [ 37.659422724384434, 49.748597984064915 ], [ 37.657107273239497, 49.746460558765719 ], [ 37.652745186412098, 49.746961064937622 ], [ 37.647608523419088, 49.746144446943852 ], [ 37.638396707778782, 49.741638804658976 ], [ 37.6341256, 49.7382572 ], [ 37.623658, 49.7208424 ], [ 37.6237334, 49.714144 ], [ 37.622409314176501, 49.710136522417748 ], [ 37.622282963048448, 49.709754157094643 ], [ 37.6168622, 49.7098785 ], [ 37.6095143, 49.7095109 ], [ 37.6096735, 49.7125747 ], [ 37.6008585, 49.7161458 ], [ 37.5931655, 49.7204694 ], [ 37.597244491139847, 49.723115362659492 ], [ 37.598597738556634, 49.723707999463926 ], [ 37.600540303396848, 49.724596941106562 ], [ 37.602646567521361, 49.725281273981061 ], [ 37.60655980868534, 49.726045013463626 ], [ 37.6150203, 49.7272898 ], [ 37.615480591409572, 49.727087302047408 ], [ 37.61533871869652, 49.72657230870464 ], [ 37.615611550837009, 49.726233679967741 ], [ 37.616451873829682, 49.726078474340568 ], [ 37.617139410823697, 49.726431213684663 ], [ 37.621439245357671, 49.727179012617519 ], [ 37.622945278773138, 49.728378288741133 ], [ 37.623469116482859, 49.728632249295224 ], [ 37.623916561193241, 49.729309470943676 ], [ 37.623665555623994, 49.729556372319379 ], [ 37.623106849390062, 49.730294041367479 ], [ 37.620563762295184, 49.73566021758365 ], [ 37.620424309795084, 49.737005148978433 ], [ 37.620922316875586, 49.737648922765274 ], [ 37.6268228, 49.7417393 ], [ 37.627713867221615, 49.744351074669439 ], [ 37.624130973571354, 49.74784439321563 ], [ 37.619254846118324, 49.750515584723253 ], [ 37.617222537442082, 49.753262344627466 ], [ 37.607509739122797, 49.757610650861849 ], [ 37.611431841639359, 49.764636208816356 ], [ 37.615926359117786, 49.766306854439598 ], [ 37.616943985716688, 49.770688602192479 ], [ 37.608590967384117, 49.76978489914076 ], [ 37.599050718019519, 49.772550725046415 ], [ 37.601849191166465, 49.781203180779144 ], [ 37.600011533546052, 49.78379823431839 ], [ 37.586924001049404, 49.786240607878263 ], [ 37.580691038131199, 49.792755633412355 ], [ 37.589416091202828, 49.797671791453318 ], [ 37.589888434103578, 49.806212906068026 ], [ 37.586162495399449, 49.817344662372811 ], [ 37.592184759514957, 49.822971433944097 ], [ 37.592361943187228, 49.824414933268613 ], [ 37.594079188072854, 49.826507493379417 ], [ 37.607968235304178, 49.834497520270403 ], [ 37.612889281682918, 49.83524818836208 ], [ 37.616642622141278, 49.837458488854232 ], [ 37.618185662107479, 49.840878199049612 ], [ 37.619007827355198, 49.845188291640831 ], [ 37.625312368744154, 49.851742585905534 ], [ 37.624978995737088, 49.857030795153037 ], [ 37.625572611253119, 49.862142332786036 ], [ 37.628836961236026, 49.86646596371731 ], [ 37.630279134272982, 49.866488081131635 ], [ 37.632812600493132, 49.869890611184658 ], [ 37.633601238253334, 49.871562026940602 ], [ 37.637858332379317, 49.871168206153406 ], [ 37.637137513538434, 49.874037547597894 ], [ 37.638070337920759, 49.876633471532784 ], [ 37.642223292316274, 49.879211889292975 ], [ 37.642258894260657, 49.884293259978008 ], [ 37.640170878334587, 49.888846248781128 ], [ 37.648240020913533, 49.893020957561703 ], [ 37.654114341733333, 49.890853516369759 ], [ 37.665252499733732, 49.890116939645331 ], [ 37.675033722430925, 49.889885879458802 ], [ 37.681764680010623, 49.89542926121235 ], [ 37.685269281435112, 49.896262100360914 ], [ 37.685312039350649, 49.898134699466098 ], [ 37.688818257839564, 49.8997018728816 ], [ 37.693493215824788, 49.900711238810231 ], [ 37.703905622246438, 49.900286242629761 ], [ 37.711210244098353, 49.904695578002183 ], [ 37.715619579470783, 49.910433026438604 ], [ 37.719099235698422, 49.919331383967297 ], [ 37.722957356711539, 49.932507612489722 ], [ 37.744439632959235, 49.938190589475873 ], [ 37.744342773934299, 49.949395936243796 ], [ 37.730473089743171, 49.953688036607836 ], [ 37.726305236030832, 49.956072867646711 ], [ 37.727126044870623, 49.965376025255146 ], [ 37.736521258547917, 49.968601622006418 ], [ 37.742405011113313, 49.97036918755618 ], [ 37.743203604275898, 49.971192518577944 ], [ 37.744502419859927, 49.974391205861934 ], [ 37.744407017366292, 49.976190954057813 ], [ 37.753347610770568, 49.98551977698537 ], [ 37.758321426409125, 49.991423543684405 ], [ 37.765141685599524, 50.003954326917146 ], [ 37.762159165700574, 50.005621171582284 ], [ 37.757348640040462, 50.019663159144969 ], [ 37.759207763689915, 50.028275286547498 ], [ 37.757277780232712, 50.031514901636378 ], [ 37.753123926050598, 50.050268184450687 ], [ 37.755226044597521, 50.059844769546018 ], [ 37.747483285655903, 50.065422768617871 ], [ 37.734917017439948, 50.06468587504925 ], [ 37.7213925, 50.0789072 ], [ 37.706840077203445, 50.084602015690614 ], [ 37.695597132070276, 50.085116320224962 ], [ 37.6892921, 50.0837878 ], [ 37.683364918067333, 50.078003007527151 ], [ 37.6715642, 50.0772197 ], [ 37.652884225128552, 50.096141375505596 ], [ 37.648003929139314, 50.117516207766819 ], [ 37.647507300984387, 50.122864711022856 ], [ 37.647427614200545, 50.134180234327999 ], [ 37.655635352935967, 50.135495066261342 ], [ 37.6578438, 50.1377879 ], [ 37.646507254529887, 50.141845131205223 ], [ 37.63795710277175, 50.134393602298694 ], [ 37.631365365662134, 50.1321963565955 ], [ 37.626279393787463, 50.131510856038481 ], [ 37.619178649329605, 50.134339607895676 ], [ 37.608726779178284, 50.12995738094552 ], [ 37.602434963903249, 50.13678191284567 ], [ 37.598488539983876, 50.148093129073843 ], [ 37.604022813566594, 50.168594841045255 ], [ 37.614317391337551, 50.177559897706956 ], [ 37.624984203477055, 50.18262332665438 ], [ 37.622670210831693, 50.19094181522788 ], [ 37.615254282594776, 50.20234614259293 ], [ 37.6066116594615, 50.212159892438713 ], [ 37.60527344684732, 50.213801268130489 ], [ 37.602541262760042, 50.225681717071112 ], [ 37.606054070872261, 50.229320181564958 ], [ 37.608730496100634, 50.232566028335143 ], [ 37.608507460664939, 50.239966446080324 ], [ 37.615811871184015, 50.244958850047006 ], [ 37.616285821484873, 50.24695566522314 ], [ 37.614557296858223, 50.250842083434819 ], [ 37.615505197459932, 50.252517780644745 ], [ 37.618042225541039, 50.254897525938283 ], [ 37.618794970136513, 50.255806610741253 ], [ 37.620830168487252, 50.258159455564936 ], [ 37.620997445064013, 50.258694176819226 ], [ 37.618655572989205, 50.260244834515163 ], [ 37.617122204368776, 50.26326579850447 ], [ 37.61617430376706, 50.268237941466175 ], [ 37.614975488300189, 50.268879470489033 ], [ 37.614585176287719, 50.271213850379112 ], [ 37.614417899710944, 50.273726299334221 ], [ 37.612828772231602, 50.275793179218816 ], [ 37.611908751059367, 50.2767196824541 ], [ 37.612856651661076, 50.279944485800272 ], [ 37.615003367729649, 50.280550225592982 ], [ 37.616731892356292, 50.281227219768923 ], [ 37.61673189235627, 50.283650067398213 ], [ 37.614445779140382, 50.290151953220423 ], [ 37.618204324178926, 50.297807452901253 ], [ 37.617819190105315, 50.298237990795279 ], [ 37.611992389347705, 50.300392848165728 ], [ 37.609873552708578, 50.304132451556278 ], [ 37.60663953889096, 50.305806274006351 ], [ 37.602847936484117, 50.306411684640672 ], [ 37.600506064409295, 50.306340460260174 ], [ 37.596770220861373, 50.303740697369442 ], [ 37.595125334523111, 50.303010601410833 ], [ 37.594762901940108, 50.300695588901348 ], [ 37.592365271006358, 50.298807879924489 ], [ 37.581826846669664, 50.296510472658589 ], [ 37.577756449968184, 50.29455135556546 ], [ 37.576471735820583, 50.295098498380092 ], [ 37.573992726990802, 50.296154275551345 ], [ 37.571149025185662, 50.297418763210921 ], [ 37.568416841098369, 50.297383144300255 ], [ 37.565573139293242, 50.298291418191099 ], [ 37.552023736574647, 50.298611981306344 ], [ 37.544858723202879, 50.306607551136992 ], [ 37.544491111391714, 50.306836206324867 ], [ 37.529630244328452, 50.311262800753774 ], [ 37.528170569766154, 50.312217158106563 ], [ 37.52394793978236, 50.314014849000088 ], [ 37.522453511063816, 50.31583466437467 ], [ 37.522555179633152, 50.320761221112413 ], [ 37.522206686764875, 50.325322433813355 ], [ 37.518150229778129, 50.327284733088781 ], [ 37.517000203312818, 50.328833156953188 ], [ 37.516749288447663, 50.330621790681079 ], [ 37.501108928519407, 50.327231338262507 ], [ 37.498516141579437, 50.330314791170778 ], [ 37.494438775020598, 50.331582819802996 ], [ 37.492034174229488, 50.332049979716359 ], [ 37.487580435372912, 50.334972961747447 ], [ 37.481642116897468, 50.341912655297008 ], [ 37.478631138515567, 50.342072790103515 ], [ 37.470350947965315, 50.343674108474353 ], [ 37.466921778141462, 50.347063387614014 ], [ 37.465918118680825, 50.346876583251323 ], [ 37.461088007526513, 50.352560444141076 ], [ 37.456153348511727, 50.358230284678783 ], [ 37.454606040176564, 50.359737681267305 ], [ 37.44498763701214, 50.371048298110161 ], [ 37.444402168993427, 50.371848475491753 ], [ 37.444423078565528, 50.372715319093516 ], [ 37.441893020341851, 50.381129546951577 ], [ 37.440199345002021, 50.386516002685241 ], [ 37.439885701420586, 50.387769199210467 ], [ 37.441119366174277, 50.388075827359728 ], [ 37.443147594667643, 50.387569223262297 ], [ 37.446367668770527, 50.38787585270466 ], [ 37.45399966258578, 50.390022203284531 ], [ 37.453727838148524, 50.391915177201447 ], [ 37.452807816976282, 50.39354147471591 ], [ 37.452347806390151, 50.401272290064206 ], [ 37.454522401888205, 50.402578406768164 ], [ 37.4579078, 50.4157914 ], [ 37.43982004512759, 50.422608868552359 ], [ 37.432147080560263, 50.424730764116589 ], [ 37.422690997381636, 50.428318401167715 ], [ 37.408175608553307, 50.425881907222987 ], [ 37.388708725787907, 50.422586407721695 ], [ 37.386334513859019, 50.422463284205556 ], [ 37.384162068742675, 50.422073581091695 ], [ 37.377543963034512, 50.426919075570382 ], [ 37.351041668192053, 50.429614814487365 ], [ 37.349651501942247, 50.429017049916773 ], [ 37.34833084400492, 50.427511535339697 ], [ 37.341240996130914, 50.428862072685149 ], [ 37.327582612726552, 50.424389654053854 ], [ 37.322751785008485, 50.425253173723078 ], [ 37.31958915679018, 50.424101810665114 ], [ 37.317295382478001, 50.421599713665771 ], [ 37.320631781477537, 50.413804723558485 ], [ 37.316287511946889, 50.403594003804969 ], [ 37.313298654509801, 50.401157281319421 ], [ 37.310761601103891, 50.401378806722207 ], [ 37.311595700853786, 50.398875509417067 ], [ 37.298736663043073, 50.395928981262884 ], [ 37.295400264043543, 50.394355947640236 ], [ 37.292793702325163, 50.393292458718214 ], [ 37.287441562263403, 50.391719337612791 ], [ 37.280108435295674, 50.390367741173606 ], [ 37.266137264485117, 50.387553638089976 ], [ 37.261688732485744, 50.387553638089976 ], [ 37.260124795454701, 50.386955342678853 ], [ 37.256545117361455, 50.385049610685407 ], [ 37.244867720863084, 50.377736207389006 ], [ 37.242156896675951, 50.374987849217156 ], [ 37.24090574705113, 50.374145578548415 ], [ 37.238438201957713, 50.374389395279806 ], [ 37.235762131926847, 50.373635775879237 ], [ 37.232703766177266, 50.371729508666292 ], [ 37.225544409990761, 50.371773841331823 ], [ 37.222764077491149, 50.371086680361223 ], [ 37.220505057335217, 50.37022217339161 ], [ 37.217759478991852, 50.370488177213751 ], [ 37.207420117508924, 50.368138425191859 ], [ 37.204848309946776, 50.366697481964827 ], [ 37.201859452509687, 50.365611203530698 ], [ 37.201094861072299, 50.364680087939412 ], [ 37.200990598603568, 50.361908802490937 ], [ 37.200538794572374, 50.360534184872598 ], [ 37.188053827831432, 50.355605027299248 ], [ 37.174959735575939, 50.353771373406019 ], [ 37.173847602576096, 50.354059644043794 ], [ 37.169051529014261, 50.353638324829028 ], [ 37.166792508858329, 50.354347912931232 ], [ 37.16380365142124, 50.353571800400715 ], [ 37.161579385421547, 50.351930834994995 ], [ 37.158590527984472, 50.350799866364355 ], [ 37.154733626448184, 50.348020247595926 ], [ 37.147790345525742, 50.34768063059429 ], [ 37.141794372426759, 50.349905274798026 ], [ 37.131795073519442, 50.349757577303194 ], [ 37.12077800598972, 50.349668870794744 ], [ 37.111463892116014, 50.340331584176411 ], [ 37.091860463509867, 50.339711696010227 ], [ 37.0904858, 50.318264 ], [ 37.079439665212028, 50.316105937907651 ], [ 37.065117503667715, 50.331403935132819 ], [ 37.05948856218815, 50.331703849769085 ], [ 37.05301633120947, 50.333467230573298 ], [ 37.05185198871245, 50.332150441900353 ], [ 37.054288576054518, 50.326065659083426 ], [ 37.056826866328429, 50.324514726765244 ], [ 37.057711822924404, 50.322946982789617 ], [ 37.057169211522009, 50.319487955366576 ], [ 37.060185124102347, 50.314268200671272 ], [ 37.049019120172211, 50.311280649590891 ], [ 37.0369172, 50.3097476 ], [ 37.034611417785449, 50.307944799592384 ], [ 37.026871864588031, 50.303876840364644 ], [ 37.024817023644779, 50.304659140216131 ], [ 37.024837884974154, 50.305514454720431 ], [ 37.022876920013083, 50.305431009402938 ], [ 37.018214412898189, 50.302802481901921 ], [ 37.017056609117986, 50.302223580011812 ], [ 37.0162378019401, 50.302046258712153 ], [ 37.015012198839429, 50.302098412035591 ], [ 37.014318559637772, 50.302380039982125 ], [ 37.013828318397501, 50.302374824649782 ], [ 37.0129089, 50.30209 ], [ 37.002524003802378, 50.29789481011985 ], [ 36.994156084798682, 50.293550482324996 ], [ 36.991118519781892, 50.291568438290675 ], [ 36.992631350547121, 50.284957590199447 ], [ 36.9800561, 50.2777961 ], [ 36.976154276392577, 50.274168831961347 ], [ 36.965788464943905, 50.264510626803172 ], [ 36.95424755966846, 50.255047896312639 ], [ 36.953021276059538, 50.252300765095484 ], [ 36.952906503230444, 50.251434936917583 ], [ 36.9518668, 50.243589299999989 ], [ 36.9393207, 50.2364782 ], [ 36.9309022, 50.235776499999986 ], [ 36.928195269320554, 50.23908662100866 ], [ 36.932341793622768, 50.24086579927117 ], [ 36.937821225287074, 50.241893479857055 ], [ 36.938738159169787, 50.242061396581974 ], [ 36.9372584, 50.2453618 ], [ 36.930737153322745, 50.244183300112894 ], [ 36.926000411160686, 50.243327290460215 ], [ 36.924619724805751, 50.246577826900825 ], [ 36.927488013058849, 50.247353965697542 ], [ 36.9299834, 50.2480292 ], [ 36.931371424830779, 50.253772267593739 ], [ 36.929159784128046, 50.254527287789308 ], [ 36.922432857716288, 50.250020421475838 ], [ 36.914840812027293, 50.250370915138475 ], [ 36.914083549155002, 50.249775036156997 ], [ 36.911116568393048, 50.25023435953856 ], [ 36.908819643774073, 50.246054108063106 ], [ 36.903818557279152, 50.23759796718106 ], [ 36.8919396, 50.2384297 ], [ 36.8938042, 50.2282419 ], [ 36.8986478, 50.219379399999987 ], [ 36.89845759563196, 50.217524129676399 ], [ 36.898502759463234, 50.216040614468838 ], [ 36.897962092461405, 50.21422863607939 ], [ 36.897448917002045, 50.212598383123613 ], [ 36.895982701403881, 50.212592518803802 ], [ 36.893765050311636, 50.212498689588863 ], [ 36.891290811489711, 50.212668754905074 ], [ 36.890695161402952, 50.212774312382692 ], [ 36.890356099045881, 50.213079254895156 ], [ 36.890531668072569, 50.215577293468172 ], [ 36.890127002858662, 50.215940928126216 ], [ 36.890072019773733, 50.216691502527254 ], [ 36.890685997555458, 50.21902524436581 ], [ 36.8911319, 50.2206214 ], [ 36.8876013, 50.2281568 ], [ 36.881390899999985, 50.2350842 ], [ 36.8663947, 50.2330157 ], [ 36.8438826, 50.2278474 ], [ 36.8404487, 50.2324275 ], [ 36.827123432307864, 50.238171496188478 ], [ 36.816972407821694, 50.238979801518141 ], [ 36.811088063957911, 50.243365555496226 ], [ 36.810010685114307, 50.243265537235366 ], [ 36.809020191661311, 50.242832122346321 ], [ 36.807982405952473, 50.24252872579298 ], [ 36.806066088380469, 50.242687649840839 ], [ 36.805510021880536, 50.242643196674123 ], [ 36.804950287196725, 50.24222013631033 ], [ 36.804554282583794, 50.241920826904533 ], [ 36.803633297443291, 50.241576308235715 ], [ 36.802434279052825, 50.240998400360908 ], [ 36.800766079553057, 50.240676102541265 ], [ 36.800140504740654, 50.240442713104599 ], [ 36.797655582569121, 50.239764765879563 ], [ 36.79475361052264, 50.239875905429649 ], [ 36.793189673491604, 50.240098183752501 ], [ 36.79070742643168, 50.240367617382148 ], [ 36.789540487085858, 50.240476054522681 ], [ 36.788063435445423, 50.240342688710534 ], [ 36.787411067093771, 50.23993886085065 ], [ 36.786099825617583, 50.239975930803226 ], [ 36.785109332164595, 50.240120411527805 ], [ 36.781825064399413, 50.23952025795726 ], [ 36.780348012758985, 50.239231292432187 ], [ 36.778158500915538, 50.238920096830881 ], [ 36.776507678493886, 50.239264634697548 ], [ 36.772476196369425, 50.239709196007354 ], [ 36.769991274197899, 50.240520509710464 ], [ 36.768079795604415, 50.241965280744914 ], [ 36.765594873432882, 50.242687649840839 ], [ 36.763457492823797, 50.243298876678985 ], [ 36.762171589042723, 50.243276650385823 ], [ 36.760034208433645, 50.245065833819524 ], [ 36.756280759559154, 50.247821711674916 ], [ 36.754577805903132, 50.248899572158898 ], [ 36.749694846950675, 50.252188562726431 ], [ 36.74507254417005, 50.255488436587278 ], [ 36.73749613810859, 50.258199273063745 ], [ 36.733499410140382, 50.258832520014856 ], [ 36.704035, 50.264214 ], [ 36.699127549613827, 50.263742675571066 ], [ 36.698675745582634, 50.263320555387573 ], [ 36.699162303770073, 50.262454086448159 ], [ 36.697633120895276, 50.26107659055895 ], [ 36.696277708801716, 50.260676664936049 ], [ 36.694644263458187, 50.261343205775511 ], [ 36.692802293177195, 50.261187680413862 ], [ 36.693149834739657, 50.259743492091502 ], [ 36.694088196958283, 50.256743884131893 ], [ 36.696590496207939, 50.254699598639881 ], [ 36.694435738520738, 50.253632980083019 ], [ 36.695061313333156, 50.251188555829046 ], [ 36.693323605520888, 50.248566215850296 ], [ 36.69269803070847, 50.246254881310854 ], [ 36.691099339521195, 50.2419430538299 ], [ 36.686303265959353, 50.239053466623034 ], [ 36.684808837240801, 50.238253242273018 ], [ 36.683905229178428, 50.236252622629536 ], [ 36.683244900209758, 50.234007382832601 ], [ 36.683766212553444, 50.232873607710765 ], [ 36.685295395428241, 50.231939890308489 ], [ 36.685225887115742, 50.231473024750784 ], [ 36.681402929928772, 50.229494353315872 ], [ 36.674382590367216, 50.222579474692942 ], [ 36.671984553586299, 50.222423822801098 ], [ 36.669829795899091, 50.222535002775679 ], [ 36.668126842243076, 50.221912391580233 ], [ 36.667257988336942, 50.220555960480525 ], [ 36.666423888587047, 50.218932639776007 ], [ 36.665555034680914, 50.21799864940516 ], [ 36.663991097649891, 50.217086879262304 ], [ 36.662392406462601, 50.216486435749637 ], [ 36.65961207396299, 50.216797777773607 ], [ 36.656796987307125, 50.21657539082095 ], [ 36.637435121043829, 50.215488459675491 ], [ 36.626252971271967, 50.21583872663625 ], [ 36.623457433829003, 50.215488459675491 ], [ 36.62191304601086, 50.215400892533495 ], [ 36.621434090295111, 50.215457185714648 ], [ 36.620222039096063, 50.214938034970224 ], [ 36.618961114864796, 50.215069386897206 ], [ 36.607036095003195, 50.215882509825526 ], [ 36.601181105743279, 50.216858239047241 ], [ 36.597877288765226, 50.217408641599732 ], [ 36.596000564327994, 50.218797128914403 ], [ 36.590038054397198, 50.221148708938621 ], [ 36.58710567246402, 50.222199377437875 ], [ 36.580185251101696, 50.224163064845634 ], [ 36.577526558148953, 50.224825947438291 ], [ 36.569525, 50.230051 ], [ 36.558067071118259, 50.229921466495099 ], [ 36.509866732344051, 50.219804069658871 ], [ 36.496514619941628, 50.209283304413162 ], [ 36.477630080291959, 50.21432505452956 ], [ 36.461404233595019, 50.220479521104579 ], [ 36.458921483558264, 50.226120418014389 ], [ 36.458867, 50.228366 ], [ 36.464715, 50.229073 ], [ 36.465548666727251, 50.229447108752773 ], [ 36.466311086029876, 50.230360032171241 ], [ 36.467601334080477, 50.236687486679173 ], [ 36.465979814126285, 50.240875052986468 ], [ 36.462235266250666, 50.242766503901329 ], [ 36.457131232840602, 50.244505352232693 ], [ 36.452885821873345, 50.246061110126057 ], [ 36.450974728519341, 50.245320731428087 ], [ 36.449948394842728, 50.244951928180384 ], [ 36.448814540495242, 50.2446706356493 ], [ 36.448267162534378, 50.244401843457368 ], [ 36.447553616263974, 50.243595457786256 ], [ 36.446361114277813, 50.242645280417193 ], [ 36.445686666433176, 50.242426486892683 ], [ 36.436811323782088, 50.243101617965038 ], [ 36.434973697770623, 50.243545448923264 ], [ 36.434328573745319, 50.244939426325359 ], [ 36.414701164005912, 50.25061493128964 ], [ 36.406764183573436, 50.25316493810039 ], [ 36.404203236685127, 50.253389932149553 ], [ 36.401114461048842, 50.253502428775711 ], [ 36.39814298068989, 50.253952412624209 ], [ 36.379032366479528, 50.266075522763956 ], [ 36.36634383482459, 50.26753910411167 ], [ 36.359427154035252, 50.278148723767529 ], [ 36.355563353042577, 50.281044617214377 ], [ 36.342588613906692, 50.277264679091097 ], [ 36.333779596297816, 50.279943465530678 ], [ 36.304809226422798, 50.285403366753997 ], [ 36.287504684852117, 50.290481453183773 ], [ 36.282174984805245, 50.298979989257525 ], [ 36.272121947037277, 50.31779190987384 ], [ 36.27283746573962, 50.322071153798952 ], [ 36.273922669104849, 50.324111654037601 ], [ 36.278433375571069, 50.329470659681199 ], [ 36.278902556680372, 50.330138317326508 ], [ 36.279547680705676, 50.331785582044482 ], [ 36.278306305687288, 50.332496883245767 ], [ 36.279273991725248, 50.333626208014906 ], [ 36.278423600964615, 50.333938171451344 ], [ 36.258014222709697, 50.335866060042591 ], [ 36.253693846661477, 50.337899928895297 ], [ 36.251934417501573, 50.338012225865818 ], [ 36.249725356445246, 50.33821186426907 ], [ 36.248591502097746, 50.338586184013785 ], [ 36.247301254047144, 50.338898114881196 ], [ 36.247672689092013, 50.341880070581176 ], [ 36.246617031596074, 50.342703506533425 ], [ 36.244720757945949, 50.343701591578849 ], [ 36.241573334671003, 50.347194724066526 ], [ 36.237624393667652, 50.349739558806576 ], [ 36.235610824740199, 50.350625229100785 ], [ 36.233440862109646, 50.351174086907591 ], [ 36.231740080588402, 50.352284257167007 ], [ 36.230840816795556, 50.353456768356303 ], [ 36.229179133700086, 50.355227953753918 ], [ 36.22884679708099, 50.355876540328175 ], [ 36.22718511398552, 50.356512645476734 ], [ 36.226559539173117, 50.356512645476734 ], [ 36.22723398701774, 50.356824458612934 ], [ 36.227136240953307, 50.357186159285057 ], [ 36.226627961418224, 50.357522912605916 ], [ 36.225005376748527, 50.358134051419867 ], [ 36.22379332554948, 50.359269002629006 ], [ 36.223871522401026, 50.360229324764894 ], [ 36.225865542115592, 50.361488938630252 ], [ 36.224555744852104, 50.362648751539929 ], [ 36.221897051899347, 50.366352480411237 ], [ 36.214116465169987, 50.371065899127927 ], [ 36.21304572597105, 50.377161281939649 ], [ 36.21026317541623, 50.379553091352733 ], [ 36.210108876527975, 50.379892947529754 ], [ 36.209502850928445, 50.38138889465209 ], [ 36.207371986723665, 50.382436029565433 ], [ 36.206355427653506, 50.383906965752914 ], [ 36.205293930805773, 50.385142472867265 ], [ 36.1897449, 50.3883613 ], [ 36.18022960282719, 50.394370325582756 ], [ 36.160417663078277, 50.404316064390791 ], [ 36.152688653841771, 50.419626582687513 ], [ 36.14994515056317, 50.424258088222359 ], [ 36.149237149717081, 50.426500090901648 ], [ 36.148027648271672, 50.430040095132107 ], [ 36.146014270865585, 50.429899969964644 ], [ 36.137592010800624, 50.426772966227738 ], [ 36.120729053148686, 50.433908287254781 ], [ 36.083028008094324, 50.442787797866181 ], [ 36.07512199864631, 50.441991296914331 ], [ 36.069362116763017, 50.439741919226229 ], [ 36.063196609394971, 50.442426422434323 ], [ 36.045186837872535, 50.437470416511694 ], [ 36.032059322184594, 50.432897911047341 ], [ 36.026557565609757, 50.432514410589036 ], [ 36.023710812207767, 50.431688409601932 ], [ 36.020156057959674, 50.429239906675875 ], [ 36.018636806144109, 50.428782656129442 ], [ 36.003886788517207, 50.438311167516417 ], [ 35.998488282065765, 50.437190166176777 ], [ 35.99241127480348, 50.436305165119158 ], [ 35.99162952386925, 50.436024914784241 ], [ 35.981009511177881, 50.431349159196536 ], [ 35.960978987240544, 50.425581902304401 ], [ 35.949466598482736, 50.430250282883314 ], [ 35.941604839087603, 50.431607284504985 ], [ 35.939982337148649, 50.431032033817537 ], [ 35.939126836126285, 50.430737033465 ], [ 35.938669585579852, 50.430397783059583 ], [ 35.937386334046309, 50.429999532583658 ], [ 35.936471832953444, 50.429837282389762 ], [ 35.935085331296513, 50.429380031843323 ], [ 35.933477579375179, 50.429793032336882 ], [ 35.933064578881627, 50.429837282389762 ], [ 35.930866826255219, 50.430545283235851 ], [ 35.928728073699318, 50.43120903402906 ], [ 35.927887322694581, 50.431740034663626 ], [ 35.924804569010547, 50.433067536250057 ], [ 35.922179065872953, 50.43305278623243 ], [ 35.919229062347576, 50.432875786020908 ], [ 35.916220058751691, 50.432639785738878 ], [ 35.912975054873769, 50.432566035650744 ], [ 35.910556051982958, 50.433067536250057 ], [ 35.905806546307097, 50.434159037554451 ], [ 35.904375794597286, 50.434291787713093 ], [ 35.904287294491525, 50.433583786867004 ], [ 35.90341704345154, 50.433023286197177 ], [ 35.903048293010869, 50.4322120352277 ], [ 35.902281292094273, 50.430707533429775 ], [ 35.902148541935624, 50.429616032125374 ], [ 35.902160540500944, 50.429580558106174 ], [ 35.900865290402074, 50.429601282107754 ], [ 35.897590786488898, 50.429704532231142 ], [ 35.889979777393421, 50.430943533711805 ], [ 35.889257026529705, 50.430766533500282 ], [ 35.889419276723601, 50.429955282530798 ], [ 35.889257026529705, 50.429439031913859 ], [ 35.889301276582586, 50.429099781508441 ], [ 35.889581526917496, 50.427639529763383 ], [ 35.889817527199526, 50.424866526449527 ], [ 35.887015023850417, 50.422344273435328 ], [ 35.885621147184679, 50.421533022465844 ], [ 35.885340896849769, 50.420485771214338 ], [ 35.884618145986053, 50.419659770227234 ], [ 35.884278895580636, 50.419217269698422 ], [ 35.88435264566877, 50.418833769240123 ], [ 35.882464643412526, 50.418686269063841 ], [ 35.88016364066273, 50.418494518834692 ], [ 35.878511638688522, 50.418332268640796 ], [ 35.876771136608546, 50.418140518411647 ], [ 35.876903886767195, 50.417506267653692 ], [ 35.875355134916369, 50.416105015979134 ], [ 35.873275382430975, 50.415588765362195 ], [ 35.869292877671711, 50.413892513335099 ], [ 35.865103872665671, 50.416842516860491 ], [ 35.863437120673836, 50.418524018869959 ], [ 35.85899736536814, 50.420854521655009 ], [ 35.85666686258309, 50.420825021619756 ], [ 35.854690360221092, 50.420412021126225 ], [ 35.840176342876212, 50.415957515802894 ], [ 35.833509334908854, 50.417181767265923 ], [ 35.82724057741742, 50.417535767688996 ], [ 35.820013068780241, 50.418878019293039 ], [ 35.818405316858907, 50.418524018869995 ], [ 35.814747312487427, 50.412727261942628 ], [ 35.814865312628442, 50.412277386405044 ], [ 35.815182438007419, 50.412048761131828 ], [ 35.814540812240651, 50.411178510091837 ], [ 35.80876618033971, 50.407063255173917 ], [ 35.808928430533605, 50.404555752177345 ], [ 35.802475297821843, 50.394960865711099 ], [ 35.78949528231017, 50.385373354253609 ], [ 35.776308766551722, 50.377821345228639 ], [ 35.768830507614886, 50.374650091438845 ], [ 35.765511753648831, 50.364752829611206 ], [ 35.759523246492314, 50.358351321961131 ], [ 35.752561238172419, 50.354781817695418 ], [ 35.744592197704357, 50.350197623368196 ], [ 35.728444959352437, 50.34879331053893 ], [ 35.719211448317999, 50.346610307930149 ], [ 35.693044917047878, 50.346639807965396 ], [ 35.647494641161344, 50.341607786693686 ], [ 35.641773855776783, 50.340975801196656 ], [ 35.636316349254827, 50.343984804792541 ], [ 35.636630975719086, 50.344433595623755 ], [ 35.636360599307707, 50.345356556431838 ], [ 35.632083094195913, 50.346374307648098 ], [ 35.630147154382392, 50.347226121166052 ], [ 35.628613152549192, 50.347093371007404 ], [ 35.626135149587867, 50.347226121166045 ], [ 35.625703631158459, 50.347336569335475 ], [ 35.624896148107212, 50.347543246545023 ], [ 35.623760396749937, 50.348118497232456 ], [ 35.623406396326892, 50.348251247391097 ], [ 35.623008145850967, 50.348531497726015 ], [ 35.622108394775729, 50.348885498149059 ], [ 35.621916644546573, 50.349268998607357 ], [ 35.621208643700484, 50.349534498924641 ], [ 35.62057439294253, 50.349549248942267 ], [ 35.619866392096441, 50.349873749330058 ], [ 35.618376640316121, 50.35028674982361 ], [ 35.616901638553429, 50.350301499841237 ], [ 35.616296887830728, 50.350375249929371 ], [ 35.616046137531072, 50.350699750317169 ], [ 35.615515136896505, 50.350803000440557 ], [ 35.61483663608567, 50.350581750176147 ], [ 35.614276135415842, 50.350758750387676 ], [ 35.613671384693141, 50.351230750951736 ], [ 35.613096134005694, 50.351997751868332 ], [ 35.612329133089098, 50.352248502167988 ], [ 35.610426380815227, 50.353487503648651 ], [ 35.610721381167764, 50.354328254653382 ], [ 35.611193381731823, 50.354888755323202 ], [ 35.610441130832854, 50.355626256204552 ], [ 35.609261129422698, 50.356304757015387 ], [ 35.60808112801255, 50.356880007702834 ], [ 35.607225626990186, 50.358546759694676 ], [ 35.606517626144097, 50.359859511263465 ], [ 35.604939374258016, 50.360877262479725 ], [ 35.602889121807877, 50.362116263960388 ], [ 35.598773866889971, 50.364476266780692 ], [ 35.59788886583236, 50.369668272985393 ], [ 35.593065610068365, 50.372603526493137 ], [ 35.590484356983659, 50.374388278625993 ], [ 35.58433359963324, 50.378503533543913 ], [ 35.584871975276634, 50.385944917436689 ], [ 35.582098971962779, 50.39000117228408 ], [ 35.577519091489627, 50.394168052263687 ], [ 35.571766584615141, 50.403018062839827 ], [ 35.570144082676187, 50.413018574790861 ], [ 35.573035086131057, 50.426736091183884 ], [ 35.580351094873997, 50.43458310056139 ], [ 35.57982009423943, 50.439273606166751 ], [ 35.579643094027908, 50.442489110009411 ], [ 35.568934581230785, 50.449480618364561 ], [ 35.565896077599646, 50.449805118752352 ], [ 35.563742575026119, 50.449628118540829 ], [ 35.557901568045871, 50.450395119457433 ], [ 35.555630065331322, 50.450660619774716 ], [ 35.549789058351067, 50.451870121220125 ], [ 35.546072053909093, 50.45198812136114 ], [ 35.540319547034599, 50.457681628165112 ], [ 35.537104043191952, 50.45800612855291 ], [ 35.533682039102509, 50.457858628376641 ], [ 35.532405382649586, 50.458166786830795 ], [ 35.531115536035429, 50.458478129116976 ], [ 35.530260035013065, 50.460484131514228 ], [ 35.529729034378498, 50.460897132007787 ], [ 35.526661030712098, 50.46083813193728 ], [ 35.524124027680273, 50.460012130950162 ], [ 35.52284077614673, 50.460720131796251 ], [ 35.517412769660041, 50.463906135603679 ], [ 35.499764587550111, 50.465440027267483 ], [ 35.485778898522895, 50.476836984389863 ], [ 35.469907879556359, 50.484683993767383 ], [ 35.466220375149639, 50.489728499795781 ], [ 35.463535871941545, 50.491823002298794 ], [ 35.463240871589001, 50.496779008221445 ], [ 35.459169866723975, 50.501381013721037 ], [ 35.455983862916568, 50.502797015413222 ], [ 35.45406636062507, 50.506160019432151 ], [ 35.452738859038654, 50.509818023803625 ], [ 35.448107353503808, 50.512384526870697 ], [ 35.441469845571703, 50.515364030431321 ], [ 35.435923838943992, 50.524951541888818 ], [ 35.432354334678287, 50.52642654365151 ], [ 35.43076133277458, 50.527311544709121 ], [ 35.426719827944808, 50.527577045026412 ], [ 35.425067825970601, 50.527990045519964 ], [ 35.423238823784864, 50.529229047000619 ], [ 35.42135082152862, 50.538610058211326 ], [ 35.423415823996386, 50.543507064063455 ], [ 35.423710824348923, 50.548758070338621 ], [ 35.422560322974022, 50.554628577354123 ], [ 35.415657314724633, 50.558965082536425 ], [ 35.414388813208717, 50.560440084299117 ], [ 35.412795811305017, 50.562033086202824 ], [ 35.41199931035316, 50.562298586520107 ], [ 35.408842806581006, 50.562888587225181 ], [ 35.401261297520783, 50.565248590045485 ], [ 35.400346796427911, 50.566369591385126 ], [ 35.396069291316117, 50.567844593147818 ], [ 35.3948007898002, 50.570440596250151 ], [ 35.39005128412434, 50.575190101926012 ], [ 35.388694282502662, 50.576901103970734 ], [ 35.383177775910205, 50.578553105944941 ], [ 35.381695399138707, 50.585905989731955 ], [ 35.392433411971084, 50.595567251277551 ], [ 35.393908413733769, 50.596054001859237 ], [ 35.394660664632745, 50.59649650238805 ], [ 35.395173888076783, 50.597625593964935 ], [ 35.395324415425954, 50.597956754133115 ], [ 35.398392419092346, 50.598369754626681 ], [ 35.399660920608262, 50.59907775547277 ], [ 35.402522424027879, 50.599771006301239 ], [ 35.405678927800032, 50.603783011095757 ], [ 35.405059427059697, 50.606231514021822 ], [ 35.401548922864492, 50.611113769856317 ], [ 35.399402795299778, 50.612426521425107 ], [ 35.399277131415154, 50.61257725977395 ], [ 35.393045537702591, 50.620052280538225 ], [ 35.388148531850455, 50.623031784098856 ], [ 35.387204530722329, 50.629875792277751 ], [ 35.389889033930423, 50.636660800386124 ], [ 35.386998030475553, 50.64781181371206 ], [ 35.382741767571702, 50.656247619278318 ], [ 35.38729139733487, 50.671223483915419 ], [ 35.38569940426833, 50.682946668876596 ], [ 35.390459204065365, 50.686623760416232 ], [ 35.392964361853281, 50.685512727166262 ], [ 35.394717972304818, 50.682999578711822 ], [ 35.398475903836008, 50.682218422509749 ], [ 35.401792684679165, 50.685537216602732 ], [ 35.401498184990672, 50.688522381632772 ], [ 35.393991579686471, 50.692151547764183 ], [ 35.392230445809595, 50.695509361612288 ], [ 35.396638346854658, 50.699357745806424 ], [ 35.400227442752026, 50.701200057388704 ], [ 35.405282174130555, 50.713795181273603 ], [ 35.378468767821118, 50.728860249730424 ], [ 35.380637364530394, 50.738535527356412 ], [ 35.39619902643468, 50.74427486537639 ], [ 35.394226423258566, 50.752105790816238 ], [ 35.391825229772451, 50.75450698430236 ], [ 35.392348054386161, 50.757936975362334 ], [ 35.383574184429115, 50.764332008180837 ], [ 35.383340129515283, 50.765554294953098 ], [ 35.381545708509201, 50.766672557319204 ], [ 35.381571714610736, 50.76867502713759 ], [ 35.381103604783064, 50.769221155269875 ], [ 35.380505464447701, 50.769611246792934 ], [ 35.37980329970619, 50.770911551869808 ], [ 35.380077309028714, 50.772015218257629 ], [ 35.381337659696896, 50.773642192531234 ], [ 35.380739519361533, 50.773954265749687 ], [ 35.37980329970619, 50.773798229140461 ], [ 35.378047887852411, 50.775007512861954 ], [ 35.376652913086659, 50.778052035303475 ], [ 35.383099709611969, 50.785853277124438 ], [ 35.380712229822585, 50.787620433305754 ], [ 35.378633037847699, 50.788511012057484 ], [ 35.376782927592423, 50.790528548123049 ], [ 35.374747806311632, 50.793744729912063 ], [ 35.371580030348532, 50.795169186738526 ], [ 35.369219, 50.798333 ], [ 35.368044484587216, 50.801800839731818 ], [ 35.367841208913788, 50.803142631099576 ], [ 35.366960347662271, 50.805926011594245 ], [ 35.367547588496606, 50.807481777674354 ], [ 35.371551107469386, 50.81480360694875 ], [ 35.374772350578823, 50.816940787986361 ], [ 35.379203077308603, 50.823102363161048 ], [ 35.383965832302572, 50.832067549032054 ], [ 35.383968793388242, 50.83232050149423 ], [ 35.383535175276776, 50.839814717893248 ], [ 35.379426211233863, 50.847798591065242 ], [ 35.377709808532394, 50.849514993766711 ], [ 35.377241698704715, 50.851309414772793 ], [ 35.377865845141621, 50.855262342206494 ], [ 35.360363738806917, 50.875547101405687 ], [ 35.362247221659977, 50.887087523559671 ], [ 35.365520496996226, 50.893014380072472 ], [ 35.362601, 50.900039 ], [ 35.347542730748991, 50.907326557484431 ], [ 35.33838, 50.917613 ], [ 35.323273, 50.913717 ], [ 35.319092055667028, 50.915596497773343 ], [ 35.316153366193284, 50.917755004200934 ], [ 35.315607238060998, 50.920251589948535 ], [ 35.31578928077176, 50.922202047563836 ], [ 35.311654310627311, 50.923970462468382 ], [ 35.310354005550437, 50.925140737037573 ], [ 35.308481566239742, 50.926050950591382 ], [ 35.307432301582018, 50.926202759095055 ], [ 35.302370132378442, 50.926935158043655 ], [ 35.29971751002163, 50.92776735329285 ], [ 35.29867726596013, 50.929145676674338 ], [ 35.298393484416344, 50.930319376292516 ], [ 35.297220924274029, 50.932422445468049 ], [ 35.2945645, 50.9328745 ], [ 35.29441226530799, 50.937857720689394 ], [ 35.2967476, 50.9522091 ], [ 35.287936746025181, 50.969429127955848 ], [ 35.285362141972975, 50.971093518454246 ], [ 35.285258117566833, 50.97304397606954 ], [ 35.29048534397586, 50.980273672296939 ], [ 35.303368573117289, 50.990420065737091 ], [ 35.328176810547681, 50.997471597142201 ], [ 35.335759234868192, 50.999108921515429 ], [ 35.334331133552169, 51.000313006938747 ], [ 35.332062972638489, 51.001377082429116 ], [ 35.329962823644337, 51.003337221490327 ], [ 35.327106621012298, 51.005409368497887 ], [ 35.326490577307354, 51.005843399290008 ], [ 35.313651666456465, 51.012703886004225 ], [ 35.316395861142148, 51.017744243590172 ], [ 35.322416288258708, 51.018696311134185 ], [ 35.346098240585917, 51.01473533296538 ], [ 35.364799602541083, 51.014905845843991 ], [ 35.378140241570129, 51.019662379671473 ], [ 35.380296394537453, 51.025850818707575 ], [ 35.384972726297761, 51.023414645874361 ], [ 35.391917218971749, 51.034587438523232 ], [ 35.393709346113418, 51.044416135815844 ], [ 35.384776712391634, 51.050408560945819 ], [ 35.385700777949054, 51.054272835095048 ], [ 35.384972726297754, 51.054972884759771 ], [ 35.381948511746181, 51.058221115204049 ], [ 35.362080332657548, 51.059905984167656 ], [ 35.351426346364541, 51.059229186721247 ], [ 35.33815340472151, 51.058445131096761 ], [ 35.321007884990522, 51.056301138523594 ], [ 35.280945346120866, 51.049428491415206 ], [ 35.279474255213984, 51.049734361801789 ], [ 35.278117145475413, 51.050016533133572 ], [ 35.27114465081484, 51.050212547039692 ], [ 35.270640615056244, 51.049428491415213 ], [ 35.266776340907015, 51.047076324541763 ], [ 35.246810924469301, 51.044108113963361 ], [ 35.243086660253006, 51.050296552999455 ], [ 35.23997843974167, 51.050772586771465 ], [ 35.226817506045002, 51.0477203702333 ], [ 35.222029166338345, 51.047300340434468 ], [ 35.213440075689348, 51.046509006973444 ], [ 35.21344, 51.046509 ], [ 35.203468976457287, 51.051277575658411 ], [ 35.200386060225355, 51.04843014985174 ], [ 35.186466821626475, 51.05476713919397 ], [ 35.175767814391094, 51.054546892857935 ], [ 35.158564070081198, 51.059569205854224 ], [ 35.141604928770974, 51.067152890907479 ], [ 35.139240433107524, 51.075145160004446 ], [ 35.139348695042436, 51.086952935262445 ], [ 35.138201076263286, 51.089479903535761 ], [ 35.142139231101119, 51.09347517235009 ], [ 35.144134153740254, 51.096403447860368 ], [ 35.1438142, 51.1021857 ], [ 35.1479072, 51.1111779 ], [ 35.131110465314244, 51.114573361585762 ], [ 35.100114748472535, 51.117648147124335 ], [ 35.0839505, 51.1134207 ], [ 35.0794874, 51.1068271 ], [ 35.07772130838503, 51.10668899654523 ], [ 35.067237751310103, 51.099535327580845 ], [ 35.053313432706432, 51.10428100023573 ], [ 35.046029377003592, 51.104888004877616 ], [ 35.040695093786859, 51.104924793037732 ], [ 35.027616902865844, 51.104409758796102 ], [ 35.027056012868556, 51.104464409616348 ], [ 34.992553201433502, 51.098243286592712 ], [ 34.980704356517968, 51.098625176614995 ], [ 34.965371549981413, 51.099140228143696 ], [ 34.953905353450054, 51.105912672857116 ], [ 34.942201345917127, 51.122272349836209 ], [ 34.935855690567202, 51.122537099636126 ], [ 34.925502726469553, 51.112090302027028 ], [ 34.878829325299378, 51.112317908598612 ], [ 34.860954787664177, 51.108197255743619 ], [ 34.81036121964965, 51.114853195582334 ], [ 34.790646157342564, 51.120287475577229 ], [ 34.785134020182468, 51.135663538989895 ], [ 34.7754302, 51.1393892 ], [ 34.7683775, 51.1467185 ], [ 34.752669386680509, 51.148006516171378 ], [ 34.73809372095775, 51.148849040201604 ], [ 34.721820987784128, 51.166242442966897 ], [ 34.716314474776624, 51.167047559254286 ], [ 34.709285631329138, 51.16715876836097 ], [ 34.703036680529223, 51.171246378465803 ], [ 34.695082869215156, 51.171597189017461 ], [ 34.691123006273138, 51.174883032735302 ], [ 34.689046162293465, 51.18076576770089 ], [ 34.716672, 51.171617 ], [ 34.730890140499383, 51.163256201118323 ], [ 34.751346263610976, 51.15313118851018 ], [ 34.770556887540081, 51.152098479913057 ], [ 34.781317553701257, 51.152937555395496 ], [ 34.786609362105921, 51.151395125474522 ], [ 34.800655277351041, 51.142941694100145 ], [ 34.801987207341071, 51.142684652583313 ], [ 34.8049502, 51.1429358 ], [ 34.812418630558994, 51.130263110706238 ], [ 34.812519416064625, 51.128862777622309 ], [ 34.813267428869423, 51.128396423960062 ], [ 34.817346070475551, 51.128114253223004 ], [ 34.821703061407121, 51.132297162832451 ], [ 34.829744385021186, 51.131280251775998 ], [ 34.834697595764439, 51.127298733595026 ], [ 34.8517645, 51.119302 ], [ 34.851770539215288, 51.119311329354879 ], [ 34.862223839484663, 51.115916882170467 ], [ 34.884087338068788, 51.121730297978964 ], [ 34.905908710451413, 51.125353151308893 ], [ 34.912085269786978, 51.124402911411117 ], [ 34.910645753821875, 51.12220868234602 ], [ 34.920373161176464, 51.11845534188766 ], [ 34.922054843111518, 51.126362197301596 ], [ 34.931586371822085, 51.135823478372551 ], [ 34.941172922883212, 51.126149689827294 ], [ 34.965503013663906, 51.107872657150139 ], [ 34.972921222107765, 51.113706219289234 ], [ 34.998439496228194, 51.101560904248849 ], [ 35.0193974, 51.1068814 ], [ 35.02860098614893, 51.105789314800475 ], [ 35.034349191007983, 51.109794897001152 ], [ 35.036547830308336, 51.111910558505372 ], [ 35.04157437539169, 51.112543439588912 ], [ 35.043274186461332, 51.110069858719555 ], [ 35.050168045016548, 51.11269629186215 ], [ 35.097785434231156, 51.127039164166256 ], [ 35.111484573824342, 51.121351162165375 ], [ 35.149440281385623, 51.120466511933635 ], [ 35.155222022237318, 51.109817578320893 ], [ 35.150775780925507, 51.106280144721268 ], [ 35.154441384449747, 51.103200652283533 ], [ 35.154763821796784, 51.103264588468072 ], [ 35.155815985771333, 51.103584268064211 ], [ 35.157631817146779, 51.103136716010567 ], [ 35.158056076813928, 51.102539973198681 ], [ 35.149313902781088, 51.095275043430163 ], [ 35.1475532, 51.0825396 ], [ 35.151462339058135, 51.07897220344546 ], [ 35.150777541258471, 51.069496920553085 ], [ 35.157177986416407, 51.067729302646619 ], [ 35.162233115076191, 51.064065763649467 ], [ 35.166472900403747, 51.063143428425242 ], [ 35.205330533536795, 51.067701340145476 ], [ 35.211915782182089, 51.066288020840581 ], [ 35.214809320796249, 51.064701241600559 ], [ 35.217180155660756, 51.063525158163834 ], [ 35.219592281805944, 51.062403820228788 ], [ 35.221604469541759, 51.061191659281448 ], [ 35.224124648334737, 51.059567544059313 ], [ 35.225860771503235, 51.059231520220244 ], [ 35.226346139270774, 51.059847563925196 ], [ 35.227018186948897, 51.060276927719556 ], [ 35.2282502743588, 51.061172991290391 ], [ 35.228959658019043, 51.062255734771817 ], [ 35.230212544199674, 51.063137395417449 ], [ 35.230471765294837, 51.063319810262193 ], [ 35.232450572347098, 51.063786510038668 ], [ 35.233794667703357, 51.064355883765963 ], [ 35.234261367479832, 51.064729243587145 ], [ 35.235474786898671, 51.065214611354683 ], [ 35.236762878281752, 51.06590532702387 ], [ 35.238293653548595, 51.066204014880817 ], [ 35.239955104752859, 51.06605467095234 ], [ 35.240776496359459, 51.066502702737758 ], [ 35.243128663232902, 51.067230754389065 ], [ 35.243246393511164, 51.067278841404132 ], [ 35.251876722578231, 51.059395367737096 ], [ 35.26160787512724, 51.05737331006457 ], [ 35.273866599766897, 51.057562877971364 ], [ 35.287101116172558, 51.066592931361313 ], [ 35.289594153812203, 51.067724507642055 ], [ 35.298356403726459, 51.064565042528741 ], [ 35.303914753453128, 51.060955198061407 ], [ 35.317400169992737, 51.059208294011285 ], [ 35.323598039347885, 51.06333614118099 ], [ 35.352413506573747, 51.061446679351228 ], [ 35.382615892426379, 51.065712424449742 ], [ 35.389809291647815, 51.060435605643711 ], [ 35.398695255391928, 51.053335546377561 ], [ 35.399317521760565, 51.052912405246893 ], [ 35.404140086117501, 51.051624313863819 ], [ 35.406392690371966, 51.051599423209062 ], [ 35.412254439564521, 51.042004075804712 ], [ 35.412951377897393, 51.039888370151345 ], [ 35.403779171623697, 51.036129881284779 ], [ 35.400381597250934, 51.033653261137601 ], [ 35.400107800048737, 51.031512664829492 ], [ 35.394818535915327, 51.023124514180282 ], [ 35.393798019070758, 51.02061055805099 ], [ 35.383779530535712, 51.020150080938208 ], [ 35.383032810893347, 51.017300100969855 ], [ 35.382709232381657, 51.014923043441662 ], [ 35.382522552471066, 51.013865190614979 ], [ 35.382622115090051, 51.01295668171678 ], [ 35.380556190746177, 51.012508649931355 ], [ 35.3754922, 51.0120302 ], [ 35.367690634340924, 51.010756521137353 ], [ 35.359106788107162, 51.011226902353506 ], [ 35.352444958833978, 51.011246786033773 ], [ 35.348130997320162, 51.011580731619084 ], [ 35.345556172123445, 51.011538100401651 ], [ 35.324085517792383, 51.01425099576349 ], [ 35.323046332956757, 51.013827854632815 ], [ 35.32292187968303, 51.013274037564742 ], [ 35.323581482033788, 51.012601989886612 ], [ 35.324689116169957, 51.011705926315777 ], [ 35.326555915275868, 51.010274713667911 ], [ 35.327638658757294, 51.009465767388683 ], [ 35.328245368466703, 51.008451473207835 ], [ 35.333522187272735, 51.004468968448563 ], [ 35.338487872894454, 51.001755887081316 ], [ 35.341151172952216, 51.000722924909375 ], [ 35.340463697426955, 50.999885794848012 ], [ 35.339321709828425, 50.998495211309674 ], [ 35.338368152568087, 50.997698057621143 ], [ 35.33756677091138, 50.997028119516592 ], [ 35.330325945189557, 50.995318291125677 ], [ 35.312758436180047, 50.984501163728673 ], [ 35.304647348242568, 50.980445619759941 ], [ 35.301651360806204, 50.975220909962374 ], [ 35.299678393470067, 50.966744457703392 ], [ 35.302165924070486, 50.963947175750171 ], [ 35.3001345, 50.9597022 ], [ 35.310262984195106, 50.951055817219604 ], [ 35.31442758243066, 50.949930430911891 ], [ 35.312473909171217, 50.946043547493986 ], [ 35.313099274644131, 50.942752150268156 ], [ 35.330536397135305, 50.934783195251711 ], [ 35.332276914441074, 50.929438205053096 ], [ 35.33851893259596, 50.925122226407538 ], [ 35.346159399973629, 50.923654703922992 ], [ 35.3471943, 50.9198782 ], [ 35.354599, 50.9161034 ], [ 35.370929123901973, 50.918165412991193 ], [ 35.380342519967854, 50.91237255387373 ], [ 35.383897228971747, 50.90453902847625 ], [ 35.379756578462519, 50.895342115380743 ], [ 35.381399361675719, 50.893052175144156 ], [ 35.383813755186026, 50.89032664844953 ], [ 35.386265484678454, 50.887426887171685 ], [ 35.387211329558774, 50.886512155609807 ], [ 35.387870931909532, 50.885921002559598 ], [ 35.389053238009943, 50.885099610952999 ], [ 35.390322661401967, 50.884558239212282 ], [ 35.392009003260974, 50.883942195507331 ], [ 35.394174490223818, 50.88308346791861 ], [ 35.396489321115148, 50.882050505746676 ], [ 35.39940775038405, 50.880681519735674 ], [ 35.401125205561485, 50.879847682801696 ], [ 35.401610573329002, 50.879524104290013 ], [ 35.39874814803327, 50.878914283248747 ], [ 35.39413093157799, 50.877868875749435 ], [ 35.389924410926007, 50.876201201881486 ], [ 35.387099321612396, 50.875106013072688 ], [ 35.385941906166735, 50.873923706972278 ], [ 35.38304214488889, 50.871036391021804 ], [ 35.382108745335934, 50.870239890069961 ], [ 35.382905246287784, 50.869679850338187 ], [ 35.385170295869621, 50.867688597958548 ], [ 35.388393635659163, 50.866867206351948 ], [ 35.390820474496849, 50.866008478763227 ], [ 35.391922934061007, 50.848814139913891 ], [ 35.385119821008658, 50.816607890278156 ], [ 35.385709183420303, 50.815466933386496 ], [ 35.385330542680947, 50.811434039174642 ], [ 35.386534065770583, 50.806974319860387 ], [ 35.387228820122843, 50.800820245776052 ], [ 35.384110194784895, 50.791689070282416 ], [ 35.386542259188971, 50.786683458579816 ], [ 35.39137228599153, 50.781743775394226 ], [ 35.396440487257102, 50.770764408369722 ], [ 35.396766624589993, 50.770016719733249 ], [ 35.396642379642067, 50.768646595776502 ], [ 35.396277418590664, 50.768392389445275 ], [ 35.396399720090493, 50.766948492951599 ], [ 35.39815270825477, 50.765736616855094 ], [ 35.398478845587668, 50.763570632453145 ], [ 35.400313368085165, 50.762616536084302 ], [ 35.401087944250776, 50.759393093654609 ], [ 35.400068765085493, 50.75846470105089 ], [ 35.400557971084829, 50.757252605210127 ], [ 35.410015953738608, 50.758077865363511 ], [ 35.412598212780964, 50.756228669480301 ], [ 35.414375567282903, 50.749514219139598 ], [ 35.416847072443865, 50.742497168322878 ], [ 35.414244767887233, 50.739903869487449 ], [ 35.419420519210519, 50.734759110687058 ], [ 35.425927484742097, 50.731833566293346 ], [ 35.42657024356086, 50.728503623741922 ], [ 35.418159953757922, 50.71607305161708 ], [ 35.412782595236585, 50.703247385954761 ], [ 35.41123984305716, 50.69474312394086 ], [ 35.405237226448335, 50.677031367516292 ], [ 35.403316472604111, 50.674470362390657 ], [ 35.402658193158949, 50.657947548316997 ], [ 35.394374313199584, 50.650518793874163 ], [ 35.393685934301097, 50.645242852308506 ], [ 35.399702683083738, 50.635752572519223 ], [ 35.401973545064202, 50.632170718541936 ], [ 35.403566639195283, 50.629657914770199 ], [ 35.403738071313818, 50.629386583359569 ], [ 35.404121571772116, 50.628737582583987 ], [ 35.404564072300929, 50.62760183122672 ], [ 35.403538946075862, 50.626797955266049 ], [ 35.403435695952474, 50.626650455089781 ], [ 35.403605321155183, 50.626473454878258 ], [ 35.404018321648735, 50.626407079798938 ], [ 35.404512447239235, 50.62637020475487 ], [ 35.404903322706353, 50.626502954913512 ], [ 35.405394989960577, 50.62652999661249 ], [ 35.406348824433785, 50.624818994567768 ], [ 35.406525824645307, 50.624032326961 ], [ 35.406574991370732, 50.62329482607965 ], [ 35.406270157673113, 50.622576991888479 ], [ 35.405385156615495, 50.621387157133242 ], [ 35.404647655734152, 50.620629989561728 ], [ 35.404647655734152, 50.620413655969863 ], [ 35.404785322565331, 50.620256322448512 ], [ 35.405257323129398, 50.620197322378004 ], [ 35.405768657073793, 50.619784321884453 ], [ 35.40606365742633, 50.61957782163767 ], [ 35.406869991723269, 50.619735155159027 ], [ 35.407902492957156, 50.619764655194281 ], [ 35.408826827395103, 50.620039988856647 ], [ 35.410203495706952, 50.618024153114305 ], [ 35.411452330532697, 50.615801817125174 ], [ 35.412189831414047, 50.614405482123161 ], [ 35.412740498738778, 50.613461480995049 ], [ 35.413074832471651, 50.613363147544206 ], [ 35.413251832683173, 50.613402480924542 ], [ 35.413438666239784, 50.613618814516407 ], [ 35.414156500430963, 50.614965982792995 ], [ 35.415484002017379, 50.615546150152987 ], [ 35.41760800455566, 50.615929650611285 ], [ 35.419033839592927, 50.615919817266203 ], [ 35.420843175088493, 50.615732983709584 ], [ 35.420272841073583, 50.614493982228922 ], [ 35.420213841003076, 50.613825314763169 ], [ 35.420233507693247, 50.612645313353013 ], [ 35.419525506847151, 50.611563645393709 ], [ 35.419230506494614, 50.61018697708186 ], [ 35.419407506706136, 50.609016809016801 ], [ 35.419712340403763, 50.608633308558503 ], [ 35.420312174453919, 50.608269474790369 ], [ 35.420892341813911, 50.607905641022242 ], [ 35.421570842624753, 50.607217306866318 ], [ 35.422770510725073, 50.606371639189042 ], [ 35.423183511218625, 50.605457138096178 ], [ 35.423852178684378, 50.604650803799224 ], [ 35.425651680834861, 50.60366746929077 ], [ 35.424412679354184, 50.602566134641293 ], [ 35.42132500899762, 50.599852131397945 ], [ 35.420705508257292, 50.599507964319976 ], [ 35.418316005401735, 50.598386962980335 ], [ 35.415808502405163, 50.597256128295605 ], [ 35.414215500501456, 50.596715294315956 ], [ 35.40738132566765, 50.593686624029893 ], [ 35.401363318475873, 50.591041454202134 ], [ 35.400094816959957, 50.590431786806889 ], [ 35.400055483579621, 50.589871286137061 ], [ 35.399691649811487, 50.58955661909436 ], [ 35.398924648894884, 50.589241952051658 ], [ 35.398196981358623, 50.588091450676757 ], [ 35.397469313822363, 50.587884950429981 ], [ 35.394224309944441, 50.583518945212418 ], [ 35.393417975647502, 50.582270110386673 ], [ 35.392316640998025, 50.581394942674144 ], [ 35.390241805185177, 50.580342774750093 ], [ 35.390423722069237, 50.580101857795498 ], [ 35.391195639658378, 50.579600357196185 ], [ 35.392646058058354, 50.578877606332462 ], [ 35.394725810543754, 50.577913938514172 ], [ 35.396736729613558, 50.576965020713509 ], [ 35.398054397854892, 50.57637010333589 ], [ 35.398885315514541, 50.575952186169793 ], [ 35.400311150551808, 50.575367102137257 ], [ 35.401505901979583, 50.574752518069474 ], [ 35.404431322142258, 50.574811518139981 ], [ 35.405296656509705, 50.573700350145423 ], [ 35.405803073781556, 50.572825182432894 ], [ 35.406963408501539, 50.571920514685111 ], [ 35.407573075896785, 50.571065013662754 ], [ 35.409195577835746, 50.570121012534628 ], [ 35.409795411885909, 50.569767012111583 ], [ 35.410926246570639, 50.568990177849898 ], [ 35.411939081114355, 50.569186844751592 ], [ 35.413040415763831, 50.56926551151227 ], [ 35.413738583264838, 50.569137678026166 ], [ 35.414702251083128, 50.568882011053965 ], [ 35.416098586085141, 50.568193676898041 ], [ 35.418055421756982, 50.567643009573302 ], [ 35.420454757957621, 50.566649841719759 ], [ 35.421615092677605, 50.566010674289259 ], [ 35.42269676063691, 50.565253506717745 ], [ 35.424112762329095, 50.564388172350299 ], [ 35.42599093124025, 50.562972170658114 ], [ 35.42745609965786, 50.562264169812018 ], [ 35.42841976747615, 50.560877668155086 ], [ 35.430897770437468, 50.558183331601903 ], [ 35.430878103747304, 50.557819497833769 ], [ 35.430612603430021, 50.557091830297509 ], [ 35.43068143684561, 50.556295329345659 ], [ 35.430917437127647, 50.555341494872451 ], [ 35.432461272305929, 50.553138825573498 ], [ 35.434378774597427, 50.550631322576933 ], [ 35.435942276465873, 50.548733486975607 ], [ 35.43697477769976, 50.54747481880478 ], [ 35.438951280061765, 50.544278981652283 ], [ 35.438479279497706, 50.543954481264493 ], [ 35.43843994611737, 50.543610314186523 ], [ 35.438479279497706, 50.543118646932292 ], [ 35.438990613442108, 50.542548312917383 ], [ 35.439226613724138, 50.541938645522137 ], [ 35.439305280484817, 50.541210977985891 ], [ 35.438744779814996, 50.54032597692828 ], [ 35.437397611538401, 50.539529475976423 ], [ 35.437171444601461, 50.539244308968968 ], [ 35.436994444389931, 50.538113474284245 ], [ 35.435430942521478, 50.53642213892968 ], [ 35.435381775796053, 50.535664971358166 ], [ 35.435558776007575, 50.535173304103935 ], [ 35.435519442627239, 50.534435803222593 ], [ 35.435263775655038, 50.533177135051766 ], [ 35.435076942098434, 50.532459300860594 ], [ 35.435814442979776, 50.53143663297179 ], [ 35.436610943931626, 50.529971464554187 ], [ 35.438646446364139, 50.529627297476232 ], [ 35.439688780943108, 50.529499463990128 ], [ 35.441026115874614, 50.529479797299956 ], [ 35.441670302062114, 50.529457773840555 ], [ 35.443327118624417, 50.529401130539277 ], [ 35.44445795330914, 50.52921429698268 ], [ 35.444615286830498, 50.529007796735904 ], [ 35.44519545419049, 50.524877791800378 ], [ 35.444841453767445, 50.524690958243767 ], [ 35.44529378764134, 50.523314289931925 ], [ 35.447378456799278, 50.52156395450686 ], [ 35.451213461382274, 50.518446784115035 ], [ 35.457762469208625, 50.513353111361205 ], [ 35.457487135546259, 50.511248775513103 ], [ 35.45757563565202, 50.510806274984311 ], [ 35.458165636357094, 50.510206440934148 ], [ 35.45853930347031, 50.509960607307036 ], [ 35.459198137590981, 50.509852440511104 ], [ 35.459424304527921, 50.509488606742977 ], [ 35.459434137873011, 50.508869106002642 ], [ 35.45917847090081, 50.508180771846725 ], [ 35.458549136815392, 50.507748104663001 ], [ 35.457349468715073, 50.507040103816905 ], [ 35.45718230184864, 50.50652876987251 ], [ 35.457624802377445, 50.505987935892861 ], [ 35.457978802800497, 50.505535602018966 ], [ 35.458352469913713, 50.505181601595922 ], [ 35.458765470407265, 50.504621100926094 ], [ 35.459099804140138, 50.504453934059661 ], [ 35.460564972557748, 50.505024268074564 ], [ 35.461597473791628, 50.505132434870497 ], [ 35.461912140834336, 50.504660434306437 ], [ 35.462561141609925, 50.504758767757281 ], [ 35.462885641997715, 50.504739101067109 ], [ 35.463075753336014, 50.504535878602013 ], [ 35.465481645100049, 50.501756319724763 ], [ 35.466864868975279, 50.500346873595966 ], [ 35.468071092638986, 50.499920761975638 ], [ 35.468556204329829, 50.498288426691595 ], [ 35.469041316020672, 50.49751487021161 ], [ 35.469762427993537, 50.496544646829925 ], [ 35.470857207079618, 50.4951548673913 ], [ 35.471820874897908, 50.494001088234704 ], [ 35.472574764687728, 50.492886642458451 ], [ 35.472476431236885, 50.492637531049645 ], [ 35.472791098279593, 50.49223764168287 ], [ 35.473780988351443, 50.491293640554751 ], [ 35.474377544619905, 50.490552861891707 ], [ 35.474600433775159, 50.489903861116126 ], [ 35.4748298784938, 50.489523638439522 ], [ 35.475406768072098, 50.489077860129022 ], [ 35.475662435044299, 50.488743526396142 ], [ 35.475747657368366, 50.488291192522254 ], [ 35.475911546453112, 50.48814697012768 ], [ 35.476455658214455, 50.487910969845643 ], [ 35.478022437864603, 50.48741930259142 ], [ 35.479595773078138, 50.486875190830069 ], [ 35.480985552516763, 50.486737523998883 ], [ 35.482204887307255, 50.486521190407025 ], [ 35.483529111111984, 50.486245856744645 ], [ 35.485672780340423, 50.485793522870757 ], [ 35.488531005978352, 50.485210077729072 ], [ 35.489855229783075, 50.484856077306027 ], [ 35.490910675488827, 50.484665965967721 ], [ 35.492044787955251, 50.484311965544677 ], [ 35.493723012183011, 50.483603964698595 ], [ 35.495073458241301, 50.483033630683686 ], [ 35.496738571342291, 50.482410852161664 ], [ 35.498547906837871, 50.481892962653873 ], [ 35.500199908812085, 50.481375073146083 ], [ 35.501629021631047, 50.480975183779307 ], [ 35.50239602254765, 50.480634294483039 ], [ 35.503189245717806, 50.480208182862704 ], [ 35.504238135860163, 50.47959195990407 ], [ 35.50489369219914, 50.478936403565093 ], [ 35.505693470932684, 50.47795962462002 ], [ 35.506014693538781, 50.477546624126468 ], [ 35.506998028047242, 50.476779623209865 ], [ 35.508125584950285, 50.475999511166499 ], [ 35.509272808543486, 50.47540295489803 ], [ 35.510243031925164, 50.474924398770582 ], [ 35.511337811011252, 50.474472064896695 ], [ 35.512780034956997, 50.473678841726539 ], [ 35.514314036790196, 50.472702062781465 ], [ 35.514759815100703, 50.472570951513674 ], [ 35.515317037988829, 50.472361173485197 ], [ 35.516025038834918, 50.472007173062153 ], [ 35.516877262075589, 50.471567950315041 ], [ 35.518496486232848, 50.470873060595729 ], [ 35.519551931938601, 50.470361726651333 ], [ 35.519899376798257, 50.470047059608625 ], [ 35.520220599404354, 50.469915948340827 ], [ 35.520725377785361, 50.469811059326595 ], [ 35.521249822856539, 50.469673392495409 ], [ 35.521918490322292, 50.46938494770626 ], [ 35.523000158281612, 50.468880169325246 ], [ 35.524363715466677, 50.468132835098821 ], [ 35.525491272369713, 50.467772279112381 ], [ 35.527012163076137, 50.467175722843919 ], [ 35.528375720261202, 50.466926611435099 ], [ 35.529988388855074, 50.4665398331951 ], [ 35.531109390194722, 50.466166166081884 ], [ 35.532512280760123, 50.465484387489354 ], [ 35.533639322125289, 50.464620086826955 ], [ 35.534144616044145, 50.46427160826223 ], [ 35.535219728440062, 50.463484940655469 ], [ 35.536294840835978, 50.462298383681926 ], [ 35.536825841470552, 50.461734605230411 ], [ 35.537481397809522, 50.461301938046688 ], [ 35.537809175979007, 50.460902048679912 ], [ 35.537592842387149, 50.460436603679241 ], [ 35.537527286753253, 50.460233381214159 ], [ 35.537900953866469, 50.459813825157219 ], [ 35.539002288515945, 50.459407380227056 ], [ 35.540844401828458, 50.458889490719258 ], [ 35.541735958449465, 50.458640379310445 ], [ 35.542666848450807, 50.458083156422319 ], [ 35.543807516480619, 50.457670155928767 ], [ 35.545846296694826, 50.457480044590461 ], [ 35.546541186414139, 50.457630822548431 ], [ 35.546980409161257, 50.458915712972818 ], [ 35.548022743740226, 50.459086157620952 ], [ 35.549622301207322, 50.459309046776205 ], [ 35.550619839436493, 50.458495064321959 ], [ 35.550287690891409, 50.457906520408748 ], [ 35.550497468919879, 50.457725878217559 ], [ 35.550753864288012, 50.457661779375528 ], [ 35.551179247512415, 50.45776084122231 ], [ 35.551732828420882, 50.458413483977552 ], [ 35.552393963478679, 50.458466191810132 ], [ 35.552822508735439, 50.458361039470432 ], [ 35.553294509299498, 50.457807458561966 ], [ 35.55369658385407, 50.457457828514514 ], [ 35.554226856092704, 50.457166470141637 ], [ 35.554314263604567, 50.45703244529011 ], [ 35.554215201757792, 50.456793531424353 ], [ 35.55377930278528, 50.456534538545306 ], [ 35.553754855528645, 50.456315703692837 ], [ 35.554056024922495, 50.456148689954098 ], [ 35.554564831805244, 50.456030172487417 ], [ 35.554966906359816, 50.455901974803353 ], [ 35.555042659536767, 50.455756295616915 ], [ 35.554786264168634, 50.455511554583694 ], [ 35.554594474117046, 50.45539790121979 ], [ 35.554471597125925, 50.455325085225056 ], [ 35.554017078064241, 50.455237677713193 ], [ 35.553894707547627, 50.455091998526754 ], [ 35.554215201757792, 50.454567553455576 ], [ 35.554559004637788, 50.454188787570835 ], [ 35.555100931211342, 50.453879947695583 ], [ 35.555345672244556, 50.453938219370158 ], [ 35.555495777470952, 50.454141165373294 ], [ 35.555514660100826, 50.454357775427106 ], [ 35.555415598254051, 50.454707405474558 ], [ 35.555648684952352, 50.454800640153877 ], [ 35.555875944483191, 50.454794812986421 ], [ 35.55609737684658, 50.454689923972182 ], [ 35.556289673372682, 50.454544244785744 ], [ 35.556260537535394, 50.454346121092186 ], [ 35.556126512683868, 50.454124688728804 ], [ 35.556190611525899, 50.453926565035246 ], [ 35.556496537817424, 50.453842071107125 ], [ 35.55688113086962, 50.453748836427806 ], [ 35.557125871902841, 50.453690564753231 ], [ 35.557213279414704, 50.453754663595262 ], [ 35.55721910658216, 50.453882861279332 ], [ 35.557090908898097, 50.454185873987122 ], [ 35.557020982888602, 50.454337380341016 ], [ 35.557195797912328, 50.454436442187799 ], [ 35.557527946457405, 50.454488886694911 ], [ 35.557854267835033, 50.454354861843392 ], [ 35.558122317538079, 50.454337380341016 ], [ 35.55839619440858, 50.454430615020335 ], [ 35.559101281670948, 50.454139256647458 ], [ 35.559788887430933, 50.453766317930182 ], [ 35.559876294942796, 50.453632293078655 ], [ 35.559882122110253, 50.453451650887473 ], [ 35.559823850435677, 50.453282663031203 ], [ 35.559952048119747, 50.452909724313926 ], [ 35.5603424683394, 50.452600884438674 ], [ 35.560796987401091, 50.452484341089523 ], [ 35.561566173505483, 50.452280390228509 ], [ 35.562463557293938, 50.452088093702415 ], [ 35.562778224336647, 50.45197737752072 ], [ 35.56328518790545, 50.451324734765478 ], [ 35.563541583273583, 50.451173228411584 ], [ 35.564031065340018, 50.451120783904464 ], [ 35.564176744526456, 50.451283944593278 ], [ 35.564159263024081, 50.451464586784461 ], [ 35.563966966497986, 50.451581130133611 ], [ 35.563844595981379, 50.451755945157338 ], [ 35.564031065340018, 50.452035649195295 ], [ 35.564794424276954, 50.452088093702415 ], [ 35.565283906343382, 50.452128883874614 ], [ 35.566064746782693, 50.452554267099025 ], [ 35.566595019021328, 50.453014613328172 ], [ 35.56716608143217, 50.453364243375624 ], [ 35.567608946158941, 50.453766317930196 ], [ 35.568191662904688, 50.454046021968168 ], [ 35.568354823593502, 50.454220836991894 ], [ 35.568634527631467, 50.454413133517996 ], [ 35.569368750731115, 50.454646220216297 ], [ 35.569520257085003, 50.454885134082041 ], [ 35.56947363974534, 50.455001677431191 ], [ 35.56900163918128, 50.455141529450174 ], [ 35.568418922435526, 50.454990023096279 ], [ 35.568168354234857, 50.455024986101023 ], [ 35.568092601057906, 50.455182319622374 ], [ 35.568145045565025, 50.455339653143731 ], [ 35.568337342091127, 50.455502813832538 ], [ 35.568832651325017, 50.455689283191184 ], [ 35.569619318931778, 50.455730073363384 ], [ 35.570574974394816, 50.455473677995251 ], [ 35.571140209638195, 50.45569511035864 ], [ 35.571524802690398, 50.456353580281338 ], [ 35.571734580718868, 50.456866371017597 ], [ 35.571524802690398, 50.457239309734881 ], [ 35.571513401843383, 50.45768394276832 ], [ 35.574007855849693, 50.458563088093676 ], [ 35.575163545035814, 50.457684764312226 ], [ 35.576779612810704, 50.456969965104101 ], [ 35.577245786207307, 50.45675241751902 ], [ 35.577763756647975, 50.456369119392924 ], [ 35.578613228170667, 50.455706117228864 ], [ 35.578136695365252, 50.455146709152942 ], [ 35.578064179503563, 50.4548048486621 ], [ 35.578747900485247, 50.453572079013313 ], [ 35.579129899801245, 50.453253746249977 ], [ 35.579431621466931, 50.453002311528572 ], [ 35.582529084702138, 50.451313727891993 ], [ 35.58437305947092, 50.450205271148967 ], [ 35.585087858679039, 50.449449034305587 ], [ 35.586330987736659, 50.448361296380149 ], [ 35.586330987736659, 50.44742894958695 ], [ 35.586299909510224, 50.445978632353075 ], [ 35.586444941233609, 50.4445283151192 ], [ 35.586268831283782, 50.444466158666316 ], [ 35.586268831283782, 50.44388603177277 ], [ 35.58637242537192, 50.443513093055486 ], [ 35.587470522706134, 50.440622817996541 ], [ 35.58762591383833, 50.43850949859862 ], [ 35.587770945561715, 50.437245650723391 ], [ 35.587398006844438, 50.436479054471199 ], [ 35.587708789108838, 50.435474191816304 ], [ 35.587988493146796, 50.434189625123437 ], [ 35.587408366253243, 50.432635713801432 ], [ 35.587423905366471, 50.431309709473318 ], [ 35.583539127061449, 50.430123557164173 ], [ 35.583171368048575, 50.429978525440795 ], [ 35.583109211595698, 50.429377679729619 ], [ 35.582798429331298, 50.429243007415039 ], [ 35.58267411642553, 50.427865206042874 ], [ 35.582933101645864, 50.427430110872713 ], [ 35.582995258098748, 50.426114465953404 ], [ 35.582953820463494, 50.424674508128348 ], [ 35.582860585784175, 50.422664782818551 ], [ 35.582705194651972, 50.422157171786694 ], [ 35.58271555406079, 50.421763514251786 ], [ 35.582850226375363, 50.420810448640957 ], [ 35.582819148148928, 50.419805585986062 ], [ 35.582674116425537, 50.41934977199827 ], [ 35.582632678790283, 50.418365628161006 ], [ 35.582788069922486, 50.417516156638307 ], [ 35.582912382828248, 50.416790998021369 ], [ 35.582622319381471, 50.416542372209847 ], [ 35.582601600563862, 50.414580990807856 ], [ 35.582732819742162, 50.413393111930596 ], [ 35.582622319381485, 50.412350264776713 ], [ 35.582560162928608, 50.411694168885198 ], [ 35.582608506836408, 50.4105339150981 ], [ 35.582753538559793, 50.410133351290654 ], [ 35.582891664010639, 50.409290786040501 ], [ 35.582746632287254, 50.409021441411348 ], [ 35.582779325615697, 50.408269494857116 ], [ 35.582794976195046, 50.407909531532049 ], [ 35.582705194652, 50.40785428135171 ], [ 35.582649944471662, 50.405816930951751 ], [ 35.582732819742169, 50.405140116242606 ], [ 35.582760444832338, 50.404698114799906 ], [ 35.583022883188946, 50.404207769449407 ], [ 35.582953820463523, 50.403530954740269 ], [ 35.5828364138303, 50.40133476007184 ], [ 35.582891664010639, 50.398793251776297 ], [ 35.582953820463516, 50.397957592798676 ], [ 35.582981445553685, 50.396562525745139 ], [ 35.583188633729954, 50.395650897769563 ], [ 35.583332642301897, 50.394263760140049 ], [ 35.584028385313559, 50.392782236785798 ], [ 35.58447857196817, 50.392708569878678 ], [ 35.585460797396401, 50.392790421997702 ], [ 35.586025577017629, 50.39282316284531 ], [ 35.586352985493704, 50.392536680428741 ], [ 35.586664023545978, 50.392389346614507 ], [ 35.58720424753151, 50.392274753647875 ], [ 35.587629878550416, 50.39246301352162 ], [ 35.589496106864054, 50.392561236064445 ], [ 35.590813925980264, 50.392643088183462 ], [ 35.592983007134272, 50.392872274116712 ], [ 35.59330223039845, 50.392774051573888 ], [ 35.593621453662621, 50.392512124793022 ], [ 35.593965232562503, 50.391194305676812 ], [ 35.594341752309994, 50.390441266181838 ], [ 35.595119347440672, 50.389549078084535 ], [ 35.596134313716504, 50.385857547516764 ], [ 35.59641261092117, 50.384940803783749 ], [ 35.597493058892226, 50.383074575470111 ], [ 35.598540766015695, 50.382026868346671 ], [ 35.599293805510669, 50.381372051394514 ], [ 35.601618405690814, 50.379923268887879 ], [ 35.601340108486148, 50.379718638590326 ], [ 35.60159385005511, 50.379464897021371 ], [ 35.602093147981122, 50.379333933630939 ], [ 35.602420556457204, 50.378826450493023 ], [ 35.602224111371555, 50.378687301890686 ], [ 35.602158629676339, 50.37840900468602 ], [ 35.602641557178551, 50.378130707481354 ], [ 35.603067188197457, 50.378351708202707 ], [ 35.605129861596737, 50.377574113072022 ], [ 35.605436807043056, 50.377709169068403 ], [ 35.606521347620067, 50.377263075019755 ], [ 35.607757314617253, 50.376542776372382 ], [ 35.608641317502659, 50.375998459780902 ], [ 35.609054670703713, 50.375646495669123 ], [ 35.609267486213163, 50.375179938590712 ], [ 35.609472116510709, 50.374893456174149 ], [ 35.609758598927279, 50.374852530114637 ], [ 35.611264677917234, 50.374525121638563 ], [ 35.608940077737088, 50.372855338410567 ], [ 35.608142019576654, 50.372323299636939 ], [ 35.608085349441843, 50.372056950003348 ], [ 35.60806016745763, 50.371938594677545 ], [ 35.601941721560941, 50.367600432369528 ], [ 35.601385127151616, 50.3674940246148 ], [ 35.601565201813457, 50.367174801350629 ], [ 35.603717912543665, 50.365791500539203 ], [ 35.607745036799408, 50.363270455273415 ], [ 35.611592086393316, 50.360937669881366 ], [ 35.615103542299238, 50.358809514786863 ], [ 35.618091144643444, 50.356967842108929 ], [ 35.623149605598833, 50.35383290595049 ], [ 35.62647280163101, 50.35190938115354 ], [ 35.628085288375694, 50.354004795400428 ], [ 35.630303480801111, 50.353661016500546 ], [ 35.630565407581976, 50.354127573578957 ], [ 35.637301836977258, 50.353358163660175 ], [ 35.641140701359262, 50.352965273488884 ], [ 35.646772127147784, 50.352310456536728 ], [ 35.648728392792343, 50.352204048781999 ], [ 35.656815382151443, 50.351270934625184 ], [ 35.658509721015143, 50.351131786022847 ], [ 35.659884836614665, 50.351426453651314 ], [ 35.665147927867601, 50.35280975446274 ], [ 35.671491467091592, 50.354733279259683 ], [ 35.672719248876881, 50.354987020828645 ], [ 35.67808056267264, 50.354954279981037 ], [ 35.68269702218533, 50.354864242650123 ], [ 35.687992854285874, 50.354798760954907 ], [ 35.691471569344195, 50.354725094047787 ], [ 35.69621899224731, 50.354651427140674 ], [ 35.700442561588702, 50.354389500359808 ], [ 35.704109536520768, 50.354405870783616 ], [ 35.708668699550131, 50.354324018664599 ], [ 35.717132208656722, 50.354225796121774 ], [ 35.72423697258759, 50.354127573578957 ], [ 35.729180840576355, 50.35420124048607 ], [ 35.729843842740408, 50.354258536969382 ], [ 35.737652534894849, 50.354283092605101 ], [ 35.738831205408722, 50.35404572145994 ], [ 35.740509173848615, 50.355347170152349 ], [ 35.743373998014285, 50.357598103425381 ], [ 35.743619554371321, 50.357917326689552 ], [ 35.744438075561511, 50.358866811270175 ], [ 35.748473385029165, 50.362018117852415 ], [ 35.756576744812065, 50.368345286652605 ], [ 35.765747753930846, 50.378175345651684 ], [ 35.776692267010013, 50.391332361374879 ], [ 35.802327797645567, 50.405167877908902 ], [ 35.80512323660232, 50.407757081960355 ], [ 35.806585661128793, 50.408270021906205 ], [ 35.806018153103594, 50.409743360048552 ], [ 35.804774000894504, 50.410747412708517 ], [ 35.803311576368031, 50.411140302879801 ], [ 35.801434434438519, 50.411183957343283 ], [ 35.800692308559412, 50.411042080336983 ], [ 35.798891561940991, 50.410998425873501 ], [ 35.798040299903192, 50.411031166721109 ], [ 35.796730665998886, 50.410812894403726 ], [ 35.79556290910088, 50.411915169606516 ], [ 35.794515201977433, 50.412635468253889 ], [ 35.794275102428308, 50.413508557523429 ], [ 35.795661131643719, 50.414719968884903 ], [ 35.795486513789811, 50.41532021775771 ], [ 35.79437332497114, 50.416258788722459 ], [ 35.794275102428323, 50.416629851662016 ], [ 35.795366464015245, 50.417208273303082 ], [ 35.796054021815003, 50.417295582230039 ], [ 35.797189037865401, 50.417994053645671 ], [ 35.799644601435979, 50.419107242464328 ], [ 35.800015664375529, 50.419194551391286 ], [ 35.802263869244591, 50.42017677681951 ], [ 35.806563833897066, 50.422163054907706 ], [ 35.812642717936228, 50.424891458875024 ], [ 35.819310937232324, 50.427969098550136 ], [ 35.825782711442777, 50.430904861218963 ], [ 35.831850681866072, 50.433633265186266 ], [ 35.833640514868627, 50.428842187819676 ], [ 35.835135680242715, 50.424640445710025 ], [ 35.838267887997176, 50.425251608198707 ], [ 35.842524198186176, 50.426332056169755 ], [ 35.846594976905401, 50.427292454366238 ], [ 35.851244177265684, 50.428307420642071 ], [ 35.855282215137315, 50.429311473302043 ], [ 35.857803260403102, 50.428340161489679 ], [ 35.859091067075674, 50.428962237594227 ], [ 35.85966948871674, 50.428896755899011 ], [ 35.859876847418256, 50.427925444086647 ], [ 35.861088258779738, 50.427292454366238 ], [ 35.86159028510972, 50.42681225526799 ], [ 35.861513889798637, 50.426190179163449 ], [ 35.863467427039232, 50.425720893681067 ], [ 35.865453705127429, 50.425109731192393 ], [ 35.867068920276068, 50.424356691697419 ], [ 35.87239476482025, 50.422501376999648 ], [ 35.874501092683012, 50.4254262260526 ], [ 35.875306411085894, 50.426203532751693 ], [ 35.878681007560928, 50.429169596295701 ], [ 35.881202052826723, 50.43142871478063 ], [ 35.883843147867076, 50.433644178802076 ], [ 35.885338313241157, 50.435052035249207 ], [ 35.88645150205982, 50.436339841921772 ], [ 35.888383212068682, 50.438096934076732 ], [ 35.890113020183954, 50.436983745258075 ], [ 35.891089788804244, 50.436503546159827 ], [ 35.893468957063746, 50.435985149406022 ], [ 35.894854986279135, 50.435723222625164 ], [ 35.896361065269083, 50.43607245833298 ], [ 35.897714353636864, 50.436312557882104 ], [ 35.89879480160792, 50.436312557882104 ], [ 35.900453671220035, 50.436061544717113 ], [ 35.90120707450221, 50.43832175456361 ], [ 35.901643255349775, 50.438044184933339 ], [ 35.902276245070183, 50.438051460677258 ], [ 35.903534948767103, 50.438204251299425 ], [ 35.904742722256628, 50.438284284482464 ], [ 35.906132389343973, 50.437993254725953 ], [ 35.906939996918297, 50.437833188359875 ], [ 35.907485677711755, 50.437447573932495 ], [ 35.90803135850522, 50.43730205905424 ], [ 35.909064514140837, 50.437083786736849 ], [ 35.91005401531298, 50.436414418296877 ], [ 35.911945708730308, 50.435272126502561 ], [ 35.913480890695908, 50.434981096746036 ], [ 35.914608631002388, 50.435272126502554 ], [ 35.915903713418871, 50.435308505222118 ], [ 35.916332982309726, 50.435097508648646 ], [ 35.916762251200588, 50.435148438856039 ], [ 35.917555307287081, 50.435097508648646 ], [ 35.918326536141841, 50.435315780966036 ], [ 35.919134143716164, 50.435563156259072 ], [ 35.919505206655714, 50.435977873662097 ], [ 35.91994175129048, 50.436559933175126 ], [ 35.92032736571786, 50.437054683761197 ], [ 35.921040388621321, 50.437185647151622 ], [ 35.921724308549123, 50.437076510992931 ], [ 35.922313643806064, 50.436778205492509 ], [ 35.923092148404734, 50.436137940028182 ], [ 35.923892480235139, 50.435948770686444 ], [ 35.924765569504672, 50.4358105315521 ], [ 35.925522246871608, 50.435497674563848 ], [ 35.926460817836357, 50.435141163112121 ], [ 35.927413940288936, 50.434973821002124 ], [ 35.92782138194805, 50.434711894221266 ], [ 35.928221547863259, 50.433889735159113 ], [ 35.930091414048846, 50.433307675646091 ], [ 35.931750283660968, 50.432281795754385 ], [ 35.93225230999095, 50.431372327765281 ], [ 35.932645200162241, 50.431044919289207 ], [ 35.933321844346139, 50.430950334618338 ], [ 35.934536893579576, 50.43145236094832 ], [ 35.935555497727371, 50.430950334618338 ], [ 35.936188487447787, 50.430833922715735 ], [ 35.937017922253851, 50.431219537143114 ], [ 35.937316227754273, 50.431430533716586 ], [ 35.937454466888617, 50.432259968522651 ], [ 35.937454466888617, 50.433140333536095 ], [ 35.937709117925564, 50.433445914780435 ], [ 35.938691343353796, 50.433802426232162 ], [ 35.939659017294197, 50.43378787474434 ], [ 35.940503003588084, 50.433569602426957 ], [ 35.942220079151525, 50.432845665907642 ], [ 35.943173201604104, 50.43302028376155 ], [ 35.945639678790542, 50.433282210542416 ], [ 35.94783695345221, 50.433515034347629 ], [ 35.949561304759548, 50.433755133896753 ], [ 35.950696320809946, 50.433871545799363 ], [ 35.951904094299472, 50.433951578982402 ], [ 35.952879043983792, 50.433878821543274 ], [ 35.954312365534612, 50.433544137323281 ], [ 35.955352796914148, 50.433471379884153 ], [ 35.956975287806699, 50.433340416493721 ], [ 35.95872874208969, 50.433362243725462 ], [ 35.959005220358378, 50.433202177359377 ], [ 35.959238044163584, 50.433260383310682 ], [ 35.959259871395325, 50.43353686157937 ], [ 35.959507246688361, 50.433784236872405 ], [ 35.960060203225737, 50.434191678531526 ], [ 35.961187943532224, 50.43470098060542 ], [ 35.962526680412175, 50.4350865950328 ], [ 35.963654420718662, 50.434890149947158 ], [ 35.965014984830361, 50.43481739250803 ], [ 35.965116845245142, 50.434664601885864 ], [ 35.965407875001652, 50.434635498910211 ], [ 35.965487908184691, 50.434737359324991 ], [ 35.96682664506465, 50.434671877629775 ], [ 35.96704491738204, 50.434388123617175 ], [ 35.967248638211593, 50.434657326141945 ], [ 35.967954385371137, 50.434722807837161 ], [ 35.968347275542435, 50.434620947422381 ], [ 35.968587375091552, 50.434606395934559 ], [ 35.968725614225896, 50.434882874203247 ], [ 35.969955214947163, 50.435421279252793 ], [ 35.97137398501016, 50.436257989802762 ], [ 35.971919665803618, 50.436301644266244 ], [ 35.972428967877519, 50.436127026412336 ], [ 35.972741824865764, 50.435734136241045 ], [ 35.973709498806173, 50.436338022985808 ], [ 35.974015080050513, 50.437291145438387 ], [ 35.974604415307446, 50.437662208377944 ], [ 35.975579364991766, 50.43838250702531 ], [ 35.976059564090008, 50.438709915501384 ], [ 35.976306939383043, 50.439495695843966 ], [ 35.976285112151309, 50.440114134076559 ], [ 35.976467005749129, 50.440412439576981 ], [ 35.977412852457796, 50.440463369784382 ], [ 35.978482386812978, 50.440390612345247 ], [ 35.979893881132064, 50.440165064283953 ], [ 35.982862384648492, 50.440281476186556 ], [ 35.986660322970977, 50.440543402967414 ], [ 35.989032215486553, 50.440637987638297 ], [ 35.9908220484891, 50.441074532273063 ], [ 35.99469274425072, 50.441903967079128 ], [ 35.995798657325466, 50.441889415591298 ], [ 35.997661247767148, 50.442296857250412 ], [ 35.998956330183624, 50.442980777178221 ], [ 36.000556993844441, 50.443679248593845 ], [ 36.00144463460181, 50.444203102155569 ], [ 36.003525497360869, 50.444625095302513 ], [ 36.005315330363423, 50.444857919107726 ], [ 36.007148817829453, 50.444930676546853 ], [ 36.010335593663264, 50.444523234887733 ], [ 36.011368749298882, 50.444232205131222 ], [ 36.011892602860605, 50.444159447692094 ], [ 36.012736589154493, 50.44461054381469 ], [ 36.014249943888352, 50.444756058692946 ], [ 36.01548682035353, 50.44461054381469 ], [ 36.016883763184794, 50.444828816132073 ], [ 36.019124692309937, 50.445032536961627 ], [ 36.021220106556825, 50.444872470595548 ], [ 36.02223871070462, 50.444566889351215 ], [ 36.022908079144599, 50.444523234887733 ], [ 36.023388278242841, 50.444945228034676 ], [ 36.025207214221048, 50.445687353913783 ], [ 36.026502296637524, 50.4465458916955 ], [ 36.027870136493135, 50.446880575915486 ], [ 36.033006811695579, 50.446996987818089 ], [ 36.035844351821574, 50.447346223525905 ], [ 36.037663287799781, 50.448117452380664 ], [ 36.039147539557987, 50.449077850577154 ], [ 36.041592189512698, 50.448874129747601 ], [ 36.043745809710884, 50.448510342551955 ], [ 36.044444281126516, 50.448553997015431 ], [ 36.045768466518645, 50.447971937502409 ], [ 36.046408731982979, 50.448102900892842 ], [ 36.046568798349057, 50.448743166357168 ], [ 36.04795118969249, 50.449179710991935 ], [ 36.051108862550635, 50.449427086284949 ], [ 36.053742681847076, 50.44973266752929 ], [ 36.055867199069617, 50.450205590883627 ], [ 36.057205935949568, 50.450569378079273 ], [ 36.060727396003372, 50.450889510811436 ], [ 36.064765433874989, 50.451238746519245 ], [ 36.067064568951437, 50.451107783128812 ], [ 36.067457459122728, 50.450962268250557 ], [ 36.069130880222673, 50.446131174292439 ], [ 36.067995864172275, 50.445774662840712 ], [ 36.067748488879239, 50.445680078169843 ], [ 36.067792143342714, 50.445389048413332 ], [ 36.068694335587907, 50.445541839035499 ], [ 36.069174534686148, 50.445781938584624 ], [ 36.07025862052916, 50.446138450036351 ], [ 36.071182640006086, 50.446502237231989 ], [ 36.072019350556062, 50.446698682317638 ], [ 36.072073918635404, 50.446996987818068 ], [ 36.073405379771451, 50.44729529331849 ], [ 36.074824149834448, 50.447528117123703 ], [ 36.07491873450531, 50.447302569062408 ], [ 36.075348003396165, 50.447353499269795 ], [ 36.075529896993984, 50.447637253282394 ], [ 36.077770826119135, 50.447906455807171 ], [ 36.079764379951243, 50.448059246429345 ], [ 36.081707003575964, 50.448313897466292 ], [ 36.083103946407221, 50.448357551929767 ], [ 36.083220358309831, 50.448059246429345 ], [ 36.084093447579363, 50.44810290089282 ], [ 36.085490390410627, 50.448226588539335 ], [ 36.086174310338428, 50.448146555356296 ], [ 36.087265671925351, 50.44761542605066 ], [ 36.0882042428901, 50.447069745257203 ], [ 36.088993661104638, 50.44689876527525 ], [ 36.090557946045891, 50.445865609639633 ], [ 36.090477912862852, 50.445574579883122 ], [ 36.092093128011491, 50.444759696564887 ], [ 36.092376882024091, 50.444927038674884 ], [ 36.093082629183634, 50.444650560406195 ], [ 36.09545452169921, 50.444010294941869 ], [ 36.095789205919196, 50.443602853282748 ], [ 36.098495782654759, 50.442780694220602 ], [ 36.099048739192135, 50.442998966537985 ], [ 36.101173256414675, 50.442424182768875 ], [ 36.103617906369379, 50.441751176456947 ], [ 36.103596079137638, 50.441125462480443 ], [ 36.103756145503723, 50.440798054004368 ], [ 36.104083553979798, 50.440950844626535 ], [ 36.103959866333277, 50.44168569476173 ], [ 36.107263054069698, 50.440747123796989 ], [ 36.11162122467347, 50.439561177539183 ], [ 36.112625277333436, 50.439379283941363 ], [ 36.114604279677721, 50.438986393770072 ], [ 36.116357733960704, 50.438666261037909 ], [ 36.117601886169801, 50.43811330450054 ], [ 36.118402218000206, 50.438055098549235 ], [ 36.119420822147994, 50.438375231281398 ], [ 36.121247033870112, 50.438302473842271 ], [ 36.123873577422629, 50.438149683220104 ], [ 36.124906733058246, 50.437887756439238 ], [ 36.12580164955952, 50.437880480695327 ], [ 36.1283408841851, 50.437785896024458 ], [ 36.128420917368139, 50.437538520731422 ], [ 36.12958503639419, 50.437429384572731 ], [ 36.129730551272445, 50.437705862841419 ], [ 36.132728157764518, 50.437756793048827 ], [ 36.135405631524428, 50.437698587097529 ], [ 36.145402503660634, 50.435326694581953 ], [ 36.14962243513007, 50.434278987458505 ], [ 36.152343563353455, 50.433624170506356 ], [ 36.153085689232562, 50.43327493479854 ], [ 36.153318513037767, 50.432445499992475 ], [ 36.15538482430901, 50.431674271137716 ], [ 36.157814922775884, 50.431368689893382 ], [ 36.15934282899758, 50.431295932454255 ], [ 36.160419639096673, 50.430786630380361 ], [ 36.161118110512305, 50.429942644086474 ], [ 36.162616913758342, 50.426362978081372 ], [ 36.164115717004378, 50.423292614150164 ], [ 36.165469005372167, 50.420251353194608 ], [ 36.167084220520806, 50.416497069335591 ], [ 36.184531454423713, 50.406311027857647 ], [ 36.191566912010309, 50.402910125395813 ], [ 36.190533638731168, 50.398637407885587 ], [ 36.189646291039573, 50.397574020017956 ], [ 36.205321793981163, 50.390280814792384 ], [ 36.207402905964052, 50.390867073648799 ], [ 36.208048762623278, 50.389928103978313 ], [ 36.212448483817163, 50.385713396840472 ], [ 36.215993189607133, 50.382510824031847 ], [ 36.217342085296394, 50.381787805916581 ], [ 36.219766187694496, 50.382286440279017 ], [ 36.221134632596645, 50.382348769205748 ], [ 36.222327134582791, 50.382049589610496 ], [ 36.230322762653941, 50.38035420292352 ], [ 36.233274693800006, 50.374893648634604 ], [ 36.230493818266709, 50.370782234390617 ], [ 36.230875027918025, 50.369703669467164 ], [ 36.231656996433536, 50.36893057894661 ], [ 36.233035215942138, 50.364204477576685 ], [ 36.233416425593454, 50.363755535818818 ], [ 36.233719438393209, 50.363630829021325 ], [ 36.234579603760274, 50.363044702683744 ], [ 36.237029763666605, 50.361432499632599 ], [ 36.248019687620683, 50.356961655744115 ], [ 36.249886637451475, 50.356506409193209 ], [ 36.252657738378325, 50.355960731204974 ], [ 36.255526585369616, 50.355193653255803 ], [ 36.258380770451247, 50.353409993198596 ], [ 36.261225180926424, 50.35116473143006 ], [ 36.264177112072495, 50.349075295244873 ], [ 36.267705744998757, 50.346461811316992 ], [ 36.269807285384211, 50.344958525092977 ], [ 36.270432860196614, 50.344596731262726 ], [ 36.273814874026215, 50.342188860736314 ], [ 36.277079592578481, 50.33993682990252 ], [ 36.279933777660119, 50.337828183469725 ], [ 36.282221035568, 50.336274712461822 ], [ 36.283345115309061, 50.335675770312129 ], [ 36.282592470612876, 50.335270232277693 ], [ 36.281986445013352, 50.334727429798647 ], [ 36.281546587723376, 50.334115989693672 ], [ 36.282621794432202, 50.327271066966851 ], [ 36.273266776961016, 50.317662460549428 ], [ 36.283641798145027, 50.302049810674795 ], [ 36.294207624316343, 50.291780747662919 ], [ 36.31472830720179, 50.285611679481228 ], [ 36.33716259708055, 50.280777897552255 ], [ 36.351216143590889, 50.280990064998825 ], [ 36.359486780593748, 50.282484877564492 ], [ 36.368120706268726, 50.270656687336988 ], [ 36.380439553260793, 50.266883547194332 ], [ 36.396312143141138, 50.259786184793448 ], [ 36.416251264313189, 50.251856623891683 ], [ 36.443159930667434, 50.248942977756705 ], [ 36.452861971249916, 50.249446995877619 ], [ 36.45822836151752, 50.248608172725021 ], [ 36.463654378343634, 50.246015353265804 ], [ 36.472574511499559, 50.239730993828779 ], [ 36.482687175826058, 50.229845179214195 ], [ 36.539380932716803, 50.228223640352503 ], [ 36.568820735121356, 50.244585985460937 ], [ 36.569482057045647, 50.244108045606787 ], [ 36.570889600373569, 50.243839250242068 ], [ 36.571847511805082, 50.24373298188906 ], [ 36.573978376009855, 50.242864072937536 ], [ 36.575053582718681, 50.241882624352414 ], [ 36.575073131931575, 50.241351258406027 ], [ 36.57542501776355, 50.241082447494549 ], [ 36.575816002021313, 50.240901155558795 ], [ 36.578376948909622, 50.239675854053047 ], [ 36.579950660547091, 50.238650577570411 ], [ 36.581211584778359, 50.238175441967108 ], [ 36.584456754117753, 50.235999760559771 ], [ 36.586724462812754, 50.235036927325815 ], [ 36.5981604, 50.2309131 ], [ 36.596704335992015, 50.229365820203931 ], [ 36.599578070286526, 50.228321562673827 ], [ 36.600966064401568, 50.227827564617542 ], [ 36.606400745584388, 50.226089151023423 ], [ 36.610085772213758, 50.224607072129466 ], [ 36.611024134432377, 50.224306898643832 ], [ 36.612201974508864, 50.224156811192586 ], [ 36.613489, 50.223726 ], [ 36.613971178275214, 50.22380660530299 ], [ 36.615105032622722, 50.22410678193723 ], [ 36.615105032622722, 50.224275630463794 ], [ 36.61417644501055, 50.224688368790098 ], [ 36.614499007023191, 50.225757719656968 ], [ 36.614899765887394, 50.226664460379261 ], [ 36.615476467667584, 50.227033405118128 ], [ 36.615838128106013, 50.227127204172945 ], [ 36.616668969653745, 50.227002138725524 ], [ 36.617714852543251, 50.227064671490218 ], [ 36.619523154735383, 50.226902086131446 ], [ 36.63324670218266, 50.223919171762212 ], [ 36.635836972890303, 50.223237515248165 ], [ 36.638955072345922, 50.222580864439948 ], [ 36.640421263312504, 50.222118076535018 ], [ 36.642405508420616, 50.220954833055593 ], [ 36.645161947437813, 50.219234931849883 ], [ 36.647537176803695, 50.217802675890667 ], [ 36.648031, 50.217714 ], [ 36.64939435202804, 50.218002819045957 ], [ 36.651222203433058, 50.218546954004779 ], [ 36.65221921329033, 50.21893472455578 ], [ 36.652864337315634, 50.218928470217065 ], [ 36.655855366887479, 50.219697747726968 ], [ 36.65988250474237, 50.220823497332198 ], [ 36.662619394546681, 50.224213094042177 ], [ 36.666710718395727, 50.231429305795388 ], [ 36.667448050129977, 50.232729799748697 ], [ 36.674994046304704, 50.238056657326396 ], [ 36.67264814075817, 50.246608394966771 ], [ 36.683820515923571, 50.252702446996388 ], [ 36.683664122220463, 50.254614881111991 ], [ 36.683771642891351, 50.254821119421315 ], [ 36.683556601549583, 50.255089852848513 ], [ 36.683185166504707, 50.255564819850001 ], [ 36.68308742044028, 50.256114775725685 ], [ 36.683194941111154, 50.257052185880781 ], [ 36.68374231907201, 50.258258293146383 ], [ 36.685061890941952, 50.260720406964687 ], [ 36.686625827972975, 50.263132405218947 ], [ 36.687231853572492, 50.263201139130572 ], [ 36.688297285674892, 50.262769988408195 ], [ 36.688668720719761, 50.262695005275468 ], [ 36.688776241390634, 50.262876214310822 ], [ 36.687730358501142, 50.263376097730813 ], [ 36.687095009082284, 50.264032186757888 ], [ 36.687847653778469, 50.265263110357409 ], [ 36.688219088823331, 50.266131610912261 ], [ 36.688639396900427, 50.266650204410894 ], [ 36.690301079995898, 50.267381224209821 ], [ 36.692412394987784, 50.268362147676278 ], [ 36.693800389102826, 50.268899460245621 ], [ 36.694865821205212, 50.269086893436537 ], [ 36.695352379392624, 50.269032746146124 ], [ 36.695977954205041, 50.268655101792653 ], [ 36.696455823853405, 50.267672101711817 ], [ 36.696620906095582, 50.266905680791915 ], [ 36.697150906978329, 50.266433603797076 ], [ 36.698879926251522, 50.265395017936633 ], [ 36.699227467813969, 50.265339477947826 ], [ 36.699609763532671, 50.265667162945491 ], [ 36.699974682173242, 50.266150355354021 ], [ 36.700009436329488, 50.266844588738529 ], [ 36.700348289352874, 50.267061187483229 ], [ 36.701929603462041, 50.267483274514319 ], [ 36.704136492383597, 50.267449951989988 ], [ 36.704614362031982, 50.267722085256409 ], [ 36.705274691000625, 50.268449617577524 ], [ 36.705926331430234, 50.268727298738824 ], [ 36.706873382187908, 50.269249334938657 ], [ 36.709236664812572, 50.2706710215312 ], [ 36.713865305898032, 50.271819059162162 ], [ 36.716393471979657, 50.270508054139377 ], [ 36.726485176343665, 50.267796390234778 ], [ 36.74391709139654, 50.259866236130598 ], [ 36.778786702824171, 50.248383213095934 ], [ 36.785894188600793, 50.245546342915411 ], [ 36.799764516257675, 50.245551383110019 ], [ 36.805971590318258, 50.248480827985475 ], [ 36.809806755237076, 50.248216448951062 ], [ 36.815647841306649, 50.246255576291937 ], [ 36.819785342317857, 50.242708258354483 ], [ 36.837290497639231, 50.238543435157332 ], [ 36.837932635734091, 50.243183171492447 ], [ 36.840303329767423, 50.247231243379524 ], [ 36.841063741061127, 50.247857464444927 ], [ 36.8406944398806, 50.24909305215165 ], [ 36.841927872396141, 50.252586436239213 ], [ 36.84615278864996, 50.253698077080323 ], [ 36.851471477670735, 50.25595499924011 ], [ 36.85816566936186, 50.257271702288875 ], [ 36.860583640505311, 50.258274504274723 ], [ 36.862420548815841, 50.258593151634706 ], [ 36.865335234961634, 50.25935228210998 ], [ 36.866010017606314, 50.259549093714682 ], [ 36.8684253, 50.2600501 ], [ 36.8809403, 50.2504327 ], [ 36.8887974, 50.2482311 ], [ 36.904508134184127, 50.249218724523168 ], [ 36.904447041867542, 50.251089922859443 ], [ 36.904550898805752, 50.251453215897421 ], [ 36.904972435790221, 50.251921977014973 ], [ 36.908468542745318, 50.254613010253664 ], [ 36.905655340936683, 50.256638675783982 ], [ 36.900301884702372, 50.256963617566868 ], [ 36.900234119433584, 50.255880469671588 ], [ 36.89920069908456, 50.254634819148286 ], [ 36.8992776, 50.2540704 ], [ 36.89372534030587, 50.25221104407207 ], [ 36.893480971039509, 50.2541329047814 ], [ 36.893505407966138, 50.25475007124777 ], [ 36.893761995695819, 50.255945320277412 ], [ 36.895448143633722, 50.259023143798288 ], [ 36.895802479069943, 50.260601037126456 ], [ 36.896071285262934, 50.261319664289559 ], [ 36.897781870127481, 50.262553803032837 ], [ 36.8988242, 50.2630026 ], [ 36.899773479648339, 50.262381962845552 ], [ 36.901349661416383, 50.261897682618695 ], [ 36.905503938944548, 50.260319832241848 ], [ 36.909242788719894, 50.262217932997544 ], [ 36.910049207298883, 50.264240928311338 ], [ 36.9080605, 50.2672708 ], [ 36.906634146801473, 50.267720435463247 ], [ 36.905094620423391, 50.267572044163877 ], [ 36.905079771351247, 50.269061618914002 ], [ 36.89912867646116, 50.272179829592716 ], [ 36.897485379633245, 50.275065572756702 ], [ 36.9151097, 50.2813232 ], [ 36.918085099362962, 50.280588313150723 ], [ 36.919988079269395, 50.276281397560609 ], [ 36.920558732204057, 50.275771886011803 ], [ 36.923952079119118, 50.273988595590986 ], [ 36.924642067028564, 50.274093427791932 ], [ 36.926736942111724, 50.272280374468842 ], [ 36.927979422390536, 50.272492986982762 ], [ 36.930610607904093, 50.269632379299082 ], [ 36.931614329898366, 50.269825954255118 ], [ 36.935140952730961, 50.266315351665924 ], [ 36.936812150611054, 50.265377850416115 ], [ 36.940888243001524, 50.264358827318496 ], [ 36.942753733935092, 50.264400452620805 ], [ 36.942632, 50.263060899999985 ], [ 36.943639605365085, 50.261989598616537 ], [ 36.94573879294618, 50.262025264424963 ], [ 36.946503089991182, 50.263200934458467 ], [ 36.947359666027069, 50.265168576511911 ], [ 36.953131513039637, 50.271860263354625 ], [ 36.956210951731144, 50.275025407997234 ], [ 36.954299173332224, 50.278861378940519 ], [ 36.95421719949335, 50.279279876779867 ], [ 36.954025396028882, 50.280046726566376 ], [ 36.952355466472746, 50.283282900317921 ], [ 36.958271407295847, 50.284379324484632 ], [ 36.958119923582231, 50.285554507748941 ], [ 36.961370607263632, 50.286339155534115 ], [ 36.96385702362182, 50.287867690180541 ], [ 36.971509887084927, 50.289589839215502 ], [ 36.969653295216169, 50.29420740595102 ], [ 36.972829740704569, 50.29555810306703 ], [ 36.976124390444326, 50.297380857338638 ], [ 36.9738615, 50.2990686 ], [ 36.975242964669796, 50.30041878112462 ], [ 36.975593823473247, 50.300949348095699 ], [ 36.976509479374947, 50.301462800003193 ], [ 36.977219754513655, 50.301710968425148 ], [ 36.981969184657984, 50.302994598193884 ], [ 36.987289622512833, 50.301435883284377 ], [ 36.988575599201084, 50.301210352815346 ], [ 36.989345777062333, 50.30137294591939 ], [ 36.991228434056481, 50.302168796376009 ], [ 36.992524900122902, 50.302395570968471 ], [ 36.99440755711705, 50.302874792748803 ], [ 36.996722369466674, 50.303443868612952 ], [ 36.997698854448672, 50.303564666408384 ], [ 36.998866031180462, 50.30374338222564 ], [ 37.000509077284448, 50.303717709630263 ], [ 37.00190395496648, 50.304085683497306 ], [ 37.003350177839252, 50.303803284948181 ], [ 37.00402622285079, 50.303264160445309 ], [ 37.004471214503951, 50.303007434491562 ], [ 37.004274391272745, 50.30244263739332 ], [ 37.004454099440366, 50.302185911439572 ], [ 37.005032081485489, 50.301913350608892 ], [ 37.006062915417175, 50.301894955358662 ], [ 37.013405876477705, 50.30442966559302 ], [ 37.015784068026235, 50.305065936138902 ], [ 37.01925747936685, 50.306067279948806 ], [ 37.021187152333859, 50.306536659859702 ], [ 37.021969452185353, 50.306515798530327 ], [ 37.024076446452035, 50.307506711675551 ], [ 37.025933104766246, 50.307955230257072 ], [ 37.027894069727317, 50.308852267420114 ], [ 37.03079022486375, 50.310458799612839 ], [ 37.038175053853656, 50.311540994658259 ], [ 37.053803040970948, 50.315278182742105 ], [ 37.056002265395179, 50.316234652856295 ], [ 37.055643674867909, 50.318167057364391 ], [ 37.05264587557113, 50.321151995020458 ], [ 37.047358823166142, 50.324942225868455 ], [ 37.044434580787005, 50.326793300663709 ], [ 37.04240248015067, 50.326350314967669 ], [ 37.0443708, 50.3313439 ], [ 37.049071440934547, 50.333276301623151 ], [ 37.0488748, 50.3356774 ], [ 37.0381007, 50.334422599999989 ], [ 37.032625665157553, 50.348748476285238 ], [ 37.04549811075043, 50.343533543245044 ], [ 37.064266040484775, 50.334289647081306 ], [ 37.074441410175254, 50.331267883908069 ], [ 37.073177821534209, 50.327680922604458 ], [ 37.074461790637216, 50.326926845512212 ], [ 37.087424413332982, 50.327442067062499 ], [ 37.09147258571705, 50.349439754395078 ], [ 37.095286660125872, 50.349957278789205 ], [ 37.100230612283816, 50.350747928762758 ], [ 37.102101631772172, 50.351072091446461 ], [ 37.105509, 50.351607 ], [ 37.105571071883013, 50.351846910357779 ], [ 37.105670198743326, 50.352463593924071 ], [ 37.105856061606396, 50.353317450254345 ], [ 37.105447163307623, 50.353791808247081 ], [ 37.10495152900608, 50.354598205957792 ], [ 37.103489407816511, 50.357127992239199 ], [ 37.1036133163919, 50.357294004750258 ], [ 37.110006998881872, 50.357926428045289 ], [ 37.111791282367449, 50.358100342974346 ], [ 37.114765088176732, 50.358456076071931 ], [ 37.118036274566961, 50.358811806503688 ], [ 37.122484592423362, 50.359333539648048 ], [ 37.12727985429084, 50.359823647378178 ], [ 37.132471623599564, 50.360392798391629 ], [ 37.135507383696542, 50.360622037844124 ], [ 37.138109463779664, 50.360882895184709 ], [ 37.138555534651061, 50.360827561929241 ], [ 37.142879943932073, 50.358795996318861 ], [ 37.149026, 50.355824 ], [ 37.150661050326541, 50.352460390400203 ], [ 37.151477051479297, 50.351882389583665 ], [ 37.154346840418562, 50.35398241273586 ], [ 37.170623073961266, 50.360795942897141 ], [ 37.177648340253384, 50.35690689247221 ], [ 37.189883986118069, 50.359963445486997 ], [ 37.211413776978695, 50.373584122515659 ], [ 37.214362801072916, 50.374279548924306 ], [ 37.216878145153274, 50.375267353003942 ], [ 37.221165381861667, 50.376990034105845 ], [ 37.223336, 50.377942 ], [ 37.222478812760762, 50.379257872094236 ], [ 37.22711299348024, 50.381114731873232 ], [ 37.229169875831673, 50.381960171603758 ], [ 37.229752246135995, 50.382094492416606 ], [ 37.230706342166471, 50.382473749128906 ], [ 37.232639315942507, 50.38331126362533 ], [ 37.235898111475187, 50.384551706035175 ], [ 37.237521313812771, 50.385175865423669 ], [ 37.241845723093775, 50.386929788336445 ], [ 37.244299112886445, 50.387901528509964 ], [ 37.248512004449616, 50.389568451046451 ], [ 37.251237993108127, 50.390658634090727 ], [ 37.253802900618638, 50.391693494804635 ], [ 37.255847392112514, 50.392483449613465 ], [ 37.256058036690675, 50.392380756232612 ], [ 37.256863442430692, 50.391488104398462 ], [ 37.257439617306247, 50.390895627087929 ], [ 37.257656457313175, 50.390840328827863 ], [ 37.257897, 50.390997 ], [ 37.260091260819529, 50.392001578745656 ], [ 37.263597873502988, 50.39361306212237 ], [ 37.26418024380731, 50.393834241840374 ], [ 37.265295420985787, 50.39415811028001 ], [ 37.269384403973561, 50.395169197514704 ], [ 37.273758376684732, 50.396314543723037 ], [ 37.274749645287834, 50.396417228583132 ], [ 37.275195716159217, 50.396527812029902 ], [ 37.287400710834859, 50.399742518046764 ], [ 37.288144162287175, 50.399928127093055 ], [ 37.290628529223696, 50.400635014465266 ], [ 37.29231368584896, 50.401093103445582 ], [ 37.292908447010817, 50.401420871291869 ], [ 37.298025871174296, 50.404864271185808 ], [ 37.299562337509101, 50.406072560931335 ], [ 37.299841131803717, 50.406420037245915 ], [ 37.301148367274052, 50.408872041990726 ], [ 37.3012598849919, 50.409495881243622 ], [ 37.301990945586688, 50.410798810153871 ], [ 37.304952360538429, 50.415378518366197 ], [ 37.305695811990766, 50.416468107882785 ], [ 37.306972070317279, 50.418907750049257 ], [ 37.307616394909282, 50.420084102179906 ], [ 37.308273110358847, 50.421331477222175 ], [ 37.30889265323578, 50.422349879321217 ], [ 37.309128079529003, 50.42280775840014 ], [ 37.309190033816705, 50.423155111989892 ], [ 37.30917764295917, 50.423976119438549 ], [ 37.30936350582224, 50.424970782472592 ], [ 37.30953697782779, 50.425428636212736 ], [ 37.309821967551173, 50.425878591610136 ], [ 37.310503464715808, 50.426573251196785 ], [ 37.311321261313353, 50.427338943707277 ], [ 37.313638351673106, 50.428901865247575 ], [ 37.31405964082942, 50.42909920015795 ], [ 37.315769579169753, 50.430164794462982 ], [ 37.317578644370414, 50.431451368962527 ], [ 37.319585963291694, 50.432690551838057 ], [ 37.320007252448015, 50.43292733468391 ], [ 37.321134820484033, 50.433345648150834 ], [ 37.322411078810525, 50.433732387501827 ], [ 37.323513865131467, 50.434079660961643 ], [ 37.325025549751189, 50.434616351298033 ], [ 37.327107213817698, 50.435358236744605 ], [ 37.328631289294954, 50.435784420998573 ], [ 37.328953451590962, 50.436147463818237 ], [ 37.330762516791609, 50.436605209492022 ], [ 37.332645927137492, 50.437055058686575 ], [ 37.339529048500239, 50.437201061453614 ], [ 37.340830088541814, 50.437189223408204 ], [ 37.342403727449224, 50.437216845509553 ], [ 37.342874580035698, 50.437244467594816 ], [ 37.346114789282069, 50.437319441744954 ], [ 37.349187721951672, 50.437339171764727 ], [ 37.351826974607427, 50.437354955774623 ], [ 37.352626184918662, 50.437311549734737 ], [ 37.352966933500987, 50.437224737535558 ], [ 37.353313877512065, 50.437165547308481 ], [ 37.354342318687785, 50.436913001508017 ], [ 37.355575209012883, 50.436668346478982 ], [ 37.357136457062772, 50.436360552872209 ], [ 37.361188267477928, 50.435480567802706 ], [ 37.363319494974583, 50.435018865057557 ], [ 37.364366522436612, 50.43479393131971 ], [ 37.366126024207112, 50.434442716854996 ], [ 37.36750140939391, 50.434178317729902 ], [ 37.369050266586243, 50.433945487426875 ], [ 37.370673468923812, 50.433708709673191 ], [ 37.373436630154941, 50.433258828678632 ], [ 37.376305113675159, 50.432844460822572 ], [ 37.377556590286559, 50.432627409545823 ], [ 37.378646985749981, 50.432493231895215 ], [ 37.381242870404336, 50.432295911129984 ], [ 37.387283413454455, 50.431822337938094 ], [ 37.390343955266509, 50.431597389012559 ], [ 37.393206243357952, 50.43137243901824 ], [ 37.395250734851849, 50.431198792677648 ], [ 37.396279176027562, 50.431064610978268 ], [ 37.396595142894803, 50.431033038758436 ], [ 37.435477842524854, 50.431817589243202 ], [ 37.450980747742335, 50.425983213062075 ], [ 37.454251427863149, 50.423368541959952 ], [ 37.4579078, 50.421066105575669 ], [ 37.462805690152891, 50.41860378854097 ], [ 37.465395379378478, 50.415406153192649 ], [ 37.465011262794782, 50.414750808680381 ], [ 37.464453674205537, 50.413874369922652 ], [ 37.464837790789247, 50.413084771572656 ], [ 37.465209516515401, 50.411924038107138 ], [ 37.465494506238791, 50.410992272300703 ], [ 37.465891013680036, 50.409010234938442 ], [ 37.467328353154528, 50.406822790695088 ], [ 37.466225566833579, 50.400204564750794 ], [ 37.466237957691121, 50.399327856913416 ], [ 37.465891013680036, 50.398585406965069 ], [ 37.465829059392341, 50.397645480244314 ], [ 37.466014922255425, 50.396610749445635 ], [ 37.466324693693899, 50.39562338983923 ], [ 37.466039703970488, 50.392590092504264 ], [ 37.466095462829422, 50.392052925874495 ], [ 37.465990140540342, 50.391748792069635 ], [ 37.466008726826651, 50.391274813419521 ], [ 37.466008726826651, 50.390232043710661 ], [ 37.46613263540204, 50.387790924941584 ], [ 37.465909599966345, 50.387230002873395 ], [ 37.46561221938542, 50.386123939918249 ], [ 37.465252884516801, 50.385507693652727 ], [ 37.465005067366022, 50.384362086366188 ], [ 37.465017458223564, 50.383548293344816 ], [ 37.465352011377114, 50.382426342205676 ], [ 37.465736127960824, 50.381667824990231 ], [ 37.466479579413139, 50.380861887157252 ], [ 37.46716107657776, 50.378957607089639 ], [ 37.467408893728546, 50.378475598765704 ], [ 37.468102781750709, 50.377819743507985 ], [ 37.470791597836616, 50.375694078004543 ], [ 37.471064196702464, 50.374967062739579 ], [ 37.470952678984617, 50.372288073371536 ], [ 37.470952678984617, 50.370683768384396 ], [ 37.471844820727398, 50.369442963287774 ], [ 37.472625444752346, 50.368439230967084 ], [ 37.473269769344348, 50.368423423989078 ], [ 37.474558418528382, 50.367735815349214 ], [ 37.475747940852088, 50.366716239370966 ], [ 37.477780041488451, 50.365744065129803 ], [ 37.478436756937995, 50.365759873000329 ], [ 37.479204990105401, 50.365356770657172 ], [ 37.480741456440207, 50.36419486827517 ], [ 37.481645989040523, 50.363807561159781 ], [ 37.481323826744529, 50.363443963848553 ], [ 37.481968151336538, 50.362993415489854 ], [ 37.482947029082091, 50.361554793853941 ], [ 37.482538130783311, 50.359349349653776 ], [ 37.482414222207929, 50.359104293972663 ], [ 37.484297632553812, 50.357080559986493 ], [ 37.484656967422431, 50.35662995122258 ], [ 37.485734972028304, 50.356226771334548 ], [ 37.492996014545987, 50.354621923330122 ], [ 37.49935252446334, 50.3531672359019 ], [ 37.501025290231077, 50.352874711851726 ], [ 37.505709034380708, 50.352455687775148 ], [ 37.505907288101326, 50.350542361036084 ], [ 37.506948120134588, 50.349229869185862 ], [ 37.507914607022606, 50.347695947194445 ], [ 37.508682840189998, 50.346818268511342 ], [ 37.509798017368489, 50.345908944658852 ], [ 37.51097514883466, 50.344833547892485 ], [ 37.511991199152838, 50.344042799440409 ], [ 37.514345462085195, 50.341939344468877 ], [ 37.516637770729851, 50.34003350219777 ], [ 37.518917688516986, 50.338254119850248 ], [ 37.520925007438258, 50.336498397273111 ], [ 37.521420641739795, 50.336237405944821 ], [ 37.525732660163271, 50.335406969451988 ], [ 37.533278692404352, 50.333904237946413 ], [ 37.534777986166539, 50.333643232366555 ], [ 37.53788809140876, 50.334481608831915 ], [ 37.539969755475262, 50.334347153225039 ], [ 37.542026637826687, 50.334196878861178 ], [ 37.542745307563933, 50.334608154937861 ], [ 37.544529591049503, 50.334687246082893 ], [ 37.551679115849339, 50.334228515608871 ], [ 37.554281195932475, 50.3338172362458 ], [ 37.557750636043316, 50.327347026976867 ], [ 37.565730348298231, 50.318454984481782 ], [ 37.566758789473958, 50.317252374170124 ], [ 37.567923530082595, 50.316073470059294 ], [ 37.569398042129698, 50.314372315284544 ], [ 37.571046026182351, 50.312520756724027 ], [ 37.572855091382998, 50.310582081815831 ], [ 37.57410656799442, 50.309260572391629 ], [ 37.57529609031814, 50.307915285554898 ], [ 37.57655995778709, 50.306514564112987 ], [ 37.576876, 50.306363 ], [ 37.580029397897924, 50.308999431453095 ], [ 37.58201193510412, 50.310898605567367 ], [ 37.584403370609081, 50.3129638713188 ], [ 37.58498574091341, 50.31332785521802 ], [ 37.585357466639572, 50.313873825842236 ], [ 37.586249608382346, 50.314309015327581 ], [ 37.587996719295319, 50.314601776921947 ], [ 37.590859007386761, 50.315211031757592 ], [ 37.595071898949918, 50.316033909011679 ], [ 37.596187076128395, 50.316097206672048 ], [ 37.59777310589336, 50.316144679862028 ], [ 37.604402214676561, 50.316295011317521 ], [ 37.606229866163503, 50.316346440390511 ], [ 37.609092154254945, 50.316346440390511 ], [ 37.612697893798718, 50.315974567378518 ], [ 37.616526668778178, 50.315491919344467 ], [ 37.622449498681689, 50.314740244615621 ], [ 37.627170415403938, 50.314083508546084 ], [ 37.629809668059671, 50.313664142213604 ], [ 37.630701809802467, 50.313371374845538 ], [ 37.633737569899452, 50.312200287345554 ], [ 37.634084513910537, 50.312160723074967 ], [ 37.635311208806861, 50.31227150294967 ], [ 37.636513121988123, 50.310831344446441 ], [ 37.635720107105655, 50.310356557357437 ], [ 37.635905969968725, 50.309786806592804 ], [ 37.635856406538565, 50.309438622209292 ], [ 37.635955533398892, 50.308750159219407 ], [ 37.636302477409963, 50.30734946236867 ], [ 37.636934411144445, 50.304983219737572 ], [ 37.637553954021378, 50.30327375382037 ], [ 37.637752207741997, 50.302696003762229 ], [ 37.637380482015836, 50.302339852969602 ], [ 37.635844015681037, 50.301437592359491 ], [ 37.630652246372321, 50.297860039725393 ], [ 37.628657318308584, 50.296427360238702 ], [ 37.627058897686091, 50.294480113423674 ], [ 37.626315446233761, 50.292928591433856 ], [ 37.626241101088532, 50.291432433026884 ], [ 37.626141974228219, 50.29064871222846 ], [ 37.626141974228219, 50.289176232183685 ], [ 37.626315446233768, 50.287022845994954 ], [ 37.626402182236532, 50.285098966361971 ], [ 37.626352618806379, 50.282858300693434 ], [ 37.626476527381769, 50.280973842959085 ], [ 37.626526090811922, 50.279564409837732 ], [ 37.626352618806379, 50.279160575802536 ], [ 37.626897816538076, 50.277165110283626 ], [ 37.627034115971014, 50.275763483303969 ], [ 37.627034115971, 50.274662741663342 ], [ 37.626885425680548, 50.274124240079601 ], [ 37.626773907962693, 50.272849234106928 ], [ 37.626736735390082, 50.271479158577954 ], [ 37.626811080535319, 50.267899353219676 ], [ 37.626786298820242, 50.264889574113759 ], [ 37.626897816538076, 50.26382026469269 ], [ 37.627133242831313, 50.262299427719562 ], [ 37.628037775431636, 50.261348879951704 ], [ 37.62772800399317, 50.258101031952975 ], [ 37.626749126247617, 50.255819484366519 ], [ 37.626538481669463, 50.254448918875561 ], [ 37.626290664518685, 50.253450678731824 ], [ 37.626179146800837, 50.252206810556643 ], [ 37.62565873078421, 50.250273600663562 ], [ 37.625361350203292, 50.249180193131394 ], [ 37.625435695348521, 50.247785665963235 ], [ 37.629276861185517, 50.245852276702976 ], [ 37.62801299371656, 50.241145255283882 ], [ 37.624624094179694, 50.23646947081248 ], [ 37.623806297582142, 50.235082497397656 ], [ 37.622815028979034, 50.233671705903106 ], [ 37.621637897512869, 50.231967604334187 ], [ 37.620287294041148, 50.230176250515946 ], [ 37.619097771717435, 50.22858299876463 ], [ 37.618614528273405, 50.227798243261439 ], [ 37.61795781282386, 50.227362262401911 ], [ 37.616570036779521, 50.226284183527319 ], [ 37.616421346489055, 50.225515244734623 ], [ 37.616173529338276, 50.2248889864548 ], [ 37.61516986987764, 50.22331141332883 ], [ 37.615083133874876, 50.222859536036168 ], [ 37.614835316724104, 50.222748547976096 ], [ 37.616185920195818, 50.214978741996937 ], [ 37.616365587630142, 50.214598147561802 ], [ 37.633930929724208, 50.194634480306398 ], [ 37.630337435796868, 50.182682657727987 ], [ 37.605466748851143, 50.159094298695408 ], [ 37.603477859508729, 50.148158232084342 ], [ 37.617307994029893, 50.139372574385213 ], [ 37.619759452727919, 50.139742806027478 ], [ 37.623632333555982, 50.139925704365368 ], [ 37.627627515883873, 50.139664420811471 ], [ 37.631744999711593, 50.139925704365368 ], [ 37.649052550421459, 50.143274612881008 ], [ 37.651797362391385, 50.145240512699367 ], [ 37.65996827494623, 50.141592232931636 ], [ 37.656859779438804, 50.134338506643097 ], [ 37.650455927967514, 50.119395012063734 ], [ 37.658958183890654, 50.095835370412082 ], [ 37.671060970735461, 50.085193909375015 ], [ 37.711510468724029, 50.085938923635389 ], [ 37.718012287811796, 50.085739146237387 ], [ 37.724807146633097, 50.08287166125023 ], [ 37.733305298905556, 50.073680451011285 ], [ 37.737645949958512, 50.070941552763323 ], [ 37.74070455217727, 50.07003638890864 ], [ 37.750356548400511, 50.070012877931532 ], [ 37.75235288158521, 50.070400807579986 ], [ 37.762774107108974, 50.069260520578126 ], [ 37.762475055269803, 50.06719876798244 ], [ 37.757572651838778, 50.066180434602757 ], [ 37.762831341431948, 50.050313977239469 ], [ 37.76354562578242, 50.040116697173019 ], [ 37.764188301959535, 50.039429474265859 ], [ 37.765619797646345, 50.038981571811483 ], [ 37.770008356089875, 50.031239993588329 ], [ 37.768437309358688, 50.027913532433004 ], [ 37.764626904657923, 50.02739888791772 ], [ 37.764377939369489, 50.025810880167604 ], [ 37.769084207562997, 50.021619783738501 ], [ 37.783512824778818, 50.021210237834993 ], [ 37.787387759096603, 50.018311912979414 ], [ 37.783644269673196, 50.003571033344407 ], [ 37.784849689569832, 49.997101982520974 ], [ 37.782042700993003, 49.992628806971659 ], [ 37.775287676387947, 49.986179126111004 ], [ 37.766985607529136, 49.98382890890236 ], [ 37.754122171302541, 49.983276808247908 ], [ 37.747507598409754, 49.977959959125023 ], [ 37.744709125262816, 49.970269937990935 ], [ 37.734401463461943, 49.966354302845005 ], [ 37.730510054125169, 49.962169544446176 ], [ 37.72780933747714, 49.96135489274976 ], [ 37.727901149998949, 49.960642996151428 ], [ 37.733403929765764, 49.955397715010562 ], [ 37.7475857470736, 49.954049374299345 ], [ 37.750801983337396, 49.946705621991342 ], [ 37.75283369829512, 49.940153020171188 ], [ 37.746458364816498, 49.931523461894663 ], [ 37.728342902623758, 49.928601613153901 ], [ 37.719630480924032, 49.904483079911955 ], [ 37.704038433552853, 49.897258144843882 ], [ 37.698354109638998, 49.896540963789327 ], [ 37.687277646685374, 49.893778488616242 ], [ 37.680624439554329, 49.885001512406355 ], [ 37.679817130727415, 49.884865139639629 ], [ 37.664853083813867, 49.882373951959217 ], [ 37.65505234719982, 49.889644142353973 ], [ 37.649020424135898, 49.891331965819639 ], [ 37.647220915256561, 49.890675758937782 ], [ 37.646455473452775, 49.890022064684473 ], [ 37.645707832621163, 49.88975829081204 ], [ 37.644552825977577, 49.8829587310275 ], [ 37.640160876050608, 49.868195651328378 ], [ 37.638838956523273, 49.861765745539174 ], [ 37.635049258955284, 49.855165085889787 ], [ 37.629070702686803, 49.850462905661729 ], [ 37.624194575233787, 49.844666565663758 ], [ 37.615975361615334, 49.831661663035213 ], [ 37.60286681776536, 49.820106436251095 ], [ 37.598026705494107, 49.81957811747418 ], [ 37.593501205408678, 49.799169688140658 ], [ 37.593738128278865, 49.797246282043922 ], [ 37.591343423999469, 49.793822364435925 ], [ 37.590000861068361, 49.791575418505651 ], [ 37.589284877245241, 49.790010207607125 ], [ 37.588944078237098, 49.788558386817307 ], [ 37.602930419427786, 49.785460388506046 ], [ 37.604822568885226, 49.775014809096959 ], [ 37.615766868521966, 49.773797848440914 ], [ 37.62147073140008, 49.771611700938408 ], [ 37.622613154390699, 49.76975496305333 ], [ 37.622647813558281, 49.766043794794861 ], [ 37.620467104129382, 49.763047866887867 ], [ 37.62140460537919, 49.754161985476657 ], [ 37.622175222451602, 49.751693601926902 ], [ 37.630114829978353, 49.746885468075675 ], [ 37.63225608594685, 49.744810015184434 ], [ 37.635383167683017, 49.747022458541942 ], [ 37.643083367925243, 49.74880499048556 ], [ 37.650034169832452, 49.748712795872862 ], [ 37.657281492121655, 49.751672789804722 ], [ 37.660598365331531, 49.751367784594265 ], [ 37.664037691563408, 49.75208437058793 ], [ 37.668032873891306, 49.751939503055681 ], [ 37.66980790386836, 49.753358192065868 ], [ 37.676573595296361, 49.751432463285241 ], [ 37.68524680999289, 49.747922549147411 ], [ 37.699077647793771, 49.738125689833737 ], [ 37.708548598998028, 49.735594070660582 ], [ 37.719636174063346, 49.73622166924919 ], [ 37.728933930931532, 49.737848776701121 ], [ 37.732916016628977, 49.73995101200223 ], [ 37.742180268615506, 49.742118307503169 ], [ 37.75189643533308, 49.740950131884787 ], [ 37.755642570603655, 49.738944185770656 ], [ 37.768890807719181, 49.734609214392691 ], [ 37.774411552525379, 49.723094919655253 ], [ 37.7695729, 49.7040325 ], [ 37.775942697540486, 49.697319602613021 ], [ 37.767248016765073, 49.694017474543053 ], [ 37.777709400986005, 49.673414831684482 ], [ 37.796230030090349, 49.668473958221185 ], [ 37.790579741686351, 49.662318067733587 ], [ 37.789259674971973, 49.660262683331254 ], [ 37.787770140233441, 49.660089472813873 ], [ 37.7833155, 49.6538664 ], [ 37.788063602694166, 49.650096915047016 ], [ 37.823108368783139, 49.646052820667251 ], [ 37.826986747981309, 49.644474888374262 ], [ 37.822529194155948, 49.640673383094999 ], [ 37.807508793697068, 49.633356797254109 ], [ 37.798433984856771, 49.626509492331557 ], [ 37.801058149321328, 49.620962962895121 ], [ 37.792028170004436, 49.60826348676617 ], [ 37.789229700059948, 49.607512012771757 ], [ 37.788874267768016, 49.603781370766285 ], [ 37.794384096214237, 49.60027294405468 ], [ 37.790812798359291, 49.593918284244339 ], [ 37.795241805872081, 49.585115645515359 ], [ 37.784728975112884, 49.576991444330723 ], [ 37.773135166003982, 49.575169067172354 ], [ 37.766710000325254, 49.572011322257218 ], [ 37.764287551524255, 49.573125126613824 ], [ 37.762656759945024, 49.57132386532863 ], [ 37.761810316700959, 49.57118030161871 ], [ 37.753835182841179, 49.562593288236528 ], [ 37.750889358249999, 49.556127617009821 ], [ 37.749194971457598, 49.555352647265423 ], [ 37.74343889027373, 49.554340589035291 ], [ 37.741571832567693, 49.55656669630018 ], [ 37.731168449112154, 49.557307500548227 ], [ 37.719530864958756, 49.556565810557871 ], [ 37.705768220235214, 49.555103318527806 ], [ 37.701752, 49.552933 ], [ 37.69680760407504, 49.540902295918698 ], [ 37.698294464324213, 49.530190798824428 ], [ 37.692095176187578, 49.527704533004773 ], [ 37.691881436791213, 49.527105928220571 ], [ 37.691941996868181, 49.526582899979054 ], [ 37.693526052349753, 49.52635660633883 ], [ 37.699677410454662, 49.517858994873471 ], [ 37.6998561104337, 49.514914507274192 ], [ 37.712130898807303, 49.513120245569176 ], [ 37.71268627713323, 49.513634410711184 ], [ 37.721810233537397, 49.514429795917522 ], [ 37.724388983020461, 49.512634156760676 ], [ 37.733753, 49.510818 ], [ 37.732389893835986, 49.500784720582999 ], [ 37.744458840943011, 49.491440484616582 ], [ 37.778039419689279, 49.481691143159175 ], [ 37.773489466416891, 49.465562403523819 ], [ 37.757942393378279, 49.460160994356571 ], [ 37.73769513262382, 49.448652397427978 ], [ 37.722692938688951, 49.442317415577648 ], [ 37.72125554232354, 49.436209509580081 ], [ 37.725205427799651, 49.427678228407338 ], [ 37.721752654069753, 49.425467558382081 ], [ 37.721944054470754, 49.419640498638998 ], [ 37.738495251602295, 49.413121179391716 ], [ 37.751398354720436, 49.408856780746198 ], [ 37.759458558280166, 49.407687029523885 ], [ 37.768130391861227, 49.403913062898781 ], [ 37.786415746099088, 49.399914796506607 ], [ 37.800360463610616, 49.395631916959154 ], [ 37.81859411783438, 49.392279195470884 ], [ 37.821094808239842, 49.393368880596185 ], [ 37.832723032319748, 49.3811321918594 ], [ 37.84275266274566, 49.377143683213667 ], [ 37.876599539302482, 49.377312360034857 ], [ 37.891827229782962, 49.379857949331964 ], [ 37.89723743476641, 49.379600640281737 ], [ 37.897447225869023, 49.380054556002563 ], [ 37.915589713989668, 49.379852073446905 ], [ 37.93441580606919, 49.37192577021122 ], [ 37.946589635381848, 49.362067232232924 ], [ 37.950170173414968, 49.35855695191384 ], [ 37.942101399549074, 49.351216465195812 ], [ 37.941074350481657, 49.349681944093341 ], [ 37.932004390659266, 49.340592551282576 ], [ 37.936564128889046, 49.338558304353064 ], [ 37.954680395007586, 49.329880283379232 ], [ 37.952569762061742, 49.32231442074643 ], [ 37.962250804907995, 49.31772179162612 ], [ 37.959875315978472, 49.303214454655453 ], [ 37.957438037457671, 49.300101408541295 ], [ 37.957463164040334, 49.294710458336425 ], [ 37.9609683223254, 49.286024708786464 ], [ 37.973139210738353, 49.274811767577205 ], [ 37.967389382106397, 49.269439142570064 ], [ 37.965383776665107, 49.264387973908022 ], [ 37.955358812740151, 49.26051991686532 ], [ 37.947582135398008, 49.252590785741148 ], [ 37.930972170710355, 49.254604898781643 ], [ 37.929473239459512, 49.250794534251568 ], [ 37.932055582881425, 49.242643128349641 ], [ 37.92269425524492, 49.244082157720761 ], [ 37.920979365976407, 49.244918733614796 ], [ 37.918640697853526, 49.245180315661571 ], [ 37.914647467138863, 49.242372054075645 ], [ 37.909495296382076, 49.238195689081884 ], [ 37.907949523529659, 49.234770204581508 ], [ 37.909866901510668, 49.229955004964566 ], [ 37.888352846842331, 49.22640760632126 ], [ 37.878908893686535, 49.226639075761355 ], [ 37.876396, 49.226102 ], [ 37.878430523510346, 49.221299847343204 ], [ 37.880576338496546, 49.22059485788089 ], [ 37.882500671970369, 49.220637251862833 ], [ 37.884167837204032, 49.220209962153916 ], [ 37.884740552093596, 49.214674075125281 ], [ 37.878423816851011, 49.205881428788963 ], [ 37.870971184780196, 49.198701300906293 ], [ 37.86323219731208, 49.195121903955012 ], [ 37.841637028151347, 49.190235882472557 ], [ 37.82414989828807, 49.19041117000846 ], [ 37.809597774061281, 49.188135536366346 ], [ 37.804039237339474, 49.189217240745769 ], [ 37.800822780697061, 49.183435970626178 ], [ 37.800502380702191, 49.181618892190514 ], [ 37.79548479015795, 49.183309487324884 ], [ 37.77610294258281, 49.182798649161157 ], [ 37.753682405930952, 49.181478280422766 ], [ 37.751056320527326, 49.178025828689833 ], [ 37.750657398219275, 49.175717778193246 ], [ 37.759899126004832, 49.166206317719286 ], [ 37.763668113408123, 49.16397186311152 ], [ 37.759848872839441, 49.161260808545521 ], [ 37.737330397756246, 49.158577004980422 ], [ 37.724053668545153, 49.151111689585264 ], [ 37.725978239375081, 49.148064890881663 ], [ 37.718211593883247, 49.137086996698947 ], [ 37.721111233924034, 49.133995612929716 ], [ 37.714846964389849, 49.129877255357606 ], [ 37.706949034177221, 49.12717931030042 ], [ 37.703465196651401, 49.129152729909983 ], [ 37.7003972, 49.1302842 ], [ 37.6886444, 49.1282404 ], [ 37.684690997963671, 49.123415181455151 ], [ 37.678913319031786, 49.116672420085294 ], [ 37.678598777040747, 49.108976683956733 ], [ 37.678503341231277, 49.106641469326995 ], [ 37.679537390137703, 49.106117424768684 ], [ 37.687831672171143, 49.105014456847286 ], [ 37.69553123152523, 49.106219414535538 ], [ 37.699863767827168, 49.108333584235538 ], [ 37.705594715505519, 49.105974501674005 ], [ 37.710523883235332, 49.107213724775903 ], [ 37.713577355096241, 49.105862553855907 ], [ 37.712350705697276, 49.103820054078689 ], [ 37.709867146487852, 49.102508965478293 ], [ 37.709320733930177, 49.101517053195103 ], [ 37.682469500138495, 49.096983652100015 ], [ 37.68209249985464, 49.095206365047552 ], [ 37.682081728417963, 49.094420050169802 ], [ 37.7069264, 49.0892393 ], [ 37.710773705110462, 49.09001809874561 ], [ 37.712147725423705, 49.089189859382763 ], [ 37.709648081924328, 49.087023089358304 ], [ 37.711445101399896, 49.085559758461457 ], [ 37.713563677645745, 49.08887537374693 ], [ 37.721415605253235, 49.088444844001522 ], [ 37.721545717867379, 49.088394546522387 ], [ 37.72172612034327, 49.088324808550965 ], [ 37.72392850809576, 49.087473434126146 ], [ 37.723773438905859, 49.087139016991173 ], [ 37.719296214027572, 49.084935971982617 ], [ 37.717505856901965, 49.08194386829323 ], [ 37.716598415619124, 49.079883731326767 ], [ 37.715415692123727, 49.078965120250544 ], [ 37.71423345877038, 49.078291136750032 ], [ 37.712896540679203, 49.076578555724147 ], [ 37.712819198310292, 49.074954365977021 ], [ 37.712045774621181, 49.073197589311761 ], [ 37.711957606234819, 49.071827958854463 ], [ 37.712259125227078, 49.0706263106321 ], [ 37.712795327140455, 49.06734670388682 ], [ 37.729730358524719, 49.06432956439609 ], [ 37.731135970555528, 49.063872010141495 ], [ 37.73324656910868, 49.063653656925752 ], [ 37.735300201552612, 49.064650559789058 ], [ 37.746154885274137, 49.057505054881148 ], [ 37.762294314145123, 49.063691678462888 ], [ 37.776423757269335, 49.072312182469169 ], [ 37.786434739678654, 49.074358222669616 ], [ 37.798930199474228, 49.068695075686236 ], [ 37.834974226001471, 49.059659173184912 ], [ 37.865799913485105, 49.061159920909041 ], [ 37.874369181408902, 49.064757950558409 ], [ 37.8971537811383, 49.06653598511793 ], [ 37.908946098746142, 49.066088473832835 ], [ 37.919437426318886, 49.069430721711328 ], [ 37.92463245403188, 49.070327400953524 ], [ 37.931382034723889, 49.069584161444247 ], [ 37.941239777240853, 49.071822509951247 ], [ 37.951788885316155, 49.068919977482786 ], [ 37.946814934759246, 49.064720937221132 ], [ 37.933530427962594, 49.04645819269038 ], [ 37.931210282184743, 49.029458886546806 ], [ 37.937635388535938, 49.021785244834383 ], [ 37.9408089012651, 49.021905108731865 ], [ 37.941168407623785, 49.020900852078775 ], [ 37.941662824036591, 49.020465764234977 ], [ 37.940807887224821, 49.019685561418825 ], [ 37.939535796800996, 49.019480165550966 ], [ 37.939924662551512, 49.014182737883175 ], [ 37.941749869703045, 49.012790291290386 ], [ 37.942013061418564, 49.011912511791216 ], [ 37.945736482038726, 49.0084164487781 ], [ 37.94736193469523, 49.008577620201081 ], [ 37.948514872044633, 49.008404050954717 ], [ 37.949875716129164, 49.008862768363734 ], [ 37.951255460825976, 49.008837972936149 ], [ 37.953276356625224, 49.000414814322824 ], [ 37.937715032076092, 48.982189294087263 ], [ 37.92692709073247, 48.978716701983281 ], [ 37.889158226157299, 48.974358443527279 ], [ 37.879541704448961, 48.964458699897818 ], [ 37.875044948340246, 48.954503238866828 ], [ 37.875133094319374, 48.944330274895833 ], [ 37.875331187288005, 48.943454495455548 ], [ 37.8756231137681, 48.942797660875335 ], [ 37.876019299705369, 48.942484882503805 ], [ 37.876123559162551, 48.941828047923593 ], [ 37.877114024005728, 48.941536121443498 ], [ 37.877718728857353, 48.940889712809003 ], [ 37.878886434777726, 48.940347563631683 ], [ 37.880340750559157, 48.940189464151885 ], [ 37.880736480869352, 48.940088844409885 ], [ 37.881553472477492, 48.940105614380983 ], [ 37.882089623220331, 48.940256543867179 ], [ 37.882485353530527, 48.940097229396137 ], [ 37.883047035261121, 48.940021764469201 ], [ 37.883404469089683, 48.940021764469201 ], [ 37.883915088844773, 48.939845679195969 ], [ 37.884744845946791, 48.93978698396684 ], [ 37.885663961505941, 48.93989598933743 ], [ 37.886187346754902, 48.939912759373314 ], [ 37.886621373546738, 48.939619282931865 ], [ 37.887144758795699, 48.939216798148991 ], [ 37.887208586265089, 48.938914932431949 ], [ 37.887004338363049, 48.938302810234731 ], [ 37.886710732003877, 48.938076406972428 ], [ 37.88626393971817, 48.938034480329669 ], [ 37.886493718607966, 48.937858388045555 ], [ 37.886685201016128, 48.937757763604289 ], [ 37.886634139040609, 48.93734687836389 ], [ 37.886072457310014, 48.936776664671477 ], [ 37.8856256650243, 48.936617339093182 ], [ 37.885000155824336, 48.936583796801365 ], [ 37.885178872738614, 48.935845860679166 ], [ 37.885549072061039, 48.93555236032568 ], [ 37.885255465701881, 48.935233700845174 ], [ 37.885000155824336, 48.935099527823802 ], [ 37.88464272199576, 48.935309173011241 ], [ 37.884221460697816, 48.935904560542795 ], [ 37.883685309954977, 48.936164516251992 ], [ 37.88337893810192, 48.936021960062959 ], [ 37.883085331742748, 48.936080659719515 ], [ 37.882983207791739, 48.936340614511671 ], [ 37.882408760567252, 48.93644124180971 ], [ 37.882038561244819, 48.936198058825539 ], [ 37.881349224575452, 48.936231601376548 ], [ 37.880813073832606, 48.936265143905018 ], [ 37.881591768959126, 48.930172612464524 ], [ 37.890897813995608, 48.925228435915294 ], [ 37.912216188770522, 48.913971164936264 ], [ 37.914488446680672, 48.914709424371573 ], [ 37.919875485096853, 48.912570119874111 ], [ 37.930705, 48.9150088 ], [ 37.935628, 48.9273212 ], [ 37.936010370747944, 48.928205117900873 ], [ 37.936816310896404, 48.928935830929156 ], [ 37.935994251944976, 48.929708892491817 ], [ 37.93539785623512, 48.930090123924238 ], [ 37.935446212644024, 48.930640786409953 ], [ 37.934728925911905, 48.930868462393839 ], [ 37.934856374680024, 48.931342286585711 ], [ 37.936058727156848, 48.931344990162316 ], [ 37.937557775832971, 48.931101432093335 ], [ 37.937880151892365, 48.931413821575184 ], [ 37.938121933936898, 48.932398629859712 ], [ 37.936719598078582, 48.932652770779761 ], [ 37.936187677580619, 48.932292737427879 ], [ 37.935204430599505, 48.932493932856332 ], [ 37.935333381023248, 48.934008167171072 ], [ 37.934833698131222, 48.935215286101077 ], [ 37.93441460925402, 48.935469412682814 ], [ 37.93518831179653, 48.938105899631772 ], [ 37.936381103216242, 48.939757603638633 ], [ 37.934785341722318, 48.940054057546682 ], [ 37.935043242569819, 48.941229268213277 ], [ 37.939008468100205, 48.940594022640532 ], [ 37.942538485950408, 48.940466972555754 ], [ 37.943102644054321, 48.941462189564149 ], [ 37.945584939711551, 48.941165744019841 ], [ 37.946261929436247, 48.940212871415987 ], [ 37.948663631078638, 48.939768191308517 ], [ 37.950162679754769, 48.940128170748565 ], [ 37.950968619903215, 48.94130337967011 ], [ 37.952032460899169, 48.941970377829314 ], [ 37.954418043738571, 48.942880868863583 ], [ 37.953966717255426, 48.944437134844073 ], [ 37.953245553604425, 48.945220203069972 ], [ 37.95364434119606, 48.945638708369081 ], [ 37.954322412387583, 48.945751203843685 ], [ 37.9653286, 48.9419142 ], [ 37.965813434713596, 48.939624517977528 ], [ 37.954012639262615, 48.937876590344246 ], [ 37.953723765102275, 48.93530620948227 ], [ 37.949732049432107, 48.93392608461189 ], [ 37.947210965850942, 48.931165720405815 ], [ 37.939673976394765, 48.924039824866682 ], [ 37.937481158904895, 48.919915658084008 ], [ 37.947786679117577, 48.90546943005063 ], [ 37.947836055885844, 48.901063431766332 ], [ 37.948904426489044, 48.900211145572285 ], [ 37.952855361798647, 48.89775915354015 ], [ 37.954607705761966, 48.897241586008199 ], [ 37.962175799980386, 48.895939295609445 ], [ 37.965952565907386, 48.891116685804406 ], [ 37.957609490978399, 48.889901460204662 ], [ 37.944087496302146, 48.879067558160379 ], [ 37.933620585827192, 48.866816016342412 ], [ 37.931483170781995, 48.84895633194143 ], [ 37.918374634610274, 48.845338351821539 ], [ 37.920315364550738, 48.844396526997492 ], [ 37.925138649255715, 48.844410797070573 ], [ 37.934100934518121, 48.845233646450644 ], [ 37.940750109217952, 48.846123205841565 ], [ 37.942319993155685, 48.845498849262917 ], [ 37.943632663982463, 48.845580943064071 ], [ 37.947000401232089, 48.843882804366174 ], [ 37.961584415931732, 48.841742293402433 ], [ 37.967577846630213, 48.839844373681245 ], [ 37.970117919640529, 48.83947335178086 ], [ 37.972929124039574, 48.838445906518267 ], [ 37.975590492671166, 48.83857433717607 ], [ 37.978784719150383, 48.838003302274757 ], [ 37.958163410754771, 48.801610805133649 ], [ 37.95368757604723, 48.798873944839961 ], [ 37.9567649, 48.7974547 ], [ 37.973381930238958, 48.792369732936393 ], [ 37.976479294783154, 48.789424832765938 ], [ 37.990182038615018, 48.789446165091341 ], [ 37.999455828635305, 48.787279122198989 ], [ 38.002103390118883, 48.787401308373845 ], [ 38.002774759445387, 48.786387514238172 ], [ 37.979862007372851, 48.779068286275468 ], [ 37.973197330169718, 48.776239840645026 ], [ 37.963495261068253, 48.767160105004983 ], [ 37.951811957909619, 48.76556370095301 ], [ 37.93896227114702, 48.763544527311396 ], [ 37.927458373776822, 48.767087768321701 ], [ 37.926103202620666, 48.767683246474228 ], [ 37.912205169541252, 48.770561291333323 ], [ 37.902669368621588, 48.770890071944983 ], [ 37.893369520753936, 48.768525043853614 ], [ 37.880585211972864, 48.757939867728524 ], [ 37.866523230896405, 48.759256154857127 ], [ 37.862800328371392, 48.759037869543995 ], [ 37.859672076054991, 48.755793938777259 ], [ 37.851492832894237, 48.755865165858495 ], [ 37.851122092523859, 48.758161957587788 ], [ 37.8389682, 48.764865 ], [ 37.832193229287292, 48.765289818493947 ], [ 37.833351125367571, 48.762483551604298 ], [ 37.837556624146586, 48.762553792769275 ], [ 37.840584347612101, 48.758408158198598 ], [ 37.833353669542063, 48.750938626073705 ], [ 37.851155321751058, 48.741980414285074 ], [ 37.861181220946001, 48.740178139548817 ], [ 37.885378756351713, 48.730949947070563 ], [ 37.864241034285776, 48.729004513631637 ], [ 37.853146520194706, 48.732791263950133 ], [ 37.820564257547815, 48.739624842332489 ], [ 37.821016243455396, 48.73870426370744 ], [ 37.82334523808283, 48.738006349915103 ], [ 37.827926726685043, 48.735965049477507 ], [ 37.833136503587774, 48.73170750434619 ], [ 37.830274132266318, 48.729227703627252 ], [ 37.832011282350912, 48.723377813598788 ], [ 37.835855067835112, 48.720019832229575 ], [ 37.849373369751518, 48.712351220137833 ], [ 37.86645981170804, 48.706126397930994 ], [ 37.863524612902602, 48.703172886263118 ], [ 37.854338061094936, 48.69849940891482 ], [ 37.851266723982334, 48.700185897711947 ], [ 37.84915762090619, 48.70237322344429 ], [ 37.84390703346974, 48.70504823613085 ], [ 37.8337087771028, 48.706442803797842 ], [ 37.827982174871302, 48.705895452494872 ], [ 37.815187361603208, 48.712298935324441 ], [ 37.819269237684182, 48.718495658324073 ], [ 37.817386194563731, 48.719128406513285 ], [ 37.811367225009811, 48.710136635834992 ], [ 37.811504277703953, 48.709138053043581 ], [ 37.819441912907088, 48.705844473489194 ], [ 37.823188019880639, 48.701857220349403 ], [ 37.828658706589003, 48.700440124250164 ], [ 37.82922844301028, 48.69689586488105 ], [ 37.842126044678501, 48.69321157605826 ], [ 37.849741719934123, 48.691722737726046 ], [ 37.851343421194194, 48.687761430098462 ], [ 37.83919683668114, 48.679016095212255 ], [ 37.838318172140305, 48.679224953168713 ], [ 37.835699215818515, 48.679419685769659 ], [ 37.825634308322435, 48.67999360379379 ], [ 37.819947740096787, 48.682770074441812 ], [ 37.810445380659672, 48.68959989528723 ], [ 37.807858805380775, 48.687025927844211 ], [ 37.815604864885309, 48.68154144906147 ], [ 37.805309142568973, 48.666615737492236 ], [ 37.80198660373847, 48.662219604522448 ], [ 37.790952918410063, 48.654313302350808 ], [ 37.798544924909393, 48.642606424220816 ], [ 37.784480648221979, 48.63261431675275 ], [ 37.781845594126132, 48.62950653595442 ], [ 37.783721269757898, 48.622150794707089 ], [ 37.7764591, 48.619809 ], [ 37.76532053627227, 48.619835552750096 ], [ 37.763488690943753, 48.61959827237493 ], [ 37.75850987864947, 48.615168684554945 ], [ 37.760868323398292, 48.606156225163502 ], [ 37.767127626934212, 48.6020527992533 ], [ 37.767919776265472, 48.60082504262288 ], [ 37.773741509863846, 48.600492686447424 ], [ 37.783046990306715, 48.602176544284575 ], [ 37.794454458847426, 48.597435282665231 ], [ 37.783306635134657, 48.595641263349115 ], [ 37.7844991, 48.5890699 ], [ 37.817543, 48.593017 ], [ 37.818144, 48.590592 ], [ 37.820338456510157, 48.588790215748396 ], [ 37.822677098788432, 48.588652267540354 ], [ 37.824310906784142, 48.588259284442756 ], [ 37.826761618777709, 48.586474447749175 ], [ 37.826637845444701, 48.585704819815668 ], [ 37.825103056115395, 48.585901321678861 ], [ 37.82426139745094, 48.58552469243655 ], [ 37.82695965611051, 48.583772510798632 ], [ 37.832281, 48.580757 ], [ 37.8344, 48.578295 ], [ 37.837097368255563, 48.578088520410176 ], [ 37.837479452275332, 48.576257328071861 ], [ 37.837498090520185, 48.575720905633965 ], [ 37.83311810297667, 48.572792062067897 ], [ 37.83311810297667, 48.57279206206789 ], [ 37.835163946273603, 48.570746963980618 ], [ 37.834794081718414, 48.568476293444711 ], [ 37.832739278633966, 48.566300705073957 ], [ 37.833869420330409, 48.564614559710677 ], [ 37.829329837161332, 48.562674504641457 ], [ 37.830357539545489, 48.556811538087331 ], [ 37.8361527, 48.5524221 ], [ 37.827231440864409, 48.547322076980983 ], [ 37.814227325923127, 48.546319797123743 ], [ 37.805886569348999, 48.543796718260069 ], [ 37.798910940583603, 48.539077195318399 ], [ 37.77714280029312, 48.537671075763654 ], [ 37.7609295, 48.5363986 ], [ 37.758400834486224, 48.535020532656723 ], [ 37.757939801888291, 48.534181569267218 ], [ 37.759588197736235, 48.533577210583452 ], [ 37.762960301213234, 48.534425423566773 ], [ 37.7754614, 48.5355081 ], [ 37.779283784042157, 48.533649241073427 ], [ 37.795503720018466, 48.534560237326637 ], [ 37.800240616939718, 48.525986006469246 ], [ 37.795630915902059, 48.518509640629567 ], [ 37.793918237204174, 48.505153722325709 ], [ 37.7878485, 48.5045855 ], [ 37.7837434, 48.496752 ], [ 37.786566228883245, 48.489072684703039 ], [ 37.787808151981075, 48.486194683132922 ], [ 37.790155655540488, 48.48496679837298 ], [ 37.79816169879021, 48.480609198012679 ], [ 37.801052419177068, 48.479273480918749 ], [ 37.816916530136105, 48.47260361859378 ], [ 37.809552433568193, 48.466002158908481 ], [ 37.806342867738195, 48.463479621861289 ], [ 37.798345450630663, 48.46051964427101 ], [ 37.795842406180711, 48.462330097230314 ], [ 37.795514430870334, 48.462190439118942 ], [ 37.770357087131998, 48.480756723828129 ], [ 37.769459222186505, 48.475826565392346 ], [ 37.770096279803596, 48.469897565058567 ], [ 37.773174590501725, 48.466481054306151 ], [ 37.774996729569679, 48.464921192831319 ], [ 37.778614969942318, 48.462614214657563 ], [ 37.777550565047385, 48.460325238572089 ], [ 37.783215571750624, 48.454134852238724 ], [ 37.752450121312833, 48.45437656613997 ], [ 37.742433978683195, 48.469316522614704 ], [ 37.734230842747387, 48.476011504366063 ], [ 37.717881591156001, 48.482694411724069 ], [ 37.706043797680188, 48.483960282766375 ], [ 37.697217499112938, 48.483813289268518 ], [ 37.687602104991377, 48.490600987678036 ], [ 37.687266730099829, 48.492048879888792 ], [ 37.684653201480707, 48.491769465313169 ], [ 37.684978994232495, 48.49019455436288 ], [ 37.683455434010895, 48.489623002001878 ], [ 37.683684195490116, 48.488159131504148 ], [ 37.6833497, 48.4859145 ], [ 37.66449789860205, 48.481929475602861 ], [ 37.660913673240351, 48.486380123870376 ], [ 37.6616769, 48.4897887 ], [ 37.659232943210156, 48.48959684936338 ], [ 37.653116119747082, 48.488106319774964 ], [ 37.651991496029083, 48.480186530322577 ], [ 37.64387314803767, 48.466021059409037 ], [ 37.638252221223141, 48.458500797829814 ], [ 37.635171050374836, 48.449268766871711 ], [ 37.626104755774243, 48.446731104893431 ], [ 37.611549687928253, 48.441601818713622 ], [ 37.608568000115852, 48.442268556320222 ], [ 37.598986396583875, 48.445724339334717 ], [ 37.586925636893248, 48.447557697880541 ], [ 37.57256744117575, 48.448310497378728 ], [ 37.55150588875815, 48.447544055929932 ], [ 37.534015871413857, 48.444774318814581 ], [ 37.524939949800149, 48.445573987688384 ], [ 37.507228004047604, 48.445423092398435 ], [ 37.486627207414159, 48.451275356059078 ], [ 37.484978364362753, 48.454379335464665 ], [ 37.475968020011109, 48.459427039080261 ], [ 37.473517578194517, 48.460435634248412 ], [ 37.471476210344775, 48.461438411437761 ], [ 37.470239462310516, 48.465573787677293 ], [ 37.464102141923355, 48.470575958891899 ], [ 37.459465144574473, 48.480069704610621 ], [ 37.449344433444999, 48.486687092656815 ], [ 37.446482387737532, 48.490364049659284 ], [ 37.444997432270647, 48.487186108462886 ], [ 37.447073663668071, 48.483158713994172 ], [ 37.398554494129989, 48.48705633099609 ], [ 37.389713611643415, 48.490832376100713 ], [ 37.383584634610052, 48.492754751468496 ], [ 37.38111203942465, 48.493006847042189 ], [ 37.379818681943057, 48.492796767484485 ], [ 37.37500029132535, 48.48909922479826 ], [ 37.374342983553689, 48.488179059799428 ], [ 37.374325109918125, 48.481077231935025 ], [ 37.365392932853872, 48.474450458296516 ], [ 37.3600317, 48.471961899999989 ], [ 37.3514275, 48.4639111 ], [ 37.344816306385908, 48.461655156793313 ], [ 37.312560104986922, 48.467453713579843 ], [ 37.303213016226685, 48.470119253896755 ], [ 37.302844493013929, 48.469541732042913 ], [ 37.278971383140821, 48.474209274364199 ], [ 37.274484956685868, 48.459689529671891 ], [ 37.269225125376359, 48.451635294421777 ], [ 37.256712087197343, 48.440879509763768 ], [ 37.244537010127772, 48.430098155339188 ], [ 37.246327257752753, 48.427159165488177 ], [ 37.24848301426784, 48.425368917863175 ], [ 37.248159987711894, 48.420880399883103 ], [ 37.251615947611555, 48.420117524829863 ], [ 37.2513579, 48.417267099999989 ], [ 37.252089500000018, 48.4137828 ], [ 37.2565519, 48.4133443 ], [ 37.26230836459623, 48.409260269921099 ], [ 37.252541074470997, 48.397655639382208 ], [ 37.252608078691502, 48.39585384718302 ], [ 37.260153, 48.3848532 ], [ 37.254682860684589, 48.378966549557639 ], [ 37.2332454, 48.3683148 ], [ 37.206041, 48.3634259 ], [ 37.208340440960157, 48.359666830026264 ], [ 37.207592217456437, 48.355529280569954 ], [ 37.204859631499488, 48.355807705826749 ], [ 37.204895526285341, 48.354144743150307 ], [ 37.205214154006214, 48.353707063527743 ], [ 37.207465371923867, 48.353667798361151 ], [ 37.208079877602174, 48.353047404713209 ], [ 37.20864191560085, 48.3529930298251 ], [ 37.209093717367054, 48.350780973989863 ], [ 37.20860350667072, 48.350775156516065 ], [ 37.208778581919411, 48.350210858400438 ], [ 37.208393039149783, 48.350173077348671 ], [ 37.208670748446714, 48.348940051164234 ], [ 37.207182, 48.3482071 ], [ 37.207460099447403, 48.346066537070868 ], [ 37.210538088168761, 48.34538789072225 ], [ 37.208604442938174, 48.342642132249857 ], [ 37.202297805059274, 48.336089333723088 ], [ 37.188289029129798, 48.329068453139001 ], [ 37.144493715937521, 48.329165344839154 ], [ 37.128631525007549, 48.333530391722235 ], [ 37.121185476987215, 48.334156004605191 ], [ 37.114520383966209, 48.335860090649973 ], [ 37.11114187060295, 48.337783791670063 ], [ 37.107050236516784, 48.338662713685636 ], [ 37.101894617305568, 48.341749873622945 ], [ 37.072483152184454, 48.349724907252849 ], [ 37.071427913137974, 48.35100700594446 ], [ 37.070880324529661, 48.35213082845415 ], [ 37.068706075643732, 48.351595677969271 ], [ 37.068883236664064, 48.349455019826657 ], [ 37.064175547438779, 48.34080286995421 ], [ 37.039416617568335, 48.349770028232072 ], [ 37.036651394515914, 48.348755267478886 ], [ 37.047925429517832, 48.329599679453743 ], [ 37.055240146186556, 48.322383016830535 ], [ 37.063545591887063, 48.320645622879084 ], [ 37.063142455319309, 48.318097058370334 ], [ 37.087749919439773, 48.303182901574594 ], [ 37.087356299420819, 48.302086022411729 ], [ 37.102551883301381, 48.295700400209725 ], [ 37.092348896906415, 48.28412810368571 ], [ 37.055612131134033, 48.280116595272979 ], [ 37.057807315162137, 48.26939008181801 ], [ 37.05229146683601, 48.261898130283861 ], [ 37.05105504024025, 48.261500958812341 ], [ 37.05056692680283, 48.261128977419439 ], [ 37.050998801623422, 48.256148829631883 ], [ 37.051110614519452, 48.254859463546531 ], [ 37.050666020285895, 48.254739205679947 ], [ 37.045996122203576, 48.252112738264692 ], [ 37.036511443452149, 48.245390788373385 ], [ 37.019921126896747, 48.253497620770752 ], [ 37.008777323852037, 48.262043065705598 ], [ 36.995798028570917, 48.264340550157662 ], [ 36.988616069148996, 48.262870094762583 ], [ 36.9874519, 48.2591455 ], [ 36.983492385884254, 48.258640921831784 ], [ 36.980942163312513, 48.257582093437179 ], [ 36.983741316571653, 48.244774921893075 ], [ 36.982026923478301, 48.24403888001914 ], [ 36.981982177176931, 48.241370099313876 ], [ 36.980980124596179, 48.239034738362818 ], [ 36.976463342967705, 48.239000746408834 ], [ 36.973320141166539, 48.23855322381182 ], [ 36.965796220908445, 48.238867272128061 ], [ 36.960775358140069, 48.235207489300493 ], [ 36.954937632663224, 48.233548085551952 ], [ 36.93078255181706, 48.220171769618773 ], [ 36.928715441973971, 48.20988910118794 ], [ 36.930140503682793, 48.198775508654229 ], [ 36.93243447098893, 48.192839484586791 ], [ 36.929882250636837, 48.186669665525031 ], [ 36.9223293735594, 48.180848695936533 ], [ 36.915727609055502, 48.171065556854003 ], [ 36.906537872866345, 48.166738298516719 ], [ 36.902171782998742, 48.153786278409456 ], [ 36.911259305382181, 48.14866782541651 ], [ 36.91413020824173, 48.134807969670121 ], [ 36.912641334551786, 48.128449318905844 ], [ 36.915669465223147, 48.114872263825958 ], [ 36.909318412328957, 48.114048377886803 ], [ 36.903182694324983, 48.11423863270862 ], [ 36.902022887800236, 48.09866515924201 ], [ 36.892373842259857, 48.09489209551392 ], [ 36.890573602410697, 48.091021716815064 ], [ 36.875156553540648, 48.088475818449758 ], [ 36.868445848292808, 48.083489907375522 ], [ 36.848281962420096, 48.079652987290508 ], [ 36.839303142947138, 48.077779575235709 ], [ 36.816478988229981, 48.064952849402054 ], [ 36.80027796455262, 48.062144431365525 ], [ 36.773033547636025, 48.073668719404019 ], [ 36.742198474599007, 48.08680780454867 ], [ 36.727696403040937, 48.090254634231805 ], [ 36.719384645512314, 48.088221285823515 ], [ 36.717984302663737, 48.084478705729886 ], [ 36.724750187743687, 48.073250215597199 ], [ 36.707913463058219, 48.059497395322481 ], [ 36.706577922552576, 48.038026637636975 ], [ 36.701580398857615, 48.031942712780186 ], [ 36.700089398066048, 48.026743117076634 ], [ 36.680318880896934, 48.017542274068333 ], [ 36.65874268872993, 47.997090062983446 ], [ 36.643152454519125, 47.98787197306681 ], [ 36.636973300706188, 47.981147141321962 ], [ 36.628944336496467, 47.961792233672298 ], [ 36.619508022817627, 47.948659483230749 ], [ 36.607973890363887, 47.941214688037036 ], [ 36.599101718694108, 47.939407854015244 ], [ 36.5908485, 47.9341714 ], [ 36.584203729746612, 47.931293238934693 ], [ 36.582977106209853, 47.929053610425314 ], [ 36.580627109248795, 47.926071094694464 ], [ 36.580272381906028, 47.925620874967855 ], [ 36.580398449564257, 47.924107941596766 ], [ 36.577346769322894, 47.922486305062023 ], [ 36.572716231284303, 47.90931678490734 ], [ 36.560094823407113, 47.893550674191474 ], [ 36.532482560282219, 47.876354065144504 ], [ 36.522324203482661, 47.867401846715943 ], [ 36.51480863023798, 47.864615204993477 ], [ 36.470156244262228, 47.823837183560471 ], [ 36.463815891211794, 47.823441182882931 ], [ 36.441083950180719, 47.825231319757769 ], [ 36.413720804972812, 47.82358518275889 ], [ 36.390432379437328, 47.820426902453633 ], [ 36.369659766212372, 47.817834824400968 ], [ 36.351942807297853, 47.814236313304527 ], [ 36.337569129380263, 47.812801946572478 ], [ 36.329854027142659, 47.810114392503692 ], [ 36.321533142750049, 47.797776536983179 ], [ 36.29519196631518, 47.779099064152526 ], [ 36.282257061293443, 47.781547495779371 ], [ 36.272410445783017, 47.784498995972328 ], [ 36.265192772465035, 47.786059769819005 ], [ 36.250338986953196, 47.786656906925003 ], [ 36.250005824110445, 47.786703426582719 ], [ 36.254277005767726, 47.763962981742985 ], [ 36.24143981063493, 47.764965730354987 ], [ 36.209884174593888, 47.76199522948486 ], [ 36.197181976271963, 47.761845953608194 ], [ 36.191830175930022, 47.761308556905483 ], [ 36.19560530480193, 47.751925611664404 ], [ 36.198136861810134, 47.747035657776003 ], [ 36.196737843463488, 47.7366121771284 ], [ 36.198503702397154, 47.728506785804207 ], [ 36.194573215030204, 47.72292284910413 ], [ 36.17613604213436, 47.713488373298901 ], [ 36.1850134, 47.6975529 ], [ 36.191786352211082, 47.695370032479758 ], [ 36.200710976845023, 47.684942841782807 ], [ 36.206465135545173, 47.680794922706767 ], [ 36.2044783923427, 47.674722841637127 ], [ 36.222588749148706, 47.670121913490725 ], [ 36.234692145061778, 47.668009472514683 ], [ 36.238597351749334, 47.665809244236932 ], [ 36.221538928519045, 47.660530114712934 ], [ 36.220934823722935, 47.659697369277197 ], [ 36.221696758401535, 47.658158004726154 ], [ 36.220629040005726, 47.655142675603429 ], [ 36.217044169521643, 47.653136362353486 ], [ 36.213316617625253, 47.651946954632201 ], [ 36.210855363263043, 47.650433123807161 ], [ 36.206931624424733, 47.649616117511421 ], [ 36.198263728627381, 47.643620342057204 ], [ 36.198156717568153, 47.640039370357776 ], [ 36.1827927, 47.6331433 ], [ 36.178716375142002, 47.632744484225356 ], [ 36.173837559279498, 47.628559974212365 ], [ 36.133624251666077, 47.611272950923841 ], [ 36.124519582184099, 47.591512718314426 ], [ 36.094165251883744, 47.585146037058017 ], [ 36.08748923489987, 47.578848650906707 ], [ 36.082013948510173, 47.570811344750702 ], [ 36.070712499909284, 47.564805086121183 ], [ 36.063919132129215, 47.555373708022032 ], [ 36.063843700314692, 47.553517761201981 ], [ 36.066242972455598, 47.552956226286121 ], [ 36.073872758034696, 47.543221393881311 ], [ 36.023178118081532, 47.527349362072457 ], [ 36.022653480548279, 47.526465077015082 ], [ 36.020057067003776, 47.52694014287075 ], [ 36.004763789613065, 47.522992880711961 ], [ 35.9987761, 47.5257009 ], [ 35.997808243441995, 47.525742936148525 ], [ 35.994587967691722, 47.525918951220589 ], [ 35.992224497836844, 47.523321846197028 ], [ 35.990472304193226, 47.517330707557967 ], [ 35.972944724462401, 47.5199013756516 ], [ 35.971085357343433, 47.521926284521179 ], [ 35.968053416365656, 47.523012236968903 ], [ 35.958373580465214, 47.52092752735232 ], [ 35.943462867440843, 47.530353138319683 ], [ 35.940380673297682, 47.529154232332445 ], [ 35.936682646696148, 47.526569455865037 ], [ 35.932323415782243, 47.500508067594431 ], [ 35.924227589463122, 47.498014333748102 ], [ 35.919903324320323, 47.494945671146667 ], [ 35.916323929837233, 47.493452199655444 ], [ 35.902371251776522, 47.472921869753705 ], [ 35.88670894759143, 47.475469873283799 ], [ 35.882519857041949, 47.474131091767987 ], [ 35.855737028975462, 47.47725491530489 ], [ 35.826984405623378, 47.478730146114977 ], [ 35.806506240732027, 47.478849021024615 ], [ 35.795391915656026, 47.480377388760843 ], [ 35.758473210568312, 47.495088536762459 ], [ 35.744655451317811, 47.503310562321822 ], [ 35.739126362307367, 47.50686454669485 ], [ 35.733580522241695, 47.505194874570634 ], [ 35.71743684796661, 47.515580847932 ], [ 35.714527489172973, 47.515548632176376 ], [ 35.707482754857146, 47.519178102394172 ], [ 35.678028439759352, 47.515728342111842 ], [ 35.661123523090083, 47.508574396837076 ], [ 35.651891830487372, 47.514065656443435 ], [ 35.629487604461211, 47.517089291572724 ], [ 35.621566216615008, 47.51568141219046 ], [ 35.608443315947518, 47.52381307060115 ], [ 35.600680752920297, 47.53442992575421 ], [ 35.590099049356333, 47.540354054502316 ], [ 35.571675370355656, 47.545570620397811 ], [ 35.54729394665452, 47.542451855690274 ], [ 35.547136935824604, 47.543935683213753 ], [ 35.539645469231338, 47.544469219120998 ], [ 35.537547887379212, 47.547071501442964 ], [ 35.526588974870201, 47.548438337860738 ], [ 35.506565618911196, 47.54677601748341 ], [ 35.492272242930753, 47.549074065653507 ], [ 35.478222234764736, 47.548527036647044 ], [ 35.471178966151591, 47.543158400111288 ], [ 35.449499378362006, 47.542555327695446 ], [ 35.425499209336742, 47.540223883684185 ], [ 35.410329207383199, 47.537475842516898 ], [ 35.401263376010029, 47.550441905875701 ], [ 35.395173970651555, 47.556738351016357 ], [ 35.392202340836626, 47.557201145823598 ], [ 35.386734054824721, 47.569112022704765 ], [ 35.376471229429065, 47.576162597026467 ], [ 35.375848475796097, 47.578941918828292 ], [ 35.361123974350392, 47.578312149223095 ], [ 35.341639106078823, 47.579742035105681 ], [ 35.339180547891338, 47.578615382698757 ], [ 35.338483848104566, 47.576862891845771 ], [ 35.343408566568819, 47.569496836852956 ], [ 35.333139192406946, 47.561762652029486 ], [ 35.325541075272675, 47.568204733961977 ], [ 35.327779547357366, 47.571573378373223 ], [ 35.322745065531151, 47.578573851241408 ], [ 35.309197732617015, 47.579314824867787 ], [ 35.298113551141796, 47.582817467325825 ], [ 35.296981832913104, 47.583648187885956 ], [ 35.288629289375955, 47.596109696155835 ], [ 35.2797956, 47.6085017 ], [ 35.279048172140243, 47.621877810335853 ], [ 35.281041918050164, 47.630095987022813 ], [ 35.293727364567275, 47.629646718306319 ], [ 35.315298337811463, 47.627028046645705 ], [ 35.337938336109353, 47.617681913519533 ], [ 35.3350366, 47.6144743 ], [ 35.3459789, 47.6082825 ], [ 35.357506639027029, 47.610497746327582 ], [ 35.359901971487986, 47.608457590024145 ], [ 35.360108181101232, 47.602704022574819 ], [ 35.3763788, 47.5957528 ], [ 35.378130984703695, 47.59380858348095 ], [ 35.381462388318219, 47.590111873298156 ], [ 35.382412191423256, 47.588837246752888 ], [ 35.384075193812052, 47.588876906179863 ], [ 35.395275816104302, 47.592605820434393 ], [ 35.397424215075588, 47.594779038936423 ], [ 35.405438489009583, 47.60313364733819 ], [ 35.411279645139551, 47.605423814992342 ], [ 35.416350966663849, 47.606370922528527 ], [ 35.428898320857755, 47.606290659843069 ], [ 35.432826809362503, 47.604990387179953 ], [ 35.437863656887401, 47.605284862198602 ], [ 35.446897940915825, 47.605793028444296 ], [ 35.447183649170711, 47.604107467564106 ], [ 35.4313682, 47.5908487 ], [ 35.4086302, 47.5777697 ], [ 35.423789296258157, 47.566280222405311 ], [ 35.424260191248763, 47.566176805953674 ], [ 35.446122505239316, 47.566492836736046 ], [ 35.446614181508181, 47.566548332340687 ], [ 35.477372535019086, 47.584509211407791 ], [ 35.500004354097229, 47.585787136155332 ], [ 35.5067851, 47.5860809 ], [ 35.507272551098872, 47.582672194583182 ], [ 35.505197198454688, 47.578039175539175 ], [ 35.504521882689048, 47.574619125141602 ], [ 35.503717303735435, 47.569482783296117 ], [ 35.503815308255071, 47.566275963670499 ], [ 35.504343978896443, 47.563179617284405 ], [ 35.505836534470973, 47.557614232672947 ], [ 35.506056084977992, 47.554481542943186 ], [ 35.511248535055273, 47.551501883717435 ], [ 35.526897429154957, 47.551007350056615 ], [ 35.532609115918952, 47.551110425081326 ], [ 35.535728267586983, 47.552116240883308 ], [ 35.544461892257488, 47.555531192353627 ], [ 35.550752181454683, 47.555355772186758 ], [ 35.556730555485082, 47.555168656694796 ], [ 35.56079411696372, 47.55340856889714 ], [ 35.561114696440711, 47.553344245632012 ], [ 35.561461268848269, 47.553519672532772 ], [ 35.57327938794603, 47.552537274324528 ], [ 35.576346553752941, 47.55178876809039 ], [ 35.582151641579557, 47.551297555064245 ], [ 35.585184150145693, 47.549660145058212 ], [ 35.58778344320239, 47.547531435569887 ], [ 35.595460022029833, 47.541472327660614 ], [ 35.601629010884388, 47.53553243551351 ], [ 35.608907236607919, 47.524486194923078 ], [ 35.618900937621767, 47.519309976906399 ], [ 35.628095405657518, 47.518787076820068 ], [ 35.636734776260631, 47.519631438056336 ], [ 35.648159447241618, 47.51616747005631 ], [ 35.655414515339437, 47.513620644437005 ], [ 35.660942363530978, 47.510030240038581 ], [ 35.674118, 47.519805 ], [ 35.68979777199695, 47.522824620936191 ], [ 35.705299157504228, 47.521283374996095 ], [ 35.716112097287372, 47.516437812523939 ], [ 35.738189854243814, 47.507290128572848 ], [ 35.745599404294495, 47.506603663926413 ], [ 35.751138419856112, 47.50351068988693 ], [ 35.751819629431225, 47.500734401892529 ], [ 35.761574327199476, 47.494502307802989 ], [ 35.767716380745625, 47.492223560892015 ], [ 35.776928, 47.490931 ], [ 35.789066, 47.491322 ], [ 35.797542167600497, 47.491388007721405 ], [ 35.798005379056555, 47.489456053256035 ], [ 35.799299176571765, 47.483605791265852 ], [ 35.805781213375518, 47.483720383376117 ], [ 35.814186568760888, 47.48509485956896 ], [ 35.8264689243912, 47.486029087690106 ], [ 35.831988518047936, 47.483545650413745 ], [ 35.838701768683798, 47.48440187777507 ], [ 35.851164553697437, 47.489552321076125 ], [ 35.865938984318426, 47.487175256153741 ], [ 35.871060414955416, 47.488117584617441 ], [ 35.8939974955343, 47.479818531826183 ], [ 35.901434470130091, 47.485216926614051 ], [ 35.91419877413599, 47.495471877080028 ], [ 35.916728183460002, 47.498572869510255 ], [ 35.926437323874623, 47.500909067033021 ], [ 35.930112276505518, 47.512559011571312 ], [ 35.912232653960508, 47.524243745446398 ], [ 35.902025787623565, 47.526580426199921 ], [ 35.9032024, 47.5289574 ], [ 35.912106, 47.5273193 ], [ 35.920583772482537, 47.53244744749562 ], [ 35.927378901811444, 47.536997794900891 ], [ 35.933277893726434, 47.53802469871588 ], [ 35.940979672338862, 47.537283045960621 ], [ 35.95139008469441, 47.529063917199707 ], [ 35.956655020377518, 47.527029514990026 ], [ 35.977988795233223, 47.52827514879808 ], [ 35.978545845766902, 47.528521280812242 ], [ 35.981254825982781, 47.529543261568122 ], [ 35.999368782904384, 47.531044311683445 ], [ 36.003143464880949, 47.530991344475602 ], [ 36.007692884768304, 47.530265728429157 ], [ 36.0209985697241, 47.533429071777128 ], [ 36.028712560885879, 47.535063975871033 ], [ 36.036176908320748, 47.539884118044554 ], [ 36.04718619667787, 47.538923495694583 ], [ 36.052884314744794, 47.539226852022352 ], [ 36.03974967925263, 47.572256985228336 ], [ 36.038352450296138, 47.583723010953328 ], [ 36.041792373108898, 47.585053596165331 ], [ 36.064380331674734, 47.585487616265766 ], [ 36.075610054178689, 47.58947245684611 ], [ 36.081518787253401, 47.592451122507747 ], [ 36.095681581382287, 47.591351593440585 ], [ 36.108692169897445, 47.592918527704413 ], [ 36.11554123084121, 47.603621698528364 ], [ 36.115218634438314, 47.618035102191314 ], [ 36.128097184003792, 47.620305707716092 ], [ 36.125696264526219, 47.628997298238588 ], [ 36.134376967549514, 47.631666138991768 ], [ 36.132398095791139, 47.637821982341272 ], [ 36.126110947791709, 47.637776479231398 ], [ 36.12611094779168, 47.637776479231391 ], [ 36.119610600095861, 47.647946020759797 ], [ 36.12238560699074, 47.655482039374888 ], [ 36.130900266844279, 47.655995635728075 ], [ 36.139544723855394, 47.660499188535461 ], [ 36.157907953145987, 47.666675720946969 ], [ 36.161228451316632, 47.670691536004696 ], [ 36.166649672819737, 47.673277313973649 ], [ 36.166909439683408, 47.690750771616599 ], [ 36.139879197810842, 47.684339523993643 ], [ 36.137654655263049, 47.684724514733496 ], [ 36.125195730161664, 47.690870995428071 ], [ 36.133045391264695, 47.697489289901377 ], [ 36.134738901618078, 47.712679561585986 ], [ 36.149027199567307, 47.722138286864137 ], [ 36.162050471397791, 47.726202183106452 ], [ 36.173109978053454, 47.735331498129426 ], [ 36.1436559, 47.7398252 ], [ 36.1430214, 47.746843 ], [ 36.164993450978876, 47.75029070110962 ], [ 36.164504904889569, 47.764644805017191 ], [ 36.167483915027319, 47.766813615395286 ], [ 36.167972585865328, 47.778053044669221 ], [ 36.165659543898812, 47.78280944082573 ], [ 36.15960002550765, 47.793674222457192 ], [ 36.137577259741917, 47.805027674926656 ], [ 36.136893120568722, 47.815452652803927 ], [ 36.149175047630386, 47.817342180044186 ], [ 36.164943061012941, 47.810439489705864 ], [ 36.178462719854352, 47.800694793496419 ], [ 36.204546019095645, 47.798242517499375 ], [ 36.20567312899697, 47.800862272386752 ], [ 36.210458314503768, 47.811635587481625 ], [ 36.212044459941588, 47.81165424801619 ], [ 36.215963172199736, 47.811299697859496 ], [ 36.217891427437877, 47.811461422492378 ], [ 36.225869255890487, 47.811023199812993 ], [ 36.264705, 47.8099415 ], [ 36.275390371037368, 47.815728020560059 ], [ 36.285608592649602, 47.827280683313866 ], [ 36.283691705528298, 47.838006123159332 ], [ 36.274985152336782, 47.850997393988486 ], [ 36.263287388853357, 47.853226082903021 ], [ 36.249415552986896, 47.852949799261772 ], [ 36.23512805427319, 47.859079440834158 ], [ 36.233062181442726, 47.867040160934224 ], [ 36.233161, 47.8738391 ], [ 36.235194738085518, 47.876756500068069 ], [ 36.235659046957664, 47.877426440099377 ], [ 36.246497759754618, 47.877349755141211 ], [ 36.260428934975181, 47.87839292318688 ], [ 36.26170615074389, 47.877803021123221 ], [ 36.262619677284007, 47.877370893965853 ], [ 36.263148561070395, 47.877267698887685 ], [ 36.263523587755287, 47.877306397066086 ], [ 36.264059982129091, 47.877606001214993 ], [ 36.264733266329976, 47.878484473687834 ], [ 36.265370021113974, 47.879064527180184 ], [ 36.265693150407344, 47.879243003871288 ], [ 36.266456488752489, 47.87946055007621 ], [ 36.2676344571858, 47.879602437250199 ], [ 36.268264282626212, 47.87956093364118 ], [ 36.26905282734019, 47.879286415286131 ], [ 36.269461510266026, 47.878847850999314 ], [ 36.26980288070996, 47.878318989127557 ], [ 36.270350996634036, 47.877944912836654 ], [ 36.271206826761087, 47.877615981452713 ], [ 36.272283826471543, 47.877467639164941 ], [ 36.272995415565951, 47.877538585529472 ], [ 36.273707004660345, 47.877668499474808 ], [ 36.274490714271082, 47.877525686197693 ], [ 36.274687843682372, 47.877396692703265 ], [ 36.274995557885354, 47.877138704750955 ], [ 36.275814700332063, 47.876591286883858 ], [ 36.280756677760088, 47.876259812717826 ], [ 36.3048995, 47.8756558 ], [ 36.311082998312543, 47.880631582536566 ], [ 36.31867072215649, 47.881269255318216 ], [ 36.318252375658204, 47.881729436466337 ], [ 36.319928978858698, 47.882920067724662 ], [ 36.349563695550202, 47.883804706747028 ], [ 36.362761158459755, 47.884496685959711 ], [ 36.367328052144025, 47.884759282346565 ], [ 36.380956503204978, 47.8847696304491 ], [ 36.396825026139183, 47.887738678530589 ], [ 36.397398349717399, 47.889257058659602 ], [ 36.427922418273234, 47.892427231002877 ], [ 36.450648570060203, 47.894669782487966 ], [ 36.454845625100134, 47.91561500876076 ], [ 36.48411397717765, 47.916835435777628 ], [ 36.494551098176458, 47.925124647669193 ], [ 36.49683838214002, 47.92525857376183 ], [ 36.501945909437318, 47.923324052086919 ], [ 36.509157515914694, 47.923398458104529 ], [ 36.513238503351658, 47.92179944431544 ], [ 36.5381287, 47.9275969 ], [ 36.544398693023929, 47.937577724738063 ], [ 36.556477852185523, 47.942219528698075 ], [ 36.564796038929352, 47.957866940527623 ], [ 36.56376261858032, 47.959126243364061 ], [ 36.551886755225091, 47.961678790078849 ], [ 36.548074958855707, 47.968677793288116 ], [ 36.545535415456676, 47.962437155684839 ], [ 36.532218, 47.96168 ], [ 36.530105, 47.965724 ], [ 36.533633427429351, 47.970594161265623 ], [ 36.546445110855622, 47.974803680280061 ] ] ] ] } }
]
}
