{
"type": "FeatureCollection",
"name": "Grayzone",
"crs": { "type": "name", "properties": { "name": "urn:ogc:def:crs:OGC:1.3:CRS84" } },
"features": [
{ "type": "Feature", "properties": { "id": null }, "geometry": { "type": "MultiPolygon", "coordinates": [ [ [ [ 36.496375608854301, 47.849250412796998 ], [ 36.494628844731857, 47.855794362848428 ], [ 36.494509066620616, 47.860723548539106 ], [ 36.497902779772765, 47.871330423819622 ], [ 36.510177594092134, 47.872239736996853 ], [ 36.520688392070724, 47.876367583476679 ], [ 36.530679736880359, 47.877131866791878 ], [ 36.533240158550846, 47.877300199012424 ], [ 36.54315744342275, 47.883716487834718 ], [ 36.543220054761861, 47.884947921004418 ], [ 36.537970926847898, 47.894750989764994 ], [ 36.536905007660856, 47.896425750415823 ], [ 36.536178719291726, 47.905169942167589 ], [ 36.542180754899285, 47.904516450033036 ], [ 36.547833520852599, 47.906666134300799 ], [ 36.549940072166216, 47.915069877512337 ], [ 36.560016974282583, 47.918414599780633 ], [ 36.543543114501801, 47.927937311443642 ], [ 36.542942347895227, 47.929994761217557 ], [ 36.534794494552706, 47.934451534259388 ], [ 36.542273115129596, 47.937490175408954 ], [ 36.543119751421315, 47.937679240512438 ], [ 36.5435430695672, 47.937713002065308 ], [ 36.544762628987421, 47.937442909025044 ], [ 36.554488867338755, 47.942830998471074 ], [ 36.558989300244079, 47.947086479988272 ], [ 36.5744978372419, 47.94622227636372 ], [ 36.576941681475574, 47.942555397166622 ], [ 36.588544192068213, 47.941723612133025 ], [ 36.588701705419005, 47.9417545158312 ], [ 36.5914945, 47.9440551 ], [ 36.591964980751612, 47.950441807906621 ], [ 36.60147675716459, 47.951361209181506 ], [ 36.594509518885715, 47.954659533547165 ], [ 36.590224458476129, 47.952956149728152 ], [ 36.577519252791895, 47.951352629702782 ], [ 36.562168571799639, 47.952631138487817 ], [ 36.544625221774155, 47.953612181087941 ], [ 36.537552785814839, 47.948175522995278 ], [ 36.533274580013178, 47.949273973303995 ], [ 36.531373155212442, 47.950245047612157 ], [ 36.5293991, 47.9523144 ], [ 36.5339135, 47.957856 ], [ 36.53667337684449, 47.960066199801183 ], [ 36.539691888715659, 47.96125989170266 ], [ 36.542499629473916, 47.962883995465411 ], [ 36.544500186932957, 47.965605907777487 ], [ 36.547308661827394, 47.970780426589819 ], [ 36.547616439898015, 47.970761190460408 ], [ 36.54840031217163, 47.968289347830712 ], [ 36.551786633892753, 47.961451557916313 ], [ 36.552252347086771, 47.961527848341746 ], [ 36.552598597416221, 47.961498994147625 ], [ 36.55495135131877, 47.961031531955584 ], [ 36.577898431720769, 47.957985961626839 ], [ 36.585662576125635, 47.956892599528175 ], [ 36.593706205973689, 47.955006800470436 ], [ 36.60498027133815, 47.952960778564645 ], [ 36.62800360577873, 47.950849121509151 ], [ 36.630514546415348, 47.958062545914821 ], [ 36.634102696844018, 47.958390997785457 ], [ 36.640222886061125, 47.958984657869664 ], [ 36.638735489145226, 47.972287183443314 ], [ 36.629667748407513, 47.980226684845938 ], [ 36.636548135487985, 47.982792701132816 ], [ 36.664550842707548, 47.986731562049876 ], [ 36.6658281291542, 47.993493475874516 ], [ 36.657682570657784, 48.000144663322637 ], [ 36.639810610882371, 47.998109114693854 ], [ 36.639705708540035, 47.998481437914315 ], [ 36.649721800999096, 48.01401371723076 ], [ 36.659995755220741, 48.026178769412908 ], [ 36.650962543629682, 48.060947693149473 ], [ 36.648420534337724, 48.064699350843092 ], [ 36.648859333560743, 48.067833949471115 ], [ 36.652959, 48.067573 ], [ 36.65680925765578, 48.074406914108074 ], [ 36.659300707571347, 48.074973135324164 ], [ 36.699460507400978, 48.082310798637565 ], [ 36.700703764311783, 48.082543145194443 ], [ 36.701804247898174, 48.082243013307242 ], [ 36.702838484402051, 48.082095265235267 ], [ 36.703398371832719, 48.082173027378417 ], [ 36.704852523909601, 48.082320775450398 ], [ 36.706003403628202, 48.082071936592321 ], [ 36.706679934273595, 48.081745335591094 ], [ 36.706827682345569, 48.081418734589874 ], [ 36.70688989206009, 48.081029923874127 ], [ 36.707636408634315, 48.080516693729344 ], [ 36.708235177136558, 48.080182316513806 ], [ 36.70930829471201, 48.079902372798472 ], [ 36.710466950644928, 48.079707967440598 ], [ 36.711516739577448, 48.079700191226287 ], [ 36.712411004223654, 48.079777953369437 ], [ 36.713118639726311, 48.079770177155119 ], [ 36.713538555299309, 48.079824610655329 ], [ 36.714199533516073, 48.079785729583755 ], [ 36.714323952945115, 48.080073449513399 ], [ 36.714292848087858, 48.080524469943654 ], [ 36.714238414587655, 48.081138790874526 ], [ 36.714339505373744, 48.081838650162865 ], [ 36.714487253445725, 48.081986398234847 ], [ 36.714961602518933, 48.082328551664702 ], [ 36.715086021947975, 48.082476299736683 ], [ 36.715187112734064, 48.082662928880239 ], [ 36.715249322448585, 48.08288843909537 ], [ 36.715241546234267, 48.083067292024609 ], [ 36.715156007876807, 48.083277249811111 ], [ 36.714782749589695, 48.083751598884319 ], [ 36.71474386851812, 48.084093752314175 ], [ 36.714891616590101, 48.084404800886766 ], [ 36.715319308377417, 48.084723625673675 ], [ 36.715824762307889, 48.084902478602913 ], [ 36.716905656097651, 48.084832492674082 ], [ 36.717255585741825, 48.084918031031542 ], [ 36.718445346531993, 48.084669192173465 ], [ 36.719730523987906, 48.083733344986584 ], [ 36.72121580330375, 48.082974573970397 ], [ 36.72130317267527, 48.082634980519352 ], [ 36.721207860633612, 48.081992930524812 ], [ 36.721469968748174, 48.081525980040837 ], [ 36.721803560893967, 48.081244746454189 ], [ 36.722192751730738, 48.080671661934069 ], [ 36.722581942567508, 48.080321440473348 ], [ 36.723328553560492, 48.08009857102968 ], [ 36.725431496988584, 48.082653755672794 ], [ 36.7266840357915, 48.083289707851655 ], [ 36.727387258001073, 48.083170900411567 ], [ 36.728109217774943, 48.082880790900369 ], [ 36.7268073, 48.080638 ], [ 36.727316231768341, 48.078737143095253 ], [ 36.731207682337505, 48.075916936757814 ], [ 36.744291, 48.0771528 ], [ 36.773033547636025, 48.073668719404019 ], [ 36.80027796455262, 48.062144431365525 ], [ 36.816478988229981, 48.064952849402054 ], [ 36.839303142947138, 48.077779575235709 ], [ 36.848281962420096, 48.079652987290508 ], [ 36.868445848292808, 48.083489907375522 ], [ 36.901340511789719, 48.082282281549269 ], [ 36.911905582148677, 48.093521645671615 ], [ 36.912949770351759, 48.093652041391316 ], [ 36.912526157133151, 48.09601987511811 ], [ 36.912055097305817, 48.100633965270696 ], [ 36.912075, 48.100645 ], [ 36.914122, 48.102286 ], [ 36.906320802234653, 48.103487386957958 ], [ 36.905485248303052, 48.103903491026941 ], [ 36.904463780260478, 48.106404892331611 ], [ 36.903331779859393, 48.113539324486787 ], [ 36.915669465223147, 48.114872263825958 ], [ 36.912641334551786, 48.128449318905844 ], [ 36.90681227374894, 48.132731345519495 ], [ 36.904532, 48.134801 ], [ 36.905459070455017, 48.136832828638362 ], [ 36.906123383785406, 48.143923270465955 ], [ 36.90612821581616, 48.143974844371527 ], [ 36.907008, 48.164655 ], [ 36.907028725548209, 48.164660596450368 ], [ 36.916537299880552, 48.167228164928261 ], [ 36.923812781165623, 48.174304466467888 ], [ 36.936282734926266, 48.186166053173089 ], [ 36.93243447098893, 48.192839484586791 ], [ 36.930140503682793, 48.198775508654229 ], [ 36.928715441973971, 48.20988910118794 ], [ 36.930881677405324, 48.220173801507592 ], [ 36.94135129450185, 48.221039869713032 ], [ 36.950648682424237, 48.220578986461994 ], [ 36.954176676347878, 48.235631500981917 ], [ 36.960775358140069, 48.235207489300493 ], [ 36.966755689563513, 48.236470690768023 ], [ 36.967856079548497, 48.238592224381485 ], [ 36.971397674145578, 48.23956049610625 ], [ 36.973258776028402, 48.245786548987887 ], [ 36.981565239766198, 48.249662288250924 ], [ 36.980942163312513, 48.257582093437179 ], [ 36.983492385884254, 48.258640921831784 ], [ 36.9874519, 48.2591455 ], [ 36.988616069148996, 48.262870094762583 ], [ 36.99449249802543, 48.263357896568905 ], [ 37.000397732925776, 48.262298389914683 ], [ 37.0030738, 48.2609053 ], [ 37.00613103955272, 48.261067447210849 ], [ 37.008301215308521, 48.260915608365387 ], [ 37.0117887309151, 48.259731250622835 ], [ 37.012571371442228, 48.258607589521418 ], [ 37.014158185316482, 48.253259553392148 ], [ 37.01983066094391, 48.242966294126965 ], [ 37.020737103190648, 48.24326517241969 ], [ 37.020833821310859, 48.243297062975046 ], [ 37.036511443452149, 48.245390788373385 ], [ 37.045996122203576, 48.252112738264692 ], [ 37.050666020285895, 48.254739205679947 ], [ 37.051110614519452, 48.254859463546531 ], [ 37.050998801623422, 48.256148829631883 ], [ 37.05056692680283, 48.261128977419439 ], [ 37.05105504024025, 48.261500958812341 ], [ 37.05229146683601, 48.261898130283861 ], [ 37.057807315162137, 48.26939008181801 ], [ 37.055612131134033, 48.280116595272979 ], [ 37.060071967039228, 48.280588140306428 ], [ 37.072201053472995, 48.26551503757338 ], [ 37.074546817024384, 48.264927199339049 ], [ 37.07682203295024, 48.264156616577054 ], [ 37.0778199346721, 48.263479025583919 ], [ 37.08619303165446, 48.268264660416534 ], [ 37.08705103559334, 48.268643029332814 ], [ 37.097583033943202, 48.274468129254629 ], [ 37.098559013423689, 48.274817899659737 ], [ 37.109048111576577, 48.280906376336738 ], [ 37.109316237807484, 48.281006298389435 ], [ 37.11788398088261, 48.285014566567902 ], [ 37.118549246478551, 48.285158696288349 ], [ 37.120337680494067, 48.2858441225763 ], [ 37.12378845871536, 48.286568023440651 ], [ 37.125196831252012, 48.29107380724637 ], [ 37.118752174057541, 48.295632584016822 ], [ 37.107106187064893, 48.302567830217058 ], [ 37.105862361520202, 48.303673452923448 ], [ 37.096883990822988, 48.307467316437979 ], [ 37.092011387992734, 48.309512446704261 ], [ 37.089880248968505, 48.310277405445966 ], [ 37.086078026328451, 48.312941172276844 ], [ 37.077180105698709, 48.320089357734112 ], [ 37.079917015250643, 48.322423998806777 ], [ 37.074609069452954, 48.327221626518735 ], [ 37.070947643338698, 48.331671696608886 ], [ 37.074222031738543, 48.332717204800609 ], [ 37.084318990943373, 48.329478611982047 ], [ 37.101004829117528, 48.322702517542403 ], [ 37.113251175303297, 48.316439840815875 ], [ 37.122928873231395, 48.309859549302075 ], [ 37.131061277004108, 48.318727196421349 ], [ 37.12994578363508, 48.324477368781061 ], [ 37.128428504006543, 48.332156028411731 ], [ 37.128927451758315, 48.332169112742228 ], [ 37.13050438327933, 48.324402432657379 ], [ 37.136697973585633, 48.323571562723998 ], [ 37.146421191026668, 48.314995744306273 ], [ 37.171010283512196, 48.315149519634787 ], [ 37.175053369915581, 48.314885291625899 ], [ 37.175174752671076, 48.314719769686604 ], [ 37.170970495412845, 48.31169623559537 ], [ 37.176533996719819, 48.306628842685207 ], [ 37.177097810090352, 48.306683935373542 ], [ 37.186009368115606, 48.304920788409419 ], [ 37.199115669929164, 48.299600071849561 ], [ 37.205324996406041, 48.298602525733862 ], [ 37.205973409639185, 48.30107296605528 ], [ 37.206438684077767, 48.302321387024818 ], [ 37.206275399497493, 48.303675717185889 ], [ 37.206808737968565, 48.304856833522528 ], [ 37.205675518711985, 48.310416896686277 ], [ 37.204565973315241, 48.315213363471713 ], [ 37.203036965634368, 48.322074316799565 ], [ 37.205391366842072, 48.322128300970128 ], [ 37.206850299872869, 48.317064474534376 ], [ 37.208273478665305, 48.308558482089566 ], [ 37.2110561, 48.3052385 ], [ 37.211191052834259, 48.304889829825335 ], [ 37.218489121751865, 48.306692373070227 ], [ 37.224854340780659, 48.307195333963691 ], [ 37.230290158230297, 48.307902721441444 ], [ 37.2404822, 48.3099777 ], [ 37.239931831532616, 48.312771154645304 ], [ 37.239123353295341, 48.313682842870307 ], [ 37.237946759435133, 48.314542926101453 ], [ 37.237678413467016, 48.315065856705985 ], [ 37.247717304940871, 48.317109414463175 ], [ 37.250067, 48.3212615 ], [ 37.247546071119672, 48.327529771429205 ], [ 37.242305659770821, 48.334433439126371 ], [ 37.2165276, 48.3448761 ], [ 37.2155901, 48.3498063 ], [ 37.214150113302907, 48.350541811106886 ], [ 37.226758408617222, 48.363263330987806 ], [ 37.233846822522551, 48.365643193838977 ], [ 37.254682860684589, 48.378966549557639 ], [ 37.260153, 48.3848532 ], [ 37.260216817097287, 48.387845427139588 ], [ 37.260448258545843, 48.39869567301168 ], [ 37.270782710098082, 48.406123176196573 ], [ 37.270579646541755, 48.407238774060659 ], [ 37.26230836459623, 48.409260269921099 ], [ 37.2565519, 48.4133443 ], [ 37.252089500000018, 48.4137828 ], [ 37.2513579, 48.417267099999989 ], [ 37.254148, 48.421173 ], [ 37.2567247, 48.4217504 ], [ 37.256892909583712, 48.423457737808022 ], [ 37.2586363, 48.4356988 ], [ 37.270505048198395, 48.446937540533575 ], [ 37.2745692, 48.4520455 ], [ 37.287478678652597, 48.459980585846274 ], [ 37.293527296339548, 48.462211540054028 ], [ 37.303399292291189, 48.464754073895399 ], [ 37.312366179497147, 48.464724639028226 ], [ 37.320801992133362, 48.462735639240144 ], [ 37.32681260630693, 48.458987883824811 ], [ 37.340297350942528, 48.45965965619353 ], [ 37.344816306385908, 48.461655156793313 ], [ 37.3514275, 48.4639111 ], [ 37.3600317, 48.471961899999989 ], [ 37.365910696263548, 48.471982786661947 ], [ 37.376950760624176, 48.480591195677448 ], [ 37.3784165260385, 48.487129564695408 ], [ 37.384332090864355, 48.49154568076694 ], [ 37.389713611643415, 48.490832376100713 ], [ 37.39558789748007, 48.485473493144703 ], [ 37.399845500650031, 48.485054268435213 ], [ 37.411069980538926, 48.484074788076349 ], [ 37.418900740808581, 48.483093072596013 ], [ 37.436447972226681, 48.481450572593459 ], [ 37.443320868377285, 48.480318143148274 ], [ 37.450316224446077, 48.475989525028361 ], [ 37.455359837523297, 48.4721826599854 ], [ 37.457910630343967, 48.47160293434434 ], [ 37.459901021711602, 48.469535246224559 ], [ 37.461176418121937, 48.467003777591927 ], [ 37.463398699746001, 48.466192161694444 ], [ 37.470239462310516, 48.465573787677293 ], [ 37.471476210344775, 48.461438411437761 ], [ 37.473517578194517, 48.460435634248412 ], [ 37.473470006372949, 48.459689131842239 ], [ 37.494757638624314, 48.441286909056032 ], [ 37.517983280214921, 48.439247508391198 ], [ 37.524939949800149, 48.445573987688384 ], [ 37.528632618602863, 48.444394603210519 ], [ 37.530412611524902, 48.444069624488762 ], [ 37.533564342111646, 48.444264611971342 ], [ 37.54003110538806, 48.443907134348123 ], [ 37.555495814536442, 48.442428450179186 ], [ 37.563693580104029, 48.443100092280432 ], [ 37.574034685772695, 48.442645109891892 ], [ 37.586908230758588, 48.443110086661889 ], [ 37.587557853660073, 48.443285052872341 ], [ 37.598458259239848, 48.442918948195974 ], [ 37.599628310703039, 48.442796305574198 ], [ 37.609807407647764, 48.443385738233879 ], [ 37.610836034470161, 48.442309544853217 ], [ 37.612330308984276, 48.441954212880923 ], [ 37.615880207939256, 48.43479512292042 ], [ 37.620842, 48.423717 ], [ 37.621205055983545, 48.423613773401556 ], [ 37.624489175086055, 48.423936849321422 ], [ 37.626890377746427, 48.424018986939721 ], [ 37.632534441731615, 48.422847144356844 ], [ 37.633499873729086, 48.422682865200052 ], [ 37.634919141280925, 48.423383785902246 ], [ 37.637724670162449, 48.423438544925055 ], [ 37.650349550129334, 48.424654180038942 ], [ 37.64239963362963, 48.440648129431466 ], [ 37.639228432383085, 48.450985208705724 ], [ 37.639113941381659, 48.452428321106943 ], [ 37.639319769040625, 48.454843204295315 ], [ 37.670141874519999, 48.465859438568422 ], [ 37.681026434257035, 48.471943790222447 ], [ 37.687821515892772, 48.476858639616786 ], [ 37.689264252017402, 48.477046756400227 ], [ 37.693175805894718, 48.476067384033371 ], [ 37.69493867615504, 48.476435390619713 ], [ 37.695461008084031, 48.475598472415307 ], [ 37.695555977525672, 48.471301105181347 ], [ 37.694167049441766, 48.469775658525108 ], [ 37.693590801921516, 48.469332946165366 ], [ 37.692476862265899, 48.469178875197862 ], [ 37.6885015, 48.4695518 ], [ 37.681577662835117, 48.467615103727937 ], [ 37.678306425028389, 48.457425257275816 ], [ 37.686159441223779, 48.448205182137734 ], [ 37.698781459351551, 48.447007329591365 ], [ 37.714391416159934, 48.445929128139689 ], [ 37.755375348965018, 48.438954874594302 ], [ 37.765858617030602, 48.434559902092865 ], [ 37.770673732924898, 48.432544149756076 ], [ 37.776773723994587, 48.433816412414082 ], [ 37.777572033351241, 48.43374861749988 ], [ 37.7787314, 48.4332167 ], [ 37.783860723422123, 48.433221715321309 ], [ 37.785150791633257, 48.434327086085489 ], [ 37.786013323008589, 48.435440267604079 ], [ 37.78635980997133, 48.436140613592599 ], [ 37.788102508988139, 48.438648410404184 ], [ 37.788992186210194, 48.44120473226652 ], [ 37.788645620877752, 48.44241994240771 ], [ 37.789173720431933, 48.443022062787222 ], [ 37.789058198654459, 48.449425992386651 ], [ 37.791995752424533, 48.452633127131463 ], [ 37.795540408979427, 48.459126679434661 ], [ 37.798345450630663, 48.46051964427101 ], [ 37.806342867738195, 48.463479621861289 ], [ 37.809552433568193, 48.466002158908481 ], [ 37.816916530136105, 48.47260361859378 ], [ 37.801052419177068, 48.479273480918749 ], [ 37.79816169879021, 48.480609198012679 ], [ 37.790155655540488, 48.48496679837298 ], [ 37.787808151981075, 48.486194683132922 ], [ 37.786566228883245, 48.489072684703039 ], [ 37.7837434, 48.496752 ], [ 37.7878485, 48.5045855 ], [ 37.814505164483258, 48.507080964188802 ], [ 37.815510622807281, 48.507436406228429 ], [ 37.818934805061268, 48.507697491186512 ], [ 37.823073173454105, 48.507731614943111 ], [ 37.831198110897716, 48.510932691218947 ], [ 37.838334425414033, 48.519177826616946 ], [ 37.82709580677686, 48.521899610966592 ], [ 37.823065311832742, 48.52416304625487 ], [ 37.825851951660738, 48.526713780065684 ], [ 37.828426732070085, 48.529055452783645 ], [ 37.828246898773827, 48.532711520385988 ], [ 37.826820367319286, 48.538614472165932 ], [ 37.825243284702843, 48.542986441064244 ], [ 37.805886176341801, 48.537641311357973 ], [ 37.804985988094799, 48.539605820171303 ], [ 37.824030560135405, 48.546348084264672 ], [ 37.8361527, 48.5524221 ], [ 37.828644924208795, 48.561907609426918 ], [ 37.836872647404476, 48.566599922513326 ], [ 37.834227078546199, 48.568401561942061 ], [ 37.833900909261047, 48.570245371768472 ], [ 37.83311810297667, 48.572792062067897 ], [ 37.837498090520185, 48.575720905633965 ], [ 37.837479452275332, 48.576257328071861 ], [ 37.837097368255563, 48.578088520410176 ], [ 37.8344, 48.578295 ], [ 37.832281, 48.580757 ], [ 37.82695965611051, 48.583772510798632 ], [ 37.82426139745094, 48.58552469243655 ], [ 37.825103056115395, 48.585901321678861 ], [ 37.826637845444701, 48.585704819815668 ], [ 37.826761618777709, 48.586474447749175 ], [ 37.824310906784142, 48.588259284442756 ], [ 37.822677098788432, 48.588652267540354 ], [ 37.820338456510157, 48.588790215748396 ], [ 37.818144, 48.590592 ], [ 37.817543, 48.593017 ], [ 37.7844991, 48.5890699 ], [ 37.783306635134657, 48.595641263349115 ], [ 37.785387148692067, 48.595706309966381 ], [ 37.786579442708415, 48.59689289966726 ], [ 37.773741509863846, 48.600492686447424 ], [ 37.767919776265472, 48.60082504262288 ], [ 37.767127626934212, 48.6020527992533 ], [ 37.760868323398292, 48.606156225163502 ], [ 37.75850987864947, 48.615168684554945 ], [ 37.763488690943753, 48.61959827237493 ], [ 37.76532053627227, 48.619835552750096 ], [ 37.7764591, 48.619809 ], [ 37.783721269757898, 48.622150794707089 ], [ 37.786918995646445, 48.626771660443794 ], [ 37.784480648221979, 48.63261431675275 ], [ 37.790088911943904, 48.636394654714074 ], [ 37.801366212498984, 48.641995110274607 ], [ 37.803950515259793, 48.654257547165393 ], [ 37.80625079230181, 48.654489950818984 ], [ 37.806142543970424, 48.65575921340853 ], [ 37.810736325344003, 48.658663650526307 ], [ 37.817271825541383, 48.664173973604669 ], [ 37.819551061748378, 48.671609505880483 ], [ 37.819641932165666, 48.671636795346224 ], [ 37.825471096199983, 48.672432980097845 ], [ 37.833330020249804, 48.673828489975854 ], [ 37.835345302802068, 48.676759573346544 ], [ 37.835392491204232, 48.677254216888421 ], [ 37.835510462209726, 48.677667065259875 ], [ 37.835345302802047, 48.677955278155196 ], [ 37.835699215818515, 48.679419685769659 ], [ 37.838318172140305, 48.679224953168713 ], [ 37.839497882195175, 48.678944536900822 ], [ 37.843718305953452, 48.678334823956888 ], [ 37.851737355269421, 48.67429112403746 ], [ 37.864947286825029, 48.678303504469412 ], [ 37.86319102057427, 48.683226808221526 ], [ 37.858397277447196, 48.685026261347311 ], [ 37.851343421194194, 48.687761430098462 ], [ 37.849377561165802, 48.692623370660876 ], [ 37.8477652, 48.702131799999989 ], [ 37.849486558969915, 48.701716768426927 ], [ 37.850645244770362, 48.700893931037676 ], [ 37.851266723982334, 48.700185897711947 ], [ 37.8539978, 48.6921265 ], [ 37.8591231, 48.6886523 ], [ 37.864821526412449, 48.692500019900322 ], [ 37.877982071605125, 48.689536264217359 ], [ 37.88052318939048, 48.690946611621385 ], [ 37.882224384222276, 48.69141828218762 ], [ 37.895104404873017, 48.690922663826143 ], [ 37.89028656900804, 48.701351274310106 ], [ 37.885517617371164, 48.704808868327035 ], [ 37.881048661729196, 48.70744282714886 ], [ 37.878528517414914, 48.709031015330311 ], [ 37.869072474233299, 48.714698690493677 ], [ 37.865720164042592, 48.717189791274038 ], [ 37.849790251970148, 48.72565112349146 ], [ 37.849943917124186, 48.726370674960748 ], [ 37.850500206099341, 48.726602188150899 ], [ 37.8530766996331, 48.726563117074953 ], [ 37.85778692973237, 48.726455355221866 ], [ 37.859990351203116, 48.726603028859252 ], [ 37.866611617117194, 48.727007555349019 ], [ 37.869683744773099, 48.726093902116602 ], [ 37.870834687335723, 48.725973816622343 ], [ 37.871687976733362, 48.725717960624465 ], [ 37.876823227471938, 48.722094899978387 ], [ 37.882638248306897, 48.717813670087665 ], [ 37.891352418761002, 48.712790421549975 ], [ 37.897247872781122, 48.712114781844122 ], [ 37.906866771445522, 48.709023102601186 ], [ 37.914049916738442, 48.714940123889711 ], [ 37.932273672637656, 48.713188674639213 ], [ 37.939421179393854, 48.712567188171739 ], [ 37.97201708479983, 48.714091873163262 ], [ 37.9783755889503, 48.717296361432489 ], [ 37.985440726273175, 48.722221642396022 ], [ 37.991058317746464, 48.726736290222071 ], [ 37.991404829064983, 48.727049660319331 ], [ 37.99175134038353, 48.727410955184347 ], [ 37.991706629245662, 48.727654274753135 ], [ 37.992142562839959, 48.728067177993921 ], [ 37.992354940744875, 48.728163030047064 ], [ 37.99256731864979, 48.72839159959036 ], [ 37.992444363020624, 48.728590675442852 ], [ 37.992723807632352, 48.728760257954811 ], [ 37.992802052123636, 48.728988824783428 ], [ 37.993059141166427, 48.729121540529725 ], [ 37.993137385657697, 48.729261628993044 ], [ 37.993472719191764, 48.729423836199814 ], [ 37.993506252545188, 48.729586042883341 ], [ 37.993483896976237, 48.729740876047678 ], [ 37.993774519372444, 48.729984184342648 ], [ 37.993796874941374, 48.730242237308389 ], [ 37.994042786199692, 48.730352831031141 ], [ 37.99421045296674, 48.73059613636498 ], [ 37.994143386259921, 48.730824694848557 ], [ 37.994154564044386, 48.730986897013082 ], [ 37.994288697458025, 48.731053252293201 ], [ 37.994366941949302, 48.731370281867356 ], [ 37.994299875242476, 48.731510364065677 ], [ 37.994378119733774, 48.731827390757637 ], [ 37.994445186440586, 48.732173906018126 ], [ 37.994501075362926, 48.732328731213684 ], [ 37.994501075362926, 48.732490928526239 ], [ 37.994892297819355, 48.732800576488152 ], [ 37.99522763135343, 48.732992262366025 ], [ 37.995361764767054, 48.733405121774652 ], [ 37.995596498240907, 48.73380323299358 ], [ 37.995674742732177, 48.734142362286164 ], [ 37.995540609318553, 48.734370904649595 ], [ 37.993810581960879, 48.734825043262461 ], [ 37.996519519488729, 48.738241925831538 ], [ 37.992228201916106, 48.738984452161297 ], [ 37.98335556568896, 48.740834159635277 ], [ 37.982902892717441, 48.741516151369538 ], [ 37.983066430462557, 48.743846153008654 ], [ 37.981951573021476, 48.743866689377747 ], [ 37.981130161788663, 48.744000141704838 ], [ 37.979927806216004, 48.743929490516997 ], [ 37.975213620010322, 48.744376946362607 ], [ 37.971707741632599, 48.743988366513769 ], [ 37.968517332786313, 48.743803888160052 ], [ 37.967463783596422, 48.743796038002323 ], [ 37.966511422746784, 48.743529131909845 ], [ 37.966002504917761, 48.743529131909845 ], [ 37.965529300620602, 48.743607633848896 ], [ 37.964857271020556, 48.743424954420156 ], [ 37.957422328888086, 48.741380093705914 ], [ 37.942208364315199, 48.739276106102906 ], [ 37.933208554286161, 48.740281006691021 ], [ 37.925315863744828, 48.740807001332513 ], [ 37.918185061883221, 48.74164701121105 ], [ 37.892332130152461, 48.738285267347024 ], [ 37.887867688770712, 48.740350904404281 ], [ 37.888354105221353, 48.745424514217795 ], [ 37.878650464816765, 48.751181641036439 ], [ 37.868282546567457, 48.754929255910227 ], [ 37.852475375733995, 48.751073783419542 ], [ 37.847029269137415, 48.750368809423904 ], [ 37.833353669542063, 48.750938626073705 ], [ 37.834149038615756, 48.751757737507802 ], [ 37.847421018084162, 48.758215659538948 ], [ 37.851122092523859, 48.758161957587788 ], [ 37.851492832894237, 48.755865165858495 ], [ 37.859672076054991, 48.755793938777259 ], [ 37.864731580698994, 48.755207080901876 ], [ 37.868931596614345, 48.755746454056457 ], [ 37.884062351978052, 48.755433854540499 ], [ 37.893369520753936, 48.768525043853614 ], [ 37.894326368734824, 48.771564222797366 ], [ 37.892807644614244, 48.772775546821116 ], [ 37.890441766476833, 48.773427246329277 ], [ 37.888484534562856, 48.773481478246893 ], [ 37.872017652910323, 48.780387819354821 ], [ 37.870809832696331, 48.781544754380441 ], [ 37.870709572558134, 48.782266698406126 ], [ 37.871074249504808, 48.782591736554245 ], [ 37.871978014111768, 48.782631375352793 ], [ 37.878407427236745, 48.782219131847881 ], [ 37.883068949946335, 48.781156812046717 ], [ 37.886357396937171, 48.779719100320378 ], [ 37.89243956192378, 48.777827152968435 ], [ 37.893438459647271, 48.776907532842053 ], [ 37.895880209638008, 48.773974261749281 ], [ 37.897418195021785, 48.772436276365504 ], [ 37.902669368621588, 48.770890071944983 ], [ 37.912205169541252, 48.770561291333323 ], [ 37.926103202620666, 48.767683246474228 ], [ 37.927458373776822, 48.767087768321701 ], [ 37.93896227114702, 48.763544527311396 ], [ 37.951811957909619, 48.76556370095301 ], [ 37.963495261068253, 48.767160105004983 ], [ 37.966440984764645, 48.769023763089741 ], [ 37.970525442865593, 48.770032634035537 ], [ 37.977372052488043, 48.771443094386939 ], [ 37.990765037615198, 48.780703797915635 ], [ 37.999292034641421, 48.784019703553398 ], [ 38.007735159565762, 48.78471048965374 ], [ 38.011998996493112, 48.809404273670552 ], [ 38.021767613427443, 48.824731660370574 ], [ 38.030509449810857, 48.818548241077941 ], [ 38.0414405, 48.8265749 ], [ 38.045104433807815, 48.827305041863603 ], [ 38.050196999834291, 48.829719670094839 ], [ 38.050553192531353, 48.83068948482353 ], [ 38.0484486, 48.833095 ], [ 38.044991449748032, 48.83281697251595 ], [ 38.042353579855742, 48.829911945402785 ], [ 38.037756051157118, 48.830567549528212 ], [ 38.033990090703647, 48.829722129834579 ], [ 38.024690474073644, 48.830144839681395 ], [ 38.024661652947721, 48.831220828382385 ], [ 38.019311252532098, 48.831667869116494 ], [ 38.006022686473479, 48.834342209316361 ], [ 38.003869582915215, 48.835033833023004 ], [ 37.999937434528725, 48.839019659398588 ], [ 38.000108006706967, 48.839625895731309 ], [ 38.009013486774286, 48.842175032733252 ], [ 38.008784677610819, 48.843389768872761 ], [ 38.009154432069465, 48.84431290943796 ], [ 38.009758483334465, 48.84503729324085 ], [ 38.009932987033253, 48.846185685113802 ], [ 38.016468588666889, 48.863744186167139 ], [ 38.008741952086055, 48.881360345117976 ], [ 38.00393930750166, 48.882100017831263 ], [ 38.003005665643428, 48.884093165231427 ], [ 38.003425127927557, 48.888764293196388 ], [ 38.006424934156989, 48.892810204853063 ], [ 38.020444161521525, 48.897663130668626 ], [ 38.019649244092015, 48.899886736095148 ], [ 37.994465647195483, 48.897842891628422 ], [ 37.976461212724885, 48.894227900871378 ], [ 37.973813659576599, 48.884102011625586 ], [ 37.971591754666207, 48.880215977314606 ], [ 37.960303421615045, 48.883112910987826 ], [ 37.958705009161385, 48.884018992362577 ], [ 37.962899344895099, 48.885802770582771 ], [ 37.96565259685881, 48.886544180804506 ], [ 37.966753897644288, 48.887595929935955 ], [ 37.9676182, 48.8892594 ], [ 37.962175799980386, 48.895939295609445 ], [ 37.954607705761966, 48.897241586008199 ], [ 37.952855361798647, 48.89775915354015 ], [ 37.948904426489044, 48.900211145572285 ], [ 37.947836055885844, 48.901063431766332 ], [ 37.948019319176936, 48.902466029271892 ], [ 37.947796785180607, 48.903834169281978 ], [ 37.947548070714134, 48.904531131868175 ], [ 37.9423002, 48.9053574 ], [ 37.936853348655696, 48.901777642776707 ], [ 37.935531181290436, 48.902225118250612 ], [ 37.934208557206233, 48.900902651024957 ], [ 37.933946289246869, 48.900120534719584 ], [ 37.933457583042888, 48.899605013255176 ], [ 37.93231103708375, 48.898709905187282 ], [ 37.931833243503419, 48.898916434807198 ], [ 37.931486352273872, 48.899557531733173 ], [ 37.931276908512629, 48.900564338496402 ], [ 37.931695796035129, 48.903154406285502 ], [ 37.9370505, 48.9087543 ], [ 37.941307728750957, 48.919424452960392 ], [ 37.9548639, 48.9296861 ], [ 37.9661973, 48.9378116 ], [ 37.9653286, 48.9419142 ], [ 37.954322412387583, 48.945751203843685 ], [ 37.95364434119606, 48.945638708369081 ], [ 37.953245553604425, 48.945220203069972 ], [ 37.953966717255426, 48.944437134844073 ], [ 37.954418043738571, 48.942880868863583 ], [ 37.952032460899169, 48.941970377829314 ], [ 37.950968619903215, 48.94130337967011 ], [ 37.950162679754769, 48.940128170748565 ], [ 37.948663631078638, 48.939768191308517 ], [ 37.946261929436247, 48.940212871415987 ], [ 37.945584939711551, 48.941165744019841 ], [ 37.943102644054321, 48.941462189564149 ], [ 37.942538485950408, 48.940466972555754 ], [ 37.939008468100205, 48.940594022640532 ], [ 37.935043242569819, 48.941229268213277 ], [ 37.934785341722318, 48.940054057546682 ], [ 37.936381103216242, 48.939757603638633 ], [ 37.93518831179653, 48.938105899631772 ], [ 37.93441460925402, 48.935469412682814 ], [ 37.934833698131222, 48.935215286101077 ], [ 37.935333381023248, 48.934008167171072 ], [ 37.935204430599505, 48.932493932856332 ], [ 37.936187677580619, 48.932292737427879 ], [ 37.936719598078582, 48.932652770779761 ], [ 37.938121933936898, 48.932398629859712 ], [ 37.937880151892365, 48.931413821575184 ], [ 37.937557775832971, 48.931101432093335 ], [ 37.936058727156848, 48.931344990162316 ], [ 37.934856374680024, 48.931342286585711 ], [ 37.934728925911905, 48.930868462393839 ], [ 37.935446212644024, 48.930640786409953 ], [ 37.93539785623512, 48.930090123924238 ], [ 37.935994251944976, 48.929708892491817 ], [ 37.936816310896404, 48.928935830929156 ], [ 37.936010370747944, 48.928205117900873 ], [ 37.935628, 48.9273212 ], [ 37.930705, 48.9150088 ], [ 37.919875485096853, 48.912570119874111 ], [ 37.914488446680672, 48.914709424371573 ], [ 37.912216188770522, 48.913971164936264 ], [ 37.890897813995608, 48.925228435915294 ], [ 37.881591768959126, 48.930172612464524 ], [ 37.880813073832606, 48.936265143905018 ], [ 37.881349224575452, 48.936231601376548 ], [ 37.882038561244819, 48.936198058825539 ], [ 37.882408760567252, 48.93644124180971 ], [ 37.882983207791739, 48.936340614511671 ], [ 37.883085331742748, 48.936080659719515 ], [ 37.88337893810192, 48.936021960062959 ], [ 37.883685309954977, 48.936164516251992 ], [ 37.884221460697816, 48.935904560542795 ], [ 37.88464272199576, 48.935309173011241 ], [ 37.885000155824336, 48.935099527823802 ], [ 37.885255465701881, 48.935233700845174 ], [ 37.885549072061039, 48.93555236032568 ], [ 37.885178872738614, 48.935845860679166 ], [ 37.885000155824336, 48.936583796801365 ], [ 37.8856256650243, 48.936617339093182 ], [ 37.886072457310014, 48.936776664671477 ], [ 37.886634139040609, 48.93734687836389 ], [ 37.886685201016128, 48.937757763604289 ], [ 37.886493718607966, 48.937858388045555 ], [ 37.88626393971817, 48.938034480329669 ], [ 37.886710732003877, 48.938076406972428 ], [ 37.887004338363049, 48.938302810234731 ], [ 37.887208586265089, 48.938914932431949 ], [ 37.887144758795699, 48.939216798148991 ], [ 37.886621373546738, 48.939619282931865 ], [ 37.886187346754902, 48.939912759373314 ], [ 37.885663961505941, 48.93989598933743 ], [ 37.884744845946791, 48.93978698396684 ], [ 37.883915088844773, 48.939845679195969 ], [ 37.883404469089683, 48.940021764469201 ], [ 37.883047035261121, 48.940021764469201 ], [ 37.882485353530527, 48.940097229396137 ], [ 37.882089623220331, 48.940256543867179 ], [ 37.881553472477492, 48.940105614380983 ], [ 37.880736480869352, 48.940088844409885 ], [ 37.880340750559157, 48.940189464151885 ], [ 37.879028083721863, 48.951454164290602 ], [ 37.882979314201663, 48.959964506862477 ], [ 37.9234794266196, 48.965190600168008 ], [ 37.9247142, 48.9659619 ], [ 37.925373399988267, 48.966021141087481 ], [ 37.925373402163473, 48.966021143504356 ], [ 37.9322231, 48.9662884 ], [ 37.9669839, 48.9697606 ], [ 37.967957278278888, 48.977499480111945 ], [ 37.96858382703784, 48.978317466984812 ], [ 37.974335189444687, 48.97764379125222 ], [ 37.974372934974845, 48.977584952354654 ], [ 37.97555033356214, 48.977005356074478 ], [ 37.977744576383898, 48.97574075897947 ], [ 37.979247043311375, 48.976245876597986 ], [ 37.984121053240351, 48.975610959517361 ], [ 37.98443434108443, 48.975512425529224 ], [ 37.986173679906564, 48.975284091033103 ], [ 37.987966536846301, 48.975670502644626 ], [ 37.988689031433964, 48.976478444517028 ], [ 37.988635513316353, 48.977409317829924 ], [ 37.987645428140681, 48.978410426331308 ], [ 37.983524533085159, 48.980746267975945 ], [ 37.982427411674273, 48.980921890742508 ], [ 37.981706191955091, 48.981601781050799 ], [ 37.978593472587121, 48.985804774601128 ], [ 37.977588830799938, 48.987729145952194 ], [ 37.9806398, 48.9899033 ], [ 37.974103285452856, 48.997560707546675 ], [ 37.973224897184934, 48.998244219177387 ], [ 37.9721801973376, 48.999057144989735 ], [ 37.970856397146619, 49.000577009940272 ], [ 37.969582607624339, 49.002253900911469 ], [ 37.968307187319404, 49.003728087959068 ], [ 37.961792659290523, 49.005771218998127 ], [ 37.960754347016689, 49.007744065342777 ], [ 37.958588212790254, 49.008131579547225 ], [ 37.956762215343154, 49.008683488510741 ], [ 37.956235386907359, 49.009075130913033 ], [ 37.954629220118868, 49.0090301371769 ], [ 37.953532984606333, 49.009036336011029 ], [ 37.952710807971933, 49.008974347635025 ], [ 37.951255460825976, 49.008837972936149 ], [ 37.949875716129164, 49.008862768363734 ], [ 37.948514872044633, 49.008404050954717 ], [ 37.94736193469523, 49.008577620201081 ], [ 37.945736482038726, 49.0084164487781 ], [ 37.942013061418564, 49.011912511791216 ], [ 37.941749869703045, 49.012790291290386 ], [ 37.939924662551512, 49.014182737883175 ], [ 37.939535796800996, 49.019480165550966 ], [ 37.940807887224821, 49.019685561418825 ], [ 37.941662824036591, 49.020465764234977 ], [ 37.941168407623785, 49.020900852078775 ], [ 37.9402675, 49.0234157 ], [ 37.949015781285567, 49.024936076332601 ], [ 37.949751937622317, 49.024739767976136 ], [ 37.95004898943472, 49.024815315167032 ], [ 37.94897487328938, 49.028289900517841 ], [ 37.946862444870185, 49.031905089865788 ], [ 37.94670323169413, 49.033391539716959 ], [ 37.94584499553509, 49.035342111608294 ], [ 37.945256489987621, 49.037692048839162 ], [ 37.93698000755996, 49.035472028212709 ], [ 37.928709830024914, 49.034950698969809 ], [ 37.924606662688454, 49.040677097340478 ], [ 37.927718979934703, 49.043121637706314 ], [ 37.928203203958553, 49.043458028635833 ], [ 37.928587726373429, 49.0435500466169 ], [ 37.932333529044797, 49.045581694454143 ], [ 37.932478612951073, 49.045901563359074 ], [ 37.932953433008016, 49.045996659123205 ], [ 37.934602113761251, 49.046869802638504 ], [ 37.934588924315236, 49.04765648317079 ], [ 37.934509787639065, 49.047898536215236 ], [ 37.935914463640842, 49.048071430525539 ], [ 37.936970388406664, 49.048127798997676 ], [ 37.937371897426708, 49.048149232769042 ], [ 37.937939043605809, 49.048322126207651 ], [ 37.938281969202492, 49.049368118690083 ], [ 37.93817539959467, 49.050080547966743 ], [ 37.939271177654454, 49.050578330466891 ], [ 37.940392280566641, 49.05126986682766 ], [ 37.940616501149094, 49.051598343229422 ], [ 37.940339522782551, 49.052384948948962 ], [ 37.940392280566641, 49.052886295550721 ], [ 37.940933047853719, 49.053698812064923 ], [ 37.940959426745771, 49.054234719944418 ], [ 37.94057693281102, 49.0545026717177 ], [ 37.940510985580879, 49.054917561936477 ], [ 37.940102112754076, 49.055133649220664 ], [ 37.940194438876254, 49.055980702316646 ], [ 37.940352712228574, 49.056421509952209 ], [ 37.940168059984217, 49.057061106237164 ], [ 37.939785566049451, 49.057882197511404 ], [ 37.940497796134849, 49.060509598441627 ], [ 37.941487004586797, 49.062108442212953 ], [ 37.942014582427838, 49.063499826554626 ], [ 37.94196182464372, 49.063854148020795 ], [ 37.939745997711363, 49.065254125200141 ], [ 37.939020578179949, 49.065426959153768 ], [ 37.938123695850187, 49.065530659237417 ], [ 37.939363503776619, 49.067742876135071 ], [ 37.93316446414444, 49.069609357534532 ], [ 37.930605711615399, 49.069643921343655 ], [ 37.898351259162489, 49.071428089088499 ], [ 37.876395684959547, 49.068393790696248 ], [ 37.866024304985075, 49.061284064683761 ], [ 37.847830598292894, 49.062523573283777 ], [ 37.840330548290801, 49.070222861571963 ], [ 37.841464840649039, 49.072244778997714 ], [ 37.841412082864949, 49.073264347173385 ], [ 37.840251411614673, 49.07703138368533 ], [ 37.837760670440836, 49.077481998687908 ], [ 37.833861509121974, 49.075793203634028 ], [ 37.823570313038239, 49.070163405498107 ], [ 37.821398001077107, 49.069953166076843 ], [ 37.788913158077108, 49.070889493542822 ], [ 37.780469717133435, 49.070658738922958 ], [ 37.765742246974867, 49.068405172799508 ], [ 37.764141713322047, 49.068416891395088 ], [ 37.744816660986281, 49.063555256358349 ], [ 37.741570904124139, 49.061273756176739 ], [ 37.741126425963131, 49.061536071157001 ], [ 37.739857665913242, 49.063609410750722 ], [ 37.738233034142041, 49.063176175611737 ], [ 37.735937378566014, 49.064298496115569 ], [ 37.73324656910868, 49.063653656925752 ], [ 37.731135970555528, 49.063872010141495 ], [ 37.729730358524719, 49.06432956439609 ], [ 37.714547406488656, 49.068627019992682 ], [ 37.714251182130326, 49.070106802664512 ], [ 37.714732028744997, 49.072437892166455 ], [ 37.713504230720638, 49.072722486188447 ], [ 37.712045774621181, 49.073197589311761 ], [ 37.712819198310292, 49.074954365977021 ], [ 37.712896540679203, 49.076578555724147 ], [ 37.71423345877038, 49.078291136750032 ], [ 37.715415692123727, 49.078965120250544 ], [ 37.716598415619124, 49.079883731326767 ], [ 37.717505856901965, 49.08194386829323 ], [ 37.719296214027572, 49.084935971982617 ], [ 37.723773438905859, 49.087139016991173 ], [ 37.72392850809576, 49.087473434126146 ], [ 37.72172612034327, 49.088324808550965 ], [ 37.721545717867379, 49.088394546522387 ], [ 37.721415605253235, 49.088444844001522 ], [ 37.7069264, 49.0892393 ], [ 37.682081728417963, 49.094420050169802 ], [ 37.68209249985464, 49.095206365047552 ], [ 37.682469500138495, 49.096983652100015 ], [ 37.705994201028481, 49.101007471970462 ], [ 37.706070440641561, 49.101017379121437 ], [ 37.714108, 49.102253 ], [ 37.715115, 49.1071085 ], [ 37.712386214485818, 49.107871598065806 ], [ 37.703824, 49.110266 ], [ 37.696718402921242, 49.105596245179804 ], [ 37.687831672171143, 49.105014456847286 ], [ 37.679537390137703, 49.106117424768684 ], [ 37.678503341231277, 49.106641469326995 ], [ 37.678598777040747, 49.108976683956733 ], [ 37.678913319031786, 49.116672420085294 ], [ 37.684690997963671, 49.123415181455151 ], [ 37.6886444, 49.1282404 ], [ 37.7003972, 49.1302842 ], [ 37.703465196651401, 49.129152729909983 ], [ 37.706949034177221, 49.12717931030042 ], [ 37.72171019949716, 49.132221627764849 ], [ 37.724756908129123, 49.13316119616124 ], [ 37.733589222324809, 49.132121268813407 ], [ 37.737265006448993, 49.13135904226052 ], [ 37.740370901561676, 49.130169398949008 ], [ 37.747494514205442, 49.129499779360494 ], [ 37.75201088462159, 49.130725040735229 ], [ 37.753506843276782, 49.136936830960586 ], [ 37.74767972813418, 49.138632250769795 ], [ 37.745681, 49.142893 ], [ 37.746845425845912, 49.144524058988239 ], [ 37.754105226738858, 49.149973042098672 ], [ 37.766984718398788, 49.153506353969981 ], [ 37.762938506417129, 49.167953040411533 ], [ 37.761285828283775, 49.168822121154072 ], [ 37.750657398219275, 49.175717778193246 ], [ 37.751056320527326, 49.178025828689833 ], [ 37.753682405930952, 49.181478280422766 ], [ 37.77610294258281, 49.182798649161157 ], [ 37.79548479015795, 49.183309487324884 ], [ 37.798835835863862, 49.182169860445143 ], [ 37.806646915288759, 49.18124681835971 ], [ 37.812532942456698, 49.184619542967411 ], [ 37.813254667783184, 49.185117039890521 ], [ 37.841637028151347, 49.190235882472557 ], [ 37.862889870445549, 49.190922221477592 ], [ 37.885606076153202, 49.196092825317066 ], [ 37.889433037562746, 49.197635954917686 ], [ 37.890050289403, 49.203330103143976 ], [ 37.881904713541843, 49.207254102462571 ], [ 37.88128733352616, 49.209532787895448 ], [ 37.8834742, 49.2135813 ], [ 37.883618862001583, 49.215082215212078 ], [ 37.884167837204032, 49.220209962153916 ], [ 37.882500671970369, 49.220637251862833 ], [ 37.880576338496546, 49.22059485788089 ], [ 37.878430523510346, 49.221299847343204 ], [ 37.876942977187781, 49.226291982666631 ], [ 37.878908893686535, 49.226639075761355 ], [ 37.888352846842331, 49.22640760632126 ], [ 37.920064914177374, 49.230419928537614 ], [ 37.920586848274624, 49.232287063557663 ], [ 37.917977177788337, 49.241962434364261 ], [ 37.918317569590904, 49.242214294661757 ], [ 37.921176860732395, 49.242732826523643 ], [ 37.948589747231701, 49.236247082637064 ], [ 37.954964422478071, 49.239198695527769 ], [ 37.949540323737899, 49.241644573088053 ], [ 37.950750788715339, 49.248729353903514 ], [ 37.964413626879576, 49.246409825160825 ], [ 37.975177054115441, 49.246287744700687 ], [ 37.983933762730636, 49.251424832079913 ], [ 37.976286293566503, 49.255142632187592 ], [ 37.978351337168682, 49.255468481798566 ], [ 37.979508669297381, 49.255661028284855 ], [ 37.979996564214389, 49.255853574020051 ], [ 37.980904275687884, 49.256779264184033 ], [ 37.98334375027288, 49.25742353429164 ], [ 37.98620304141437, 49.256164607851794 ], [ 37.988007117967939, 49.255720273206464 ], [ 37.988415588130998, 49.256038713441725 ], [ 37.989686384193881, 49.255838762836326 ], [ 37.993646275496971, 49.253816994548693 ], [ 37.994406483856018, 49.253313391030751 ], [ 37.995302848936078, 49.253224519288381 ], [ 37.99576805106625, 49.252935685020631 ], [ 37.995779397459671, 49.252720909725973 ], [ 37.995711319099158, 49.252446884717493 ], [ 37.995960939754369, 49.252209888888906 ], [ 37.997152311063331, 49.251898830137186 ], [ 37.997702611144128, 49.251802549650129 ], [ 37.998058662648496, 49.251923328976105 ], [ 37.998428780322911, 49.251965485748983 ], [ 37.999160622698419, 49.251828471338186 ], [ 37.999744961959472, 49.251776627948459 ], [ 38.000210164089644, 49.251872908486064 ], [ 38.000595941465868, 49.252180264330306 ], [ 38.000749117777019, 49.252191373541862 ], [ 38.000698059006631, 49.252243216496034 ], [ 38.000624307449414, 49.252265434888308 ], [ 38.00075479097373, 49.252769049097402 ], [ 38.000851235317789, 49.253057884340159 ], [ 38.001112202366421, 49.253309688044695 ], [ 38.001157587940099, 49.253428183461203 ], [ 38.001429901382146, 49.253509648895047 ], [ 38.001577404496587, 49.253650361600478 ], [ 38.00182702515179, 49.253898459340874 ], [ 38.002053953020166, 49.253898459340874 ], [ 38.002184436544482, 49.253954003440278 ], [ 38.00240569121614, 49.253913271106832 ], [ 38.003216958345575, 49.25399103280516 ], [ 38.003659467688884, 49.25407620023897 ], [ 38.004084957442096, 49.254131744138384 ], [ 38.004204094572991, 49.254231722999798 ], [ 38.004266499736794, 49.254409462697893 ], [ 38.004436695638077, 49.254476114919683 ], [ 38.004584198752518, 49.254627933533342 ], [ 38.004470734818327, 49.254713099868262 ], [ 38.004510447195294, 49.2548760263604 ], [ 38.004612564736064, 49.254957489404816 ], [ 38.004714682276834, 49.255235203318534 ], [ 38.00485651219455, 49.255442562021891 ], [ 38.004890551374807, 49.255679542330491 ], [ 38.005026708095833, 49.255735084425737 ], [ 38.005123152439893, 49.255735084425737 ], [ 38.005196903997117, 49.255801734857535 ], [ 38.005185557603696, 49.255849871224527 ], [ 38.005117479243189, 49.255894304752395 ], [ 38.005145845226735, 49.256083146799575 ], [ 38.005213923587249, 49.256153499534392 ], [ 38.005168538013571, 49.256253474300863 ], [ 38.005242289570795, 49.256357151622552 ], [ 38.005191230800413, 49.256427503966826 ], [ 38.00506074727609, 49.256560802870446 ], [ 38.005004015308991, 49.25671631780299 ], [ 38.005111806046472, 49.25696069742132 ], [ 38.005242289570795, 49.257382804821212 ], [ 38.005542968996387, 49.257638289125317 ], [ 38.005696145307539, 49.257656802429295 ], [ 38.00571883809436, 49.25781231390858 ], [ 38.006110288667308, 49.258075201247387 ], [ 38.006473373256711, 49.258275142792932 ], [ 38.006876170223059, 49.25840473410279 ], [ 38.00729031358285, 49.258660213117004 ], [ 38.007556953828193, 49.258930501069187 ], [ 38.007925711614298, 49.259337781489023 ], [ 38.008112927105699, 49.259585850643155 ], [ 38.00805052194189, 49.259715438511442 ], [ 38.008010809564922, 49.259885753477981 ], [ 38.008027829155061, 49.260059770336738 ], [ 38.008192351859627, 49.260244893980968 ], [ 38.008073214728732, 49.260537387923478 ], [ 38.007931384810995, 49.260604031870393 ], [ 38.007937058007698, 49.260666973293205 ], [ 38.007931384810995, 49.260741021923153 ], [ 38.007868979647192, 49.260863201919634 ], [ 38.007335699156528, 49.26115939459504 ], [ 38.007142810468409, 49.261281573555742 ], [ 38.007023673337507, 49.261292680718995 ], [ 38.006694627928375, 49.261355621263498 ], [ 38.006303177355434, 49.261529632939393 ], [ 38.00612730825744, 49.261603680274931 ], [ 38.006013844323249, 49.261551847151722 ], [ 38.005911726782479, 49.261625894453928 ], [ 38.005696145307539, 49.261685132215703 ], [ 38.005537295799677, 49.261733262844778 ], [ 38.005230943177374, 49.261859142729683 ], [ 38.004930263751774, 49.262040557293098 ], [ 38.00485651219455, 49.26212200851279 ], [ 38.004567179162372, 49.262281208235827 ], [ 38.004385636867688, 49.262473728145046 ], [ 38.004476408015016, 49.262507048822322 ], [ 38.004283519326911, 49.262629224446506 ], [ 38.004130343015767, 49.262666247303201 ], [ 38.00399418629474, 49.262758804323425 ], [ 38.004039571868411, 49.262862467979957 ], [ 38.003960147114483, 49.262966131418743 ], [ 38.003943127524352, 49.263121626168605 ], [ 38.004084957442089, 49.263269715951033 ], [ 38.00419274817957, 49.263365974071277 ], [ 38.004368617277557, 49.263414103061002 ], [ 38.004606891539353, 49.263584405263053 ], [ 38.004731701866945, 49.263614022977329 ], [ 38.004816799817583, 49.263673258352554 ], [ 38.004941610145188, 49.263725089247529 ], [ 38.005043727685965, 49.263791728889665 ], [ 38.00510045965305, 49.263810239885395 ], [ 38.005310367931301, 49.263936114472216 ], [ 38.005594027766755, 49.263991647276072 ], [ 38.005843648421965, 49.264058286558246 ], [ 38.006189713421243, 49.264124925750387 ], [ 38.006427987683033, 49.264180458341777 ], [ 38.006575490797474, 49.264250799534452 ], [ 38.006779725878999, 49.264295225499232 ], [ 38.006944248583579, 49.264343353582611 ], [ 38.007239254812461, 49.264554376163261 ], [ 38.007392431123598, 49.264650631777542 ], [ 38.007556953828185, 49.264702461645918 ], [ 38.007693110549191, 49.264802419095467 ], [ 38.007704456942612, 49.26493569537989 ], [ 38.007738496122869, 49.265098588127536 ], [ 38.007715803336033, 49.265331819989129 ], [ 38.007545607434764, 49.265498413501014 ], [ 38.007284640386139, 49.26566870850958 ], [ 38.007159830058526, 49.26576125989817 ], [ 38.006779725878999, 49.265909341758814 ], [ 38.005843648421944, 49.266275842452792 ], [ 38.005662106127261, 49.266342478650124 ], [ 38.005384119488504, 49.266468346777316 ], [ 38.005304694734569, 49.266516472741102 ], [ 38.005015361702391, 49.266631234465279 ], [ 38.004884878178089, 49.266716380088162 ], [ 38.004850838997832, 49.266842247261522 ], [ 38.004828146210976, 49.267086576740297 ], [ 38.004935936948456, 49.267201337138466 ], [ 38.004941610145167, 49.267271674024755 ], [ 38.005077766866194, 49.267416049424597 ], [ 38.005043727685937, 49.267464174463989 ], [ 38.005089113259615, 49.267549318649472 ], [ 38.005168538013542, 49.26766037606189 ], [ 38.005185557603674, 49.267693693236858 ], [ 38.005282001947734, 49.267812154121238 ], [ 38.005327387521405, 49.267889893922053 ], [ 38.005446524652307, 49.267938018499251 ], [ 38.005571334979912, 49.268126814464239 ], [ 38.005679125717386, 49.268237870576741 ], [ 38.005628066947004, 49.268363733868732 ], [ 38.005667779323971, 49.268482193144337 ], [ 38.005611047356872, 49.268626565001924 ], [ 38.005559988586491, 49.268667285193068 ], [ 38.005571334979912, 49.268763532784007 ], [ 38.005531622602945, 49.268796849214027 ], [ 38.005406812275339, 49.268811656509044 ], [ 38.005384119488504, 49.268856078367428 ], [ 38.005293348341148, 49.268885692917472 ], [ 38.005247962767477, 49.268952325590057 ], [ 38.005151518423418, 49.269015256364845 ], [ 38.005083440062897, 49.269059678039909 ], [ 38.005021034899094, 49.269074485256063 ], [ 38.004947283341892, 49.269152223067849 ], [ 38.004737375063648, 49.269218855380444 ], [ 38.004442368834759, 49.269278084027214 ], [ 38.00424380694993, 49.269370628645447 ], [ 38.004016879081554, 49.269500190819336 ], [ 38.003648121295456, 49.269640857937162 ], [ 38.002938971706783, 49.269796331653382 ], [ 38.002490789166757, 49.269748208888821 ], [ 38.001736254004413, 49.269566822661986 ], [ 38.001469613759092, 49.26948908550348 ], [ 38.001083836382847, 49.26938173398797 ], [ 38.001044124005887, 49.269289189390577 ], [ 38.00124835908742, 49.269326207250373 ], [ 38.001463940562374, 49.269278084027214 ], [ 38.001509326136052, 49.269218855380444 ], [ 38.001424228185414, 49.269122608677797 ], [ 38.001078163186143, 49.268752427302317 ], [ 38.000788830153958, 49.268663583358901 ], [ 38.000471131138248, 49.268648776019432 ], [ 37.995790743853043, 49.268896798369141 ], [ 37.994156863200779, 49.269052274430187 ], [ 37.993521465169337, 49.269466874864257 ], [ 37.993430694021988, 49.269696384320618 ], [ 37.992903086728006, 49.269959208354408 ], [ 37.99242653820442, 49.270159101752526 ], [ 37.992460577384676, 49.270314573835563 ], [ 37.992698851646473, 49.270492255616233 ], [ 37.992835008367493, 49.270773583793492 ], [ 37.992857701154328, 49.27132142879784 ], [ 37.992642119679381, 49.271706397323378 ], [ 37.990633808044286, 49.271425074465633 ], [ 37.990111873947036, 49.270788390495227 ], [ 37.989930331652332, 49.270662533388858 ], [ 37.989601286243193, 49.270573692885151 ], [ 37.989374358374818, 49.270595903026084 ], [ 37.989215508866955, 49.270692146854543 ], [ 37.988863770670989, 49.270943860595104 ], [ 37.988387222147402, 49.271121540109291 ], [ 37.987139118871347, 49.271321428797826 ], [ 37.98685545903588, 49.271432477719273 ], [ 37.986038518709748, 49.271521316676449 ], [ 37.985425813465142, 49.271676784466528 ], [ 37.984892532974463, 49.271898880459574 ], [ 37.984586180352153, 49.27358677732996 ], [ 37.985879669201879, 49.273794058928708 ], [ 37.986719302314853, 49.273668209490495 ], [ 37.987354700346309, 49.273816267619772 ], [ 37.988194333459283, 49.274327064754495 ], [ 37.988477993294744, 49.274415898498859 ], [ 37.988738960343376, 49.274674996006098 ], [ 37.98919281608012, 49.274882273032013 ], [ 37.989884946078654, 49.275193186937706 ], [ 37.990145913127279, 49.275333837822664 ], [ 37.990248030668042, 49.275533709442946 ], [ 37.99007783476678, 49.276014878540281 ], [ 37.989714750177384, 49.276451627964661 ], [ 37.989510515095844, 49.27673292215654 ], [ 37.989612632636614, 49.276947592960525 ], [ 37.989703403783963, 49.277021617159043 ], [ 37.990372840995668, 49.277169665222786 ], [ 37.991144395748137, 49.277561990442557 ], [ 37.991337284436248, 49.277924703435438 ], [ 37.991620944271709, 49.278087553299272 ], [ 37.991666329845387, 49.278257804854718 ], [ 37.991915950500598, 49.278383642583186 ], [ 37.99293712590827, 49.27879076244615 ], [ 37.995126979838062, 49.279619796141006 ], [ 37.997180677046828, 49.280426610195192 ], [ 37.99778203589802, 49.280522834843602 ], [ 37.998633015404415, 49.280471021594714 ], [ 38.003046762444242, 49.280093523423972 ], [ 38.006337216535641, 49.279797444405382 ], [ 38.006155674240937, 49.280115729278712 ], [ 38.006303177355385, 49.280308179600944 ], [ 38.006337216535641, 49.280641264922373 ], [ 38.006405294896147, 49.280944740701038 ], [ 38.006382602109312, 49.281174196757291 ], [ 38.006450680469825, 49.281425857010724 ], [ 38.007142810468352, 49.281766336485944 ], [ 38.007539934238011, 49.281818148373908 ], [ 38.00793705800767, 49.28169972112142 ], [ 38.008788037514066, 49.281470267510372 ], [ 38.009083043742947, 49.281433258763442 ], [ 38.009434781938914, 49.281440660515052 ], [ 38.009616324233619, 49.281455464014932 ], [ 38.010467303740008, 49.281692319408691 ], [ 38.011080008984621, 49.282114215260911 ], [ 38.011352322426653, 49.282365870717278 ], [ 38.011272897672725, 49.282506501148234 ], [ 38.011080008984621, 49.282550910674679 ], [ 38.011204819312226, 49.282772957707046 ], [ 38.01137501521351, 49.282972799181323 ], [ 38.01137501521351, 49.283217048772265 ], [ 38.011329629639832, 49.283424289900672 ], [ 38.011227512099069, 49.283513107260504 ], [ 38.01117078013197, 49.283513107260504 ], [ 38.010841734722831, 49.283505705819962 ], [ 38.010535382100521, 49.283809163971256 ], [ 38.010376532592673, 49.284053409419506 ], [ 38.010149604724297, 49.284201436375099 ], [ 38.01007017997037, 49.284238443044565 ], [ 38.00900361898902, 49.284194035037878 ], [ 38.008617841612782, 49.284208837711233 ], [ 38.008095907515532, 49.284253245704591 ], [ 38.007517241451175, 49.284297653657951 ], [ 38.007120117681517, 49.284231041712907 ], [ 38.00635990932247, 49.284223640380127 ], [ 38.005940092765996, 49.284112620255073 ], [ 38.005781243258134, 49.284023803975067 ], [ 38.00576989686472, 49.283394684078523 ], [ 38.005656432930529, 49.283217048772265 ], [ 38.005474890635831, 49.283106026380899 ], [ 38.005032381292509, 49.283120829380856 ], [ 38.004635257522857, 49.283202245801185 ], [ 38.003806970803296, 49.283431691353449 ], [ 38.003058108837656, 49.28363893157978 ], [ 38.00280848818246, 49.283890579255115 ], [ 38.002502135560157, 49.28434206157133 ], [ 38.001889430315551, 49.28494156448749 ], [ 38.001322110644615, 49.285215409073402 ], [ 38.001072489989404, 49.28534122904891 ], [ 38.000312281630364, 49.285141397173128 ], [ 38.00013073933566, 49.284837947220538 ], [ 38.000017275401476, 49.284245844375128 ], [ 37.99989246507387, 49.283490902935547 ], [ 37.999744961959422, 49.283046814336643 ], [ 37.999449955730547, 49.282728548380589 ], [ 37.998281277208434, 49.282787760807018 ], [ 37.997827421471705, 49.282876579313346 ], [ 37.993742719841009, 49.283194844313989 ], [ 37.989453783128781, 49.283416888446808 ], [ 37.988046830344857, 49.283416888446808 ], [ 37.98704834772402, 49.283461297153401 ], [ 37.986412949692593, 49.283291063560981 ], [ 37.986276792971566, 49.283113427881453 ], [ 37.985550623792776, 49.282225239885278 ], [ 37.985323695924407, 49.281684917694882 ], [ 37.985130807236288, 49.28127041994702 ], [ 37.9847790690403, 49.2810335625269 ], [ 37.983689815272115, 49.280722685436551 ], [ 37.983462887403753, 49.280996553452233 ], [ 37.983485580190596, 49.281159393172985 ], [ 37.979537035280906, 49.282351067490687 ], [ 37.978901637249471, 49.282654532747564 ], [ 37.978754134135031, 49.282787760807018 ], [ 37.979083179544169, 49.283868375100127 ], [ 37.979820695116373, 49.285045181536717 ], [ 37.979729923969025, 49.285319025547174 ], [ 37.979049140363912, 49.285851906829869 ], [ 37.977437952498462, 49.286614213097074 ], [ 37.975872150206705, 49.286858444650953 ], [ 37.975100595454244, 49.286969458593695 ], [ 37.97372768185059, 49.287065670475208 ], [ 37.972184572345654, 49.287050868659506 ], [ 37.971696677428653, 49.287161882168988 ], [ 37.971220128905067, 49.2872950980504 ], [ 37.970312417431586, 49.287391309296474 ], [ 37.970051450382947, 49.287457916972258 ], [ 37.969779136940915, 49.287805755594825 ], [ 37.968383530550419, 49.287798354798618 ], [ 37.966329833341653, 49.287243291917058 ], [ 37.966227715800891, 49.287502322039423 ], [ 37.967248891208556, 49.287916767404589 ], [ 37.967872942846576, 49.288086985027448 ], [ 37.967521204650588, 49.289330295927485 ], [ 37.966448970472896, 49.293478139120616 ], [ 37.966256081784771, 49.293611337935317 ], [ 37.965030671295565, 49.293973932885166 ], [ 37.964826436214025, 49.294107130360125 ], [ 37.964588161952236, 49.294521520202785 ], [ 37.964009495887865, 49.295120899347204 ], [ 37.963771221626089, 49.295897861464553 ], [ 37.963805260806332, 49.296341834318532 ], [ 37.963975456707608, 49.296726607557147 ], [ 37.963839299986581, 49.297074380784558 ], [ 37.964043535068122, 49.29730376178302 ], [ 37.963941417527359, 49.297407352851756 ], [ 37.963328712282753, 49.297503544363479 ], [ 37.962693314251318, 49.297718124751583 ], [ 37.962602543103969, 49.297873509966671 ], [ 37.962806778185502, 49.299752892343172 ], [ 37.962137340973804, 49.30303054128948 ], [ 37.969364993581479, 49.302682810090815 ], [ 37.970238665874703, 49.302608824412815 ], [ 37.970068469973441, 49.305205655233088 ], [ 37.969977698826092, 49.308897210482421 ], [ 37.969886927678736, 49.312499724165292 ], [ 37.96844593571457, 49.312240825397325 ], [ 37.967912655223884, 49.312240825397325 ], [ 37.967322642766106, 49.312100279782022 ], [ 37.962284844088245, 49.311183024865684 ], [ 37.962114648186962, 49.311375353924554 ], [ 37.967413413913469, 49.312344385067803 ], [ 37.966483009653132, 49.314090072459578 ], [ 37.965961075555882, 49.31464483304083 ], [ 37.964939900148202, 49.315369710784481 ], [ 37.963714489658997, 49.316064991658017 ], [ 37.963374097856438, 49.316775055611608 ], [ 37.963045052447306, 49.317100498169246 ], [ 37.962250804907995, 49.31772179162612 ], [ 37.963215248348568, 49.318187756575497 ], [ 37.96419103818257, 49.318306096178119 ], [ 37.964236423756248, 49.320081156095746 ], [ 37.96459950834565, 49.320598869853661 ], [ 37.965144135229728, 49.320953870427815 ], [ 37.965938382769039, 49.321146161336969 ], [ 37.966051846703216, 49.322092813327146 ], [ 37.9661653106374, 49.324341038870124 ], [ 37.96632416014527, 49.326973698823807 ], [ 37.966267428178192, 49.328792814190464 ], [ 37.9649438, 49.3324748 ], [ 37.962823, 49.334169 ], [ 37.962654997487249, 49.335059578296779 ], [ 37.957984560982545, 49.334966952485843 ], [ 37.957462626885302, 49.335040889569335 ], [ 37.95613509885532, 49.335388392374114 ], [ 37.951993665257497, 49.337081509239617 ], [ 37.952447520994255, 49.337879989558914 ], [ 37.951948279683826, 49.338035248116661 ], [ 37.951346920832648, 49.338700636388062 ], [ 37.9417892, 49.3388375 ], [ 37.941657100853121, 49.338944609833568 ], [ 37.941872682328082, 49.339299478140745 ], [ 37.9423293, 49.3418475 ], [ 37.941123820362442, 49.344777432977047 ], [ 37.945140443632624, 49.346847216678313 ], [ 37.942995975276503, 49.349759550570866 ], [ 37.943620026914516, 49.34987781429443 ], [ 37.945673724123303, 49.350498694178917 ], [ 37.94866917198582, 49.351319130578844 ], [ 37.949928621655289, 49.351659127238911 ], [ 37.949327262804104, 49.352257811297875 ], [ 37.94931591641069, 49.352546063986871 ], [ 37.949520151492209, 49.352760404634985 ], [ 37.951131339357666, 49.353610366975424 ], [ 37.951857508536463, 49.35419424563846 ], [ 37.953309846894044, 49.355103308748191 ], [ 37.953911205745236, 49.355701950889255 ], [ 37.954206211974125, 49.356101041602152 ], [ 37.954557950170091, 49.357276123229731 ], [ 37.954512564596413, 49.357542175549405 ], [ 37.953650238696603, 49.35825903158085 ], [ 37.953094265419082, 49.358532468757431 ], [ 37.9543081, 49.3615883 ], [ 37.95028035985127, 49.362478663031162 ], [ 37.950189588703921, 49.362722518580341 ], [ 37.948691864772655, 49.364821104228952 ], [ 37.946638167563883, 49.367665874864848 ], [ 37.945378717894414, 49.369368963968135 ], [ 37.945072365272111, 49.36949456907135 ], [ 37.945117750845789, 49.369671893376619 ], [ 37.943705124865161, 49.371640889032605 ], [ 37.942388943228593, 49.373454659520988 ], [ 37.940227455282354, 49.376387580567531 ], [ 37.939699847988372, 49.377078306031784 ], [ 37.9385188, 49.3791976 ], [ 37.934321657507944, 49.380232618716136 ], [ 37.93383376259095, 49.381119040170972 ], [ 37.932086418004481, 49.380794020827388 ], [ 37.93105389620338, 49.380579802357438 ], [ 37.92500626851124, 49.379900206548321 ], [ 37.92198812786188, 49.379553018105781 ], [ 37.921749853600083, 49.379516083020739 ], [ 37.921613696879071, 49.379353568316773 ], [ 37.921500232944886, 49.379360955360426 ], [ 37.92126195868309, 49.379523470039977 ], [ 37.918391321148171, 49.379493921956382 ], [ 37.916144735251279, 49.379530857058093 ], [ 37.915713572301364, 49.384974787446019 ], [ 37.913603143125499, 49.385152055907817 ], [ 37.912650046078333, 49.385188986756859 ], [ 37.906806653467719, 49.385366254445849 ], [ 37.906681843140127, 49.384553772286033 ], [ 37.906591071992779, 49.38358616236841 ], [ 37.906511647238851, 49.382515121539228 ], [ 37.892113073990572, 49.382105165250884 ], [ 37.88272960663334, 49.379719225644969 ], [ 37.882877109747781, 49.379416358152476 ], [ 37.879643387623474, 49.378699810555567 ], [ 37.879166839099881, 49.378751520525718 ], [ 37.876613900580686, 49.378286128835555 ], [ 37.87541118287831, 49.378241805587585 ], [ 37.871734951410687, 49.378552067483866 ], [ 37.869193359284907, 49.378773681924855 ], [ 37.866209257815797, 49.379261230177356 ], [ 37.865596552571191, 49.379268617234892 ], [ 37.865324239129144, 49.379423745186685 ], [ 37.862158595365337, 49.379962995685602 ], [ 37.8611601127445, 49.380095960652653 ], [ 37.86086238590493, 49.380148124682798 ], [ 37.860643851843939, 49.380251085992874 ], [ 37.860473655942663, 49.380269553262657 ], [ 37.860376238513602, 49.380284327733975 ], [ 37.859475173321819, 49.380420984613153 ], [ 37.852962343499513, 49.380590882646032 ], [ 37.852985036286348, 49.379719225644976 ], [ 37.851056149405181, 49.379756160577344 ], [ 37.851283077273543, 49.380974997772583 ], [ 37.847016833348114, 49.381034092140951 ], [ 37.84710760449547, 49.387031800872165 ], [ 37.837213549434381, 49.39485652814755 ], [ 37.834535800587574, 49.397212195306807 ], [ 37.833276350918105, 49.397950625701611 ], [ 37.83318557977077, 49.39959728549659 ], [ 37.829078185353218, 49.400453822125172 ], [ 37.828317976994171, 49.399346228826033 ], [ 37.827444304700933, 49.399781885170817 ], [ 37.825322529131647, 49.400453822125151 ], [ 37.824970790935666, 49.4004833576045 ], [ 37.82477790224754, 49.400439054378829 ], [ 37.82466443831337, 49.400313528355646 ], [ 37.824709823887041, 49.400128930679855 ], [ 37.823132675201826, 49.394265747503582 ], [ 37.81859411783438, 49.392279195470884 ], [ 37.800360463610616, 49.395631916959154 ], [ 37.786415746099088, 49.399914796506607 ], [ 37.768130391861227, 49.403913062898781 ], [ 37.766551180116302, 49.401087003490339 ], [ 37.765705173824387, 49.400401873685048 ], [ 37.765347971167785, 49.399349691443916 ], [ 37.763876860226823, 49.397642906029006 ], [ 37.746975534528239, 49.40431065560842 ], [ 37.740320285031778, 49.407381186243491 ], [ 37.741147967410242, 49.410101708162223 ], [ 37.75406994002023, 49.413641604386427 ], [ 37.766024072576499, 49.431354268506063 ], [ 37.761446450700518, 49.444383711501239 ], [ 37.751506471769737, 49.447478971007527 ], [ 37.740729441981635, 49.445268091299823 ], [ 37.73769513262382, 49.448652397427978 ], [ 37.741226440928166, 49.449944834603855 ], [ 37.744025329732374, 49.450744087911055 ], [ 37.75508682241847, 49.455406694984411 ], [ 37.755416797307603, 49.455246215072279 ], [ 37.757390811988749, 49.453975227405643 ], [ 37.758124017441752, 49.456969328411233 ], [ 37.75962802862739, 49.456529390339135 ], [ 37.76116991328982, 49.456547430587875 ], [ 37.761328870250374, 49.456944836384842 ], [ 37.761544451725328, 49.456893208736645 ], [ 37.761771379593711, 49.456605567986898 ], [ 37.762293313690968, 49.456502311921376 ], [ 37.762883326148732, 49.456627694258366 ], [ 37.762123117789677, 49.456679322186247 ], [ 37.761896189921316, 49.456738325465793 ], [ 37.761873497134474, 49.456871082585074 ], [ 37.762066385822592, 49.456907959498828 ], [ 37.762191196150198, 49.457070217589731 ], [ 37.762372738444903, 49.457018590073623 ], [ 37.762690437460613, 49.457188223136583 ], [ 37.762452163198816, 49.457306228399325 ], [ 37.762531587952751, 49.457402107466095 ], [ 37.762781208607969, 49.457424233377935 ], [ 37.763019482869758, 49.457593865036891 ], [ 37.763201025164456, 49.457593865036891 ], [ 37.76331448909864, 49.457704494063357 ], [ 37.763586802540686, 49.457697118802692 ], [ 37.763927194343246, 49.457571739201619 ], [ 37.7641427758182, 49.45756436392098 ], [ 37.764301625326063, 49.457689743540925 ], [ 37.76399527270376, 49.457726619838681 ], [ 37.763859115982733, 49.457844623805059 ], [ 37.763518724180166, 49.457903625681702 ], [ 37.763166985984199, 49.457955252265471 ], [ 37.762940058115831, 49.457962627487291 ], [ 37.762769862214547, 49.458073255681335 ], [ 37.762679091067191, 49.458191258813059 ], [ 37.762724476640869, 49.458272385801308 ], [ 37.762622359100106, 49.458405138765116 ], [ 37.762418124018559, 49.458530516234077 ], [ 37.762089078609435, 49.458648518264788 ], [ 37.762588319919864, 49.459769523385432 ], [ 37.766400708108506, 49.461524729893441 ], [ 37.778039419689279, 49.481691143159175 ], [ 37.765003765630858, 49.485694437387437 ], [ 37.744551504886481, 49.490817984099934 ], [ 37.732389893835986, 49.500784720582999 ], [ 37.733263566129217, 49.502192136347411 ], [ 37.734800890817475, 49.504652724910351 ], [ 37.736400843909472, 49.507213554323606 ], [ 37.736497288253524, 49.507342490771862 ], [ 37.736741235712024, 49.507556156137973 ], [ 37.736979509973821, 49.50832976431272 ], [ 37.737524136857914, 49.509206505455481 ], [ 37.740338042425734, 49.510650515437732 ], [ 37.736230648008188, 49.512116584004453 ], [ 37.734131565225738, 49.512985890341987 ], [ 37.732089214410387, 49.51379624674275 ], [ 37.728367597369072, 49.515170138508111 ], [ 37.72780027769813, 49.515273270917156 ], [ 37.723540585802077, 49.516160956940773 ], [ 37.714396417051162, 49.517166956605877 ], [ 37.713344263743018, 49.515005894769267 ], [ 37.712177330073956, 49.513962589360936 ], [ 37.711631667076553, 49.512658060529262 ], [ 37.711767823797587, 49.512201305216813 ], [ 37.711824555764679, 49.511884520801736 ], [ 37.711801862977836, 49.511729811388285 ], [ 37.711416085601599, 49.511582468634828 ], [ 37.711824555764672, 49.511228844215694 ], [ 37.711972058879113, 49.51085311546926 ], [ 37.71181320937125, 49.510307935293611 ], [ 37.711279928880572, 49.509519623484223 ], [ 37.710803380356985, 49.508937590725189 ], [ 37.709509891507267, 49.508230301089867 ], [ 37.708477369706181, 49.5076924594185 ], [ 37.70724061282354, 49.506823059007303 ], [ 37.706741371513118, 49.506940944714266 ], [ 37.706287515776381, 49.50657991883962 ], [ 37.706616561185513, 49.50615257864694 ], [ 37.706582522005256, 49.506012587082509 ], [ 37.705958470367236, 49.505563137773422 ], [ 37.705697503318611, 49.50531999134423 ], [ 37.705368457909465, 49.505040003050105 ], [ 37.704540171189905, 49.504782117677465 ], [ 37.704086315453154, 49.504421075872187 ], [ 37.703428224634884, 49.504185292030691 ], [ 37.702645323488994, 49.503765299248471 ], [ 37.702055311031216, 49.503308460900726 ], [ 37.701113560377458, 49.503146355945589 ], [ 37.700354274488866, 49.502949121309008 ], [ 37.698606007431927, 49.502144240664812 ], [ 37.698015994974149, 49.501982131852621 ], [ 37.697142322680918, 49.501996869039559 ], [ 37.695394978094441, 49.501694755820196 ], [ 37.694804965636678, 49.502092660646461 ], [ 37.694283031539413, 49.50229898039364 ], [ 37.693999371703946, 49.502475825198808 ], [ 37.694044757277624, 49.502564247361704 ], [ 37.694271685145992, 49.502578984373322 ], [ 37.694509959407796, 49.50270424879286 ], [ 37.694600730555138, 49.502726354245368 ], [ 37.694475920227532, 49.502888460591969 ], [ 37.694543998588045, 49.503094776983637 ], [ 37.694725540882743, 49.503227408490311 ], [ 37.694714194489329, 49.503418986698605 ], [ 37.694861697603777, 49.503544248967678 ], [ 37.695111318258967, 49.503581090750501 ], [ 37.695168050226066, 49.503875824014379 ], [ 37.695391948179683, 49.503992906778556 ], [ 37.695780755470658, 49.504782117677486 ], [ 37.695769409077236, 49.504999478295858 ], [ 37.695930892409471, 49.505960706954475 ], [ 37.696262977190955, 49.506797271471058 ], [ 37.6966033689935, 49.507449323571592 ], [ 37.696977799976324, 49.50848080067189 ], [ 37.697329538172305, 49.50923229172183 ], [ 37.697431655713075, 49.509666972451335 ], [ 37.697964936203753, 49.510271098576133 ], [ 37.698123785711608, 49.510665250013794 ], [ 37.698549275464806, 49.511284098199717 ], [ 37.698517095542634, 49.511511613812274 ], [ 37.698498216694425, 49.511645089359291 ], [ 37.698634373415445, 49.511825583940038 ], [ 37.698829380247901, 49.511977210192271 ], [ 37.699093902348892, 49.512182887574454 ], [ 37.699235688009914, 49.512582988893463 ], [ 37.699388908577781, 49.513015358082725 ], [ 37.699627182839578, 49.513324768288335 ], [ 37.699978921035559, 49.514297187620912 ], [ 37.700149116936842, 49.514731823343517 ], [ 37.700149116936842, 49.514982289632862 ], [ 37.699956228248723, 49.515195921630792 ], [ 37.699888149888203, 49.515586350112486 ], [ 37.699888149888203, 49.51579261295781 ], [ 37.699808725134282, 49.516035707337295 ], [ 37.700228541690755, 49.516102005594739 ], [ 37.700160463330256, 49.517450050670178 ], [ 37.69968391480667, 49.517545812021545 ], [ 37.69968391480667, 49.517855193567527 ], [ 37.69978603234744, 49.518017249786709 ], [ 37.700126424150007, 49.518039348320443 ], [ 37.700137770543407, 49.518886451252087 ], [ 37.700115077756564, 49.519041138029124 ], [ 37.699808725134275, 49.519232654313228 ], [ 37.700012960215808, 49.519696709891107 ], [ 37.699967574642123, 49.520072370704966 ], [ 37.699513718905386, 49.520425931187674 ], [ 37.699491026118551, 49.520845780940668 ], [ 37.699888149888203, 49.521265627088837 ], [ 37.699479679725137, 49.521567619457642 ], [ 37.699888149888203, 49.521707566508326 ], [ 37.699763339560597, 49.52191380353716 ], [ 37.699956228248702, 49.522142136375876 ], [ 37.700012960215808, 49.522422026788135 ], [ 37.700478162345973, 49.522584067873481 ], [ 37.700614319066993, 49.522841859402526 ], [ 37.70064835824725, 49.523335342252679 ], [ 37.700580279886736, 49.523850916029822 ], [ 37.700466815952552, 49.524116066141147 ], [ 37.700682397427506, 49.524351753921849 ], [ 37.700614319066993, 49.524808395763927 ], [ 37.700671051034085, 49.525382874604212 ], [ 37.700489508739388, 49.525500715583263 ], [ 37.698685432185812, 49.526008901551876 ], [ 37.697573485630791, 49.526310864625557 ], [ 37.696279996781065, 49.526458163009103 ], [ 37.693999371703917, 49.526612825834185 ], [ 37.693828623592736, 49.52651035859401 ], [ 37.693698692278318, 49.526432385824016 ], [ 37.693375320065897, 49.526432385824016 ], [ 37.693148392197529, 49.526546541826214 ], [ 37.693104275766217, 49.52678233046295 ], [ 37.692660497280514, 49.526855866427937 ], [ 37.692064811626047, 49.526918467597312 ], [ 37.69194712364115, 49.526957280656859 ], [ 37.691919721835774, 49.526984682462235 ], [ 37.69191698165524, 49.52702030480922 ], [ 37.691934792828732, 49.527064147697814 ], [ 37.692025099249065, 49.527113635434354 ], [ 37.692217987937191, 49.527260931399233 ], [ 37.692461935395698, 49.527286708147464 ], [ 37.692768288017994, 49.52727197857871 ], [ 37.693046647216491, 49.527186953032611 ], [ 37.693154065394232, 49.527154141868934 ], [ 37.69341503244285, 49.527397179771647 ], [ 37.693607921130983, 49.527448733110816 ], [ 37.693902927359858, 49.527419274066524 ], [ 37.694044757277595, 49.527386132620457 ], [ 37.694112835638109, 49.52745241549011 ], [ 37.694351109899898, 49.5274376859713 ], [ 37.694441881047254, 49.52748555689125 ], [ 37.694578037768274, 49.527507651146195 ], [ 37.694759580062978, 49.52762180463764 ], [ 37.694856024407038, 49.527780146136088 ], [ 37.694861697603741, 49.527850110820879 ], [ 37.694765253259682, 49.527864840215436 ], [ 37.694668808915623, 49.527772781426606 ], [ 37.694243319162418, 49.527610757537204 ], [ 37.693999371703917, 49.527632851735568 ], [ 37.693840522196048, 49.527684404826232 ], [ 37.693868888179601, 49.527920075405532 ], [ 37.694027737687463, 49.528343543122908 ], [ 37.693975049410753, 49.528463826951771 ], [ 37.693863214982905, 49.528719137506961 ], [ 37.693806483015798, 49.52909104674972 ], [ 37.694022064490753, 49.529426130872082 ], [ 37.694214953178879, 49.529451906478677 ], [ 37.694362456293319, 49.529367215148852 ], [ 37.694523393515901, 49.529217989631398 ], [ 37.694600730555116, 49.52914628055435 ], [ 37.694799292439939, 49.529197832049043 ], [ 37.694844678013617, 49.529271476947159 ], [ 37.694856024407038, 49.529532915439468 ], [ 37.694805268570114, 49.529605665261002 ], [ 37.694719867686004, 49.529728072839191 ], [ 37.694543998588017, 49.52978330592407 ], [ 37.694277358342681, 49.530077881322782 ], [ 37.694214953178879, 49.530394547896577 ], [ 37.694175240801911, 49.530512376795727 ], [ 37.693971005720371, 49.530718576685807 ], [ 37.693800809819102, 49.530814312053373 ], [ 37.69372138506516, 49.531119927549085 ], [ 37.693812156212502, 49.531252483073587 ], [ 37.694073123261141, 49.531362945736106 ], [ 37.694345436703195, 49.531362945736106 ], [ 37.694657462522201, 49.53121566213062 ], [ 37.694770926456378, 49.531112563342745 ], [ 37.694827658423485, 49.531009464337416 ], [ 37.694941122357662, 49.530943186290585 ], [ 37.695020547111589, 49.530869543910939 ], [ 37.694963815144511, 49.531035239109137 ], [ 37.694776599653103, 49.531366627820553 ], [ 37.694770926456378, 49.531782701577015 ], [ 37.694725540882722, 49.531992578145747 ], [ 37.694634769735366, 49.532066218833499 ], [ 37.694390822276866, 49.532971990218016 ], [ 37.694118508834812, 49.533737832601801 ], [ 37.693925620146693, 49.534271706011424 ], [ 37.693704365475043, 49.53474666434996 ], [ 37.693607921130983, 49.53479452811257 ], [ 37.693477437606667, 49.534945482749166 ], [ 37.693290222115259, 49.535133254939126 ], [ 37.693176758181075, 49.535328389979981 ], [ 37.693171084984357, 49.535586114311613 ], [ 37.693233490148167, 49.535762838782126 ], [ 37.693693019081621, 49.535843837284212 ], [ 37.694022064490753, 49.535854882524077 ], [ 37.694209279982168, 49.535818065048105 ], [ 37.694555344981438, 49.535530887783523 ], [ 37.694685828505754, 49.535501433609696 ], [ 37.694935449160965, 49.535483024742042 ], [ 37.695111318258945, 49.535361526041612 ], [ 37.695440363668091, 49.53511116413069 ], [ 37.695502768831894, 49.535030164414337 ], [ 37.695519788422018, 49.534923391855855 ], [ 37.695618372448109, 49.534893570873685 ], [ 37.695820467847618, 49.534978619070408 ], [ 37.695984990552184, 49.534967573632485 ], [ 37.696070088502829, 49.535033846222539 ], [ 37.696245957600809, 49.535011755369176 ], [ 37.696336728748157, 49.535022800797094 ], [ 37.696359421534993, 49.535210572690012 ], [ 37.696331055551447, 49.535346798905877 ], [ 37.696217591617255, 49.535420434540136 ], [ 37.696183552437013, 49.535630295489142 ], [ 37.696245957600809, 49.535770202287857 ], [ 37.696427499895513, 49.535888018228768 ], [ 37.696535290632987, 49.536182556838476 ], [ 37.6966033689935, 49.536502865561694 ], [ 37.696614715386922, 49.536624361424799 ], [ 37.696529617436276, 49.536697995134219 ], [ 37.696580676206665, 49.536797400465957 ], [ 37.696455865879052, 49.536981483879707 ], [ 37.696319709158047, 49.537040390425673 ], [ 37.696353748338289, 49.537125068461094 ], [ 37.696132493666632, 49.537191338125609 ], [ 37.695911238994967, 49.537283379177246 ], [ 37.695792305381531, 49.537589565267965 ], [ 37.695804380706583, 49.537776723208403 ], [ 37.695667291536466, 49.537850348232539 ], [ 37.695474402848347, 49.537912935322531 ], [ 37.69533257293061, 49.538166964453104 ], [ 37.695162377029348, 49.53842467381596 ], [ 37.694980834734643, 49.538560891073011 ], [ 37.694804965636649, 49.53881491683542 ], [ 37.694731214079432, 49.53887382117145 ], [ 37.694702848095886, 49.53897322207748 ], [ 37.694952468751097, 49.539105756304323 ], [ 37.694504286211057, 49.539282468047681 ], [ 37.694521305801189, 49.539356097752133 ], [ 37.694453227440675, 49.539422364391292 ], [ 37.694351109899898, 49.539448134726705 ], [ 37.694283031539399, 49.539529127120929 ], [ 37.694220626375589, 49.53958803059605 ], [ 37.694226299572293, 49.53966902275841 ], [ 37.69412418203153, 49.539742651880438 ], [ 37.69412418203153, 49.5398420510192 ], [ 37.694044757277609, 49.539923042760542 ], [ 37.694118508834812, 49.540107114400747 ], [ 37.694197933588747, 49.540162335757579 ], [ 37.694413515063708, 49.540081344412854 ], [ 37.694680155309051, 49.54004084869014 ], [ 37.694901409980709, 49.539923042760542 ], [ 37.695134011045795, 49.539897272675582 ], [ 37.695446036864801, 49.539742651880438 ], [ 37.695604886372664, 49.539702155877052 ], [ 37.695746716290401, 49.539911998440083 ], [ 37.695950084785188, 49.540035020615932 ], [ 37.69608143489625, 49.540114477251919 ], [ 37.696143840060053, 49.540313273814583 ], [ 37.696297016371211, 49.540508388172995 ], [ 37.696251630797533, 49.540802898936626 ], [ 37.69680760407504, 49.540902295918698 ], [ 37.697199054647982, 49.541344057837371 ], [ 37.697533773253816, 49.541686420577349 ], [ 37.697925223826772, 49.54200301194409 ], [ 37.698543602268096, 49.542216525893714 ], [ 37.699303810627143, 49.542194438286998 ], [ 37.699780359150729, 49.542212844626619 ], [ 37.700126424149985, 49.54235273258103 ], [ 37.700381718001914, 49.542636188523858 ], [ 37.700659704640671, 49.542765031590626 ], [ 37.701045482016909, 49.543022716704954 ], [ 37.701431259393132, 49.543519677016235 ], [ 37.701692226441764, 49.543931966179024 ], [ 37.70181703676937, 49.544491495906762 ], [ 37.701590108901016, 49.54493322537612 ], [ 37.701323468655673, 49.545161450703866 ], [ 37.700961325074395, 49.545393661854995 ], [ 37.700841246935376, 49.545470657511771 ], [ 37.700568933493322, 49.545835077308794 ], [ 37.700455469559138, 49.546762679071961 ], [ 37.700512201526223, 49.547344261670645 ], [ 37.70085259332879, 49.547800688734554 ], [ 37.701246999068964, 49.548116358209398 ], [ 37.701510684147081, 49.548728253176932 ], [ 37.701624148081265, 49.549353981146396 ], [ 37.701686553245061, 49.549858238442518 ], [ 37.701646840868108, 49.55012692816068 ], [ 37.701484998159067, 49.550384475842982 ], [ 37.701346161442515, 49.550605413040451 ], [ 37.70135750783593, 49.551209033433615 ], [ 37.701051155213619, 49.551577090988189 ], [ 37.701113560377429, 49.551797924189735 ], [ 37.701442605786575, 49.552129172120075 ], [ 37.701550396524048, 49.552375766342941 ], [ 37.701658187261529, 49.552821104994052 ], [ 37.701741937197831, 49.552833090097394 ], [ 37.702043964637753, 49.552876311981976 ], [ 37.702129062588412, 49.552935199366985 ], [ 37.702564572379593, 49.553137288955028 ], [ 37.702826865783656, 49.553075056621843 ], [ 37.703524668978908, 49.553321646069357 ], [ 37.703507997171016, 49.553374822997235 ], [ 37.70345659061838, 49.553538790969938 ], [ 37.703802655617658, 49.553535110555941 ], [ 37.704171413403763, 49.553630801229829 ], [ 37.704490457936011, 49.553622185456796 ], [ 37.704600718348679, 49.553690298130803 ], [ 37.704585556763547, 49.553785378076263 ], [ 37.704596903156968, 49.554142375113891 ], [ 37.704664981517482, 49.554528812265119 ], [ 37.704857870205586, 49.555066138841546 ], [ 37.705147203237765, 49.555158146224166 ], [ 37.705300379548923, 49.555264874570881 ], [ 37.705379804302851, 49.555364242132285 ], [ 37.705782601269213, 49.55555193586337 ], [ 37.706054914711252, 49.555643942330832 ], [ 37.706128666268476, 49.555684425121591 ], [ 37.706452038480911, 49.555772751094075 ], [ 37.706724351922958, 49.555732268376524 ], [ 37.707274652003754, 49.555559296387138 ], [ 37.707541292249104, 49.555342160469444 ], [ 37.707836298477993, 49.55522807171905 ], [ 37.708517082083098, 49.55495941006054 ], [ 37.708732663558052, 49.554941008523002 ], [ 37.709027669786941, 49.554878443243503 ], [ 37.709138998206988, 49.55479255736531 ], [ 37.709365224991153, 49.554810357407113 ], [ 37.709471774057498, 49.554876341226418 ], [ 37.709535420892422, 49.554972291132692 ], [ 37.709756675564087, 49.555016454782844 ], [ 37.709978212634311, 49.555003848201963 ], [ 37.710080047776522, 49.554998053266807 ], [ 37.710255916874516, 49.555036696442485 ], [ 37.710392953231704, 49.555108268207924 ], [ 37.7153675, 49.5563607 ], [ 37.731450007599634, 49.557153013942774 ], [ 37.732526050556942, 49.556886012677097 ], [ 37.733297605309417, 49.556878652353269 ], [ 37.734386859077603, 49.556746166334747 ], [ 37.739549468083098, 49.556576878121355 ], [ 37.740876996113073, 49.556635761044753 ], [ 37.741571832567693, 49.55656669630018 ], [ 37.74343889027373, 49.554340589035291 ], [ 37.749194971457598, 49.555352647265423 ], [ 37.751851624311698, 49.554952040882668 ], [ 37.757596833776297, 49.553575944780043 ], [ 37.758553302656019, 49.556214605273176 ], [ 37.753704093872848, 49.562582570616883 ], [ 37.753835182841179, 49.562593288236528 ], [ 37.762083671408647, 49.569813780603852 ], [ 37.767163136839784, 49.571204942830626 ], [ 37.773207295868602, 49.571736389497175 ], [ 37.772646565244898, 49.574610723529091 ], [ 37.777786595962226, 49.57583139852018 ], [ 37.781311188454104, 49.576394110752567 ], [ 37.784728975112884, 49.576991444330723 ], [ 37.789441782497889, 49.577952356919717 ], [ 37.794181291341125, 49.578809371103709 ], [ 37.798320017373257, 49.579588461846811 ], [ 37.790735079384469, 49.593206716794157 ], [ 37.790812798359291, 49.593918284244339 ], [ 37.794384096214237, 49.60027294405468 ], [ 37.789722147809726, 49.603651909566977 ], [ 37.789521886872691, 49.605347716214155 ], [ 37.789285245843573, 49.607426482611032 ], [ 37.789495185414417, 49.607437111149366 ], [ 37.820802645238089, 49.606680094343581 ], [ 37.823499492523545, 49.606766611144906 ], [ 37.829307059697655, 49.606853127792718 ], [ 37.833178771147054, 49.606879082757111 ], [ 37.836556505618447, 49.606913689354819 ], [ 37.838025085823396, 49.606991554109825 ], [ 37.840548373630085, 49.606991554109825 ], [ 37.844740502578752, 49.60694829592795 ], [ 37.846783164136546, 49.606853127792718 ], [ 37.848172617883108, 49.608669492656546 ], [ 37.84907688190993, 49.610472435644134 ], [ 37.850328939793215, 49.612162634132218 ], [ 37.851476659519562, 49.613357005721525 ], [ 37.852276585389433, 49.614033052139739 ], [ 37.853180849416262, 49.615520321251907 ], [ 37.852728717402854, 49.616444207997553 ], [ 37.852937393716722, 49.61736807722879 ], [ 37.854224230985665, 49.61829192894573 ], [ 37.855719744568468, 49.619779068091084 ], [ 37.856241435353184, 49.621626662595624 ], [ 37.856067538424938, 49.622257532479111 ], [ 37.855562952762753, 49.630298362639238 ], [ 37.848269078358875, 49.636028544593941 ], [ 37.829917935387648, 49.648127363117219 ], [ 37.827858327102248, 49.648919248998737 ], [ 37.827872100436402, 49.649885812977907 ], [ 37.796458984476921, 49.66875642595847 ], [ 37.798759796265593, 49.674496560816991 ], [ 37.802472505143129, 49.675902259350913 ], [ 37.799020732093034, 49.685936751487525 ], [ 37.800755703999144, 49.693645150157664 ], [ 37.803154389990141, 49.69361021783741 ], [ 37.805366770273103, 49.693517064983389 ], [ 37.806694198442884, 49.693354047488853 ], [ 37.807870253224877, 49.693458844449623 ], [ 37.808918222832602, 49.693400623915863 ], [ 37.809360698889201, 49.693726658904929 ], [ 37.809966192440328, 49.694192423175025 ], [ 37.810420312603668, 49.694227355495286 ], [ 37.811165535435826, 49.694041049787245 ], [ 37.811642943812679, 49.693843099972455 ], [ 37.813529289106569, 49.693703370691424 ], [ 37.814542326394033, 49.693831455865698 ], [ 37.818710916611373, 49.693982829253486 ], [ 37.833003276495646, 49.696033812823401 ], [ 37.824830006133908, 49.701074472037206 ], [ 37.822435047841857, 49.703262693014558 ], [ 37.823518481354917, 49.718331695384215 ], [ 37.815858416341484, 49.725176345341794 ], [ 37.802020879543001, 49.733199454952455 ], [ 37.786170853859616, 49.739913098182207 ], [ 37.786264308963553, 49.740206449975489 ], [ 37.788814298228523, 49.745072379825594 ], [ 37.782833171575639, 49.746426816019124 ], [ 37.781070875329704, 49.747246360957092 ], [ 37.779869309707465, 49.748272929292462 ], [ 37.777546282837825, 49.749489255249777 ], [ 37.77595754607065, 49.750058588835273 ], [ 37.77423530201213, 49.75044676699391 ], [ 37.771017776290371, 49.750671046291785 ], [ 37.769909665772097, 49.750834942045941 ], [ 37.76961594973109, 49.750938454868503 ], [ 37.766838998070845, 49.751292122012053 ], [ 37.759229082463385, 49.752033952032946 ], [ 37.758935366422392, 49.751369755917899 ], [ 37.756425429344844, 49.746987558788256 ], [ 37.755165883740467, 49.744674810688196 ], [ 37.735306969639375, 49.747648051161846 ], [ 37.735972112308637, 49.750321687704229 ], [ 37.73604554131888, 49.75090826365139 ], [ 37.731759957266256, 49.751684603262156 ], [ 37.732000270390706, 49.75238329828737 ], [ 37.732000270390706, 49.752439365970417 ], [ 37.731686528256027, 49.752491120697229 ], [ 37.731586397787503, 49.752650697423952 ], [ 37.73129268174651, 49.752810273625613 ], [ 37.731199226642552, 49.752991413542567 ], [ 37.731172525184292, 49.753224306727432 ], [ 37.730191246592796, 49.753409757908138 ], [ 37.729957608832926, 49.753534829234269 ], [ 37.729670568156493, 49.753793596471191 ], [ 37.729049759251673, 49.753966107195438 ], [ 37.728469002534254, 49.75429818861204 ], [ 37.727641257327839, 49.754837276978861 ], [ 37.72718733253722, 49.755186603040848 ], [ 37.726846888944252, 49.755389297256514 ], [ 37.726392964153646, 49.755579052775744 ], [ 37.725792181342513, 49.755669617648145 ], [ 37.724030005270393, 49.755931919982316 ], [ 37.722981852859412, 49.756087938911591 ], [ 37.722776985342975, 49.756733491537581 ], [ 37.723122035515345, 49.758438233555381 ], [ 37.722094029371881, 49.759110957474526 ], [ 37.721426492915079, 49.759248950970999 ], [ 37.720104770730622, 49.759197203455841 ], [ 37.719575010877939, 49.758781864020371 ], [ 37.719377155992724, 49.758602103062174 ], [ 37.718776373181605, 49.758705599307454 ], [ 37.718469306411478, 49.7589643389542 ], [ 37.718415903494943, 49.75918857886461 ], [ 37.718496007869753, 49.759322259856269 ], [ 37.718551071074891, 49.75943687649616 ], [ 37.71867624271308, 49.759697427122369 ], [ 37.718475981776059, 49.759999283734849 ], [ 37.718095485995683, 49.760012220404818 ], [ 37.717298823197922, 49.760237937241882 ], [ 37.716573502874184, 49.760443440762053 ], [ 37.713734794871115, 49.761391792683376 ], [ 37.713644566057738, 49.761421936209381 ], [ 37.713462782985509, 49.761482666064524 ], [ 37.713574039061747, 49.761683896605668 ], [ 37.713754171244908, 49.762307246516073 ], [ 37.713823252672277, 49.762546303750625 ], [ 37.713238527060035, 49.762607606837811 ], [ 37.710423266985678, 49.762902760889858 ], [ 37.710559870769899, 49.764167501251791 ], [ 37.710636878651862, 49.764880475471791 ], [ 37.708073538657764, 49.765834808881465 ], [ 37.704691353943325, 49.767329510200568 ], [ 37.70401491700045, 49.767743419340476 ], [ 37.702571470974831, 49.766621935802249 ], [ 37.702172516379683, 49.766311968541252 ], [ 37.701522780895075, 49.766070514842589 ], [ 37.701113358534897, 49.766122255022104 ], [ 37.700748438605189, 49.766352210707439 ], [ 37.700739538119102, 49.766651151467592 ], [ 37.700169907009304, 49.767099559151248 ], [ 37.699991625731286, 49.767150280399434 ], [ 37.699422266177692, 49.767312263909695 ], [ 37.699119649650612, 49.767266273770744 ], [ 37.698567819512995, 49.766875355827892 ], [ 37.698033790347566, 49.766645402624199 ], [ 37.697588766043033, 49.766553421037258 ], [ 37.697303950488127, 49.766185492944324 ], [ 37.697232746599404, 49.766162497345782 ], [ 37.696894528127963, 49.766196990739495 ], [ 37.695951076602356, 49.765921042902626 ], [ 37.695630659103095, 49.765771570501791 ], [ 37.695274639659466, 49.765507118202102 ], [ 37.695684953957766, 49.765242087899829 ], [ 37.695380515431324, 49.765107194792051 ], [ 37.694687207577481, 49.765139182167879 ], [ 37.69411757646769, 49.764886224524474 ], [ 37.693833194793378, 49.764492601536794 ], [ 37.69355436923599, 49.764397227690864 ], [ 37.691144814113436, 49.765001205435105 ], [ 37.689702935366746, 49.764345810591585 ], [ 37.687976241065186, 49.763644413312633 ], [ 37.686694571068131, 49.763414444782697 ], [ 37.68619303230367, 49.763163952921687 ], [ 37.684967876766564, 49.762552053080114 ], [ 37.684344842740209, 49.762506058425089 ], [ 37.679334952140863, 49.763427507114116 ], [ 37.677222891270382, 49.763815969832343 ], [ 37.6720404, 49.7671743 ], [ 37.666195, 49.774498 ], [ 37.6579446, 49.779382199999986 ], [ 37.650748808525606, 49.779237687994694 ], [ 37.65014633178113, 49.779059752535886 ], [ 37.634797519273363, 49.774526634833421 ], [ 37.6232738, 49.7767237 ], [ 37.618137976457902, 49.779446985678987 ], [ 37.611681967258463, 49.783745915292464 ], [ 37.612266628794757, 49.787240400280531 ], [ 37.612419414793429, 49.788212727512573 ], [ 37.613205171358018, 49.790270051228312 ], [ 37.612134023112546, 49.791200130342787 ], [ 37.605347605712161, 49.796568300391236 ], [ 37.604741760923616, 49.800794511837033 ], [ 37.600813780779987, 49.808901093612853 ], [ 37.600760377863445, 49.809498448349309 ], [ 37.600956188557447, 49.810084308333856 ], [ 37.600956188557447, 49.810647186737434 ], [ 37.600835278888404, 49.810966377857753 ], [ 37.600973989529621, 49.811003290101894 ], [ 37.605452559564036, 49.813961807027681 ], [ 37.606721615272924, 49.814525395671495 ], [ 37.608913223122464, 49.814989171541654 ], [ 37.6097562, 49.815873 ], [ 37.6157104, 49.8234517 ], [ 37.6170778, 49.8247906 ], [ 37.621786495076591, 49.826871203737028 ], [ 37.628369685716628, 49.827163029985243 ], [ 37.6286723022437, 49.827679776951534 ], [ 37.629580151824946, 49.828127619856986 ], [ 37.630042977101667, 49.829574468598679 ], [ 37.629918370296394, 49.830872002484327 ], [ 37.629761537648058, 49.831396549292087 ], [ 37.629437744047507, 49.83247951831251 ], [ 37.632238071538964, 49.837874233471879 ], [ 37.632989037997653, 49.850399700788408 ], [ 37.633016883037889, 49.85118967206251 ], [ 37.6341422, 49.851668 ], [ 37.63572837289319, 49.851631050900195 ], [ 37.649242579029661, 49.85389771847727 ], [ 37.648992111988619, 49.854669257523724 ], [ 37.649081116849516, 49.856207123727415 ], [ 37.647907468058932, 49.856449015424538 ], [ 37.647318820603566, 49.856516986366678 ], [ 37.645681131162895, 49.857021943447364 ], [ 37.64356281547331, 49.857917081667459 ], [ 37.641942927004827, 49.859145000710789 ], [ 37.638496815427388, 49.860321126047445 ], [ 37.636656038266985, 49.860476167411804 ], [ 37.636086407157187, 49.86048764282738 ], [ 37.635979601324095, 49.86086633001193 ], [ 37.6364603, 49.8627673 ], [ 37.640160876050608, 49.868195651328378 ], [ 37.640857067701766, 49.867980507210071 ], [ 37.64208533478228, 49.867819876060558 ], [ 37.643384805751509, 49.867601875788964 ], [ 37.649135552135021, 49.867029941528969 ], [ 37.649972567388822, 49.873408293621416 ], [ 37.649939481988852, 49.875055058214727 ], [ 37.64950834018186, 49.875208356065407 ], [ 37.648903107127694, 49.875976968419394 ], [ 37.648796301294603, 49.877043827977843 ], [ 37.648369077962258, 49.877984480292675 ], [ 37.64749683032538, 49.877973009033362 ], [ 37.646820393382477, 49.878076250269132 ], [ 37.646090553523045, 49.87879893273864 ], [ 37.644951291303443, 49.878466270723209 ], [ 37.644773281581635, 49.879728080020065 ], [ 37.644439513353241, 49.880396252043305 ], [ 37.644541274760208, 49.880823403950501 ], [ 37.644662025505511, 49.881035738495598 ], [ 37.644443963596281, 49.88185587464227 ], [ 37.644550034824078, 49.882435185159423 ], [ 37.644556237976964, 49.883576482796158 ], [ 37.64479998303991, 49.884516919762618 ], [ 37.645440818038452, 49.885927672980166 ], [ 37.645529822899356, 49.886329099287558 ], [ 37.645672230676794, 49.886776398954865 ], [ 37.646152856925696, 49.887154880051284 ], [ 37.646437672480602, 49.887670985854754 ], [ 37.646384269564052, 49.888267367910494 ], [ 37.646117254981334, 49.888966960545396 ], [ 37.645565424843717, 49.889505984019955 ], [ 37.645707832621163, 49.88975829081204 ], [ 37.646455473452775, 49.890022064684473 ], [ 37.647220915256561, 49.890675758937782 ], [ 37.648110963865641, 49.890870718667678 ], [ 37.648609391086715, 49.890962464150434 ], [ 37.649695250389776, 49.89095099597462 ], [ 37.652017818808524, 49.890277707945828 ], [ 37.655062148535123, 49.888980450709965 ], [ 37.655605173153624, 49.888539751493838 ], [ 37.655498367320547, 49.888172750094938 ], [ 37.655213551765634, 49.887478880449997 ], [ 37.655293656140465, 49.886882488652013 ], [ 37.655507267806634, 49.886481066946686 ], [ 37.658248617522545, 49.883063112642311 ], [ 37.659263272936876, 49.883395742985982 ], [ 37.661078972099354, 49.881434337873038 ], [ 37.665392986634629, 49.882524284055066 ], [ 37.665937641593885, 49.882520579205305 ], [ 37.679817130727415, 49.884865139639629 ], [ 37.680624439554329, 49.885001512406355 ], [ 37.683365789270226, 49.888728985499775 ], [ 37.683883684526599, 49.88901021671704 ], [ 37.684611857322913, 49.889405634360593 ], [ 37.685145886488343, 49.88954325669684 ], [ 37.6940245, 49.8910215 ], [ 37.694242183272934, 49.890437792317378 ], [ 37.695007625076727, 49.890128147248014 ], [ 37.695719663963985, 49.89000199498355 ], [ 37.69709033882193, 49.89004786857241 ], [ 37.697748974792638, 49.889898779249172 ], [ 37.697766775764819, 49.889600599221126 ], [ 37.697926984514446, 49.8894056343606 ], [ 37.698354207846791, 49.889279480207662 ], [ 37.6987280282626, 49.889050108175731 ], [ 37.699048445761868, 49.888797797681619 ], [ 37.69942226617767, 49.888671641939951 ], [ 37.700169907009283, 49.888992764997425 ], [ 37.701095557562702, 49.889118919899758 ], [ 37.701825397422134, 49.88915332572499 ], [ 37.701371606077558, 49.890150787227597 ], [ 37.7019903, 49.89013520000001 ], [ 37.707967182366332, 49.892511761944462 ], [ 37.710654679624, 49.893121299703807 ], [ 37.710939495178899, 49.892846075044076 ], [ 37.723008554317765, 49.896595876035228 ], [ 37.72932789944209, 49.898751593007511 ], [ 37.733083904572318, 49.899978474022774 ], [ 37.733573896292143, 49.900193091618149 ], [ 37.744164320573248, 49.900542548940869 ], [ 37.744581694950156, 49.900917989234784 ], [ 37.745971808431499, 49.902168436418116 ], [ 37.746630444402207, 49.902500935105145 ], [ 37.747271279400721, 49.902592658477602 ], [ 37.747680701760899, 49.903051272724014 ], [ 37.748463944536866, 49.903819441819529 ], [ 37.748730959119591, 49.904610528550869 ], [ 37.748552949397777, 49.906582456392059 ], [ 37.748404634021924, 49.906952959379971 ], [ 37.748343787974669, 49.90723879240015 ], [ 37.748388290405124, 49.907622845136395 ], [ 37.747747989656894, 49.911379531201803 ], [ 37.74815687776676, 49.912460501309837 ], [ 37.748708258009096, 49.912820838521959 ], [ 37.753528, 49.913556 ], [ 37.765951171087593, 49.912749344858611 ], [ 37.770904754862229, 49.913101488715462 ], [ 37.770980136984761, 49.913427910866616 ], [ 37.771584934778588, 49.914136254916876 ], [ 37.77215458545858, 49.915324292433752 ], [ 37.772103571964855, 49.916244043312972 ], [ 37.771942029234715, 49.917284216620153 ], [ 37.772103571964855, 49.917913784300147 ], [ 37.772690227142725, 49.918871806301937 ], [ 37.773472434046568, 49.919545147517596 ], [ 37.774713762393958, 49.920366282615255 ], [ 37.775274910824983, 49.921034128848547 ], [ 37.775198390584386, 49.921959244822546 ], [ 37.774373672435772, 49.922862447433772 ], [ 37.773599967780889, 49.923962689570708 ], [ 37.773489438544466, 49.924411537360129 ], [ 37.77344692729968, 49.92575805565312 ], [ 37.773344900312239, 49.92667213403606 ], [ 37.773268380071642, 49.927120956597449 ], [ 37.773242873324783, 49.927619035279335 ], [ 37.773523447540285, 49.928467399206824 ], [ 37.773629371051186, 49.929339218129677 ], [ 37.766968213596151, 49.933026415397102 ], [ 37.75283369829512, 49.940153020171188 ], [ 37.750801983337396, 49.946705621991342 ], [ 37.7475857470736, 49.954049374299345 ], [ 37.735311624786938, 49.955833943344892 ], [ 37.733100990812403, 49.957203255823359 ], [ 37.728365038674276, 49.960136802685874 ], [ 37.727901149998949, 49.960642996151428 ], [ 37.728454318705559, 49.961324675518433 ], [ 37.728527487026561, 49.961414842106223 ], [ 37.728829256788586, 49.961786718204593 ], [ 37.729292816024916, 49.962357970271128 ], [ 37.734401463461943, 49.966354302845005 ], [ 37.735787257479352, 49.966837768598644 ], [ 37.736808986966757, 49.966890647370846 ], [ 37.742855714580784, 49.968098639702681 ], [ 37.746424222927274, 49.969697929137901 ], [ 37.752240625431725, 49.971815672601068 ], [ 37.763666649454187, 49.972948993921626 ], [ 37.763831784151215, 49.972965373256429 ], [ 37.767315174076757, 49.977426598860475 ], [ 37.767730719610306, 49.977697017709175 ], [ 37.771040027505705, 49.97985057047012 ], [ 37.772286095558385, 49.980594622264185 ], [ 37.775118099717631, 49.982307747885358 ], [ 37.77779953397328, 49.986890180569105 ], [ 37.782042700993003, 49.992628806971659 ], [ 37.779503087958993, 49.999369507362701 ], [ 37.779287972331659, 50.008245303176054 ], [ 37.776388131136144, 50.01812957550618 ], [ 37.775222908520185, 50.023633525095455 ], [ 37.770215625467131, 50.030924198026085 ], [ 37.764505251325986, 50.039292337481371 ], [ 37.763725068927293, 50.039757294668469 ], [ 37.751423405044854, 50.039804578450209 ], [ 37.745355319721668, 50.040198609964705 ], [ 37.734558856224581, 50.051798897751354 ], [ 37.737974729872768, 50.05439467556802 ], [ 37.738163841688042, 50.055464753612483 ], [ 37.734374549208631, 50.055828790444565 ], [ 37.731429160294496, 50.056010808860606 ], [ 37.727358566626656, 50.057963370050871 ], [ 37.725952060684513, 50.059568441537778 ], [ 37.723883669593135, 50.059949025498597 ], [ 37.723205237315156, 50.060362703716869 ], [ 37.723139048800235, 50.06125624866835 ], [ 37.721401600283471, 50.061438267084391 ], [ 37.721103751966318, 50.061736115401551 ], [ 37.716685668595119, 50.062381453422063 ], [ 37.714122975830101, 50.066586897959525 ], [ 37.71281038884856, 50.066854621083237 ], [ 37.705720237142785, 50.06704699094535 ], [ 37.701122774453772, 50.07011527349438 ], [ 37.699575937487211, 50.070175151054379 ], [ 37.698401091347307, 50.070423357985348 ], [ 37.696580907186878, 50.07093631897601 ], [ 37.686123121828849, 50.076396871457263 ], [ 37.685031011332597, 50.083611419584003 ], [ 37.676294127362596, 50.083743796613852 ], [ 37.671694025575363, 50.083379759781771 ], [ 37.662692387545668, 50.093539696822646 ], [ 37.659250584769616, 50.101978732475487 ], [ 37.65513034971557, 50.109474581790664 ], [ 37.654617388724908, 50.110781804960418 ], [ 37.653889315060738, 50.113048761596573 ], [ 37.652449714861135, 50.112982573081652 ], [ 37.646252815151357, 50.113735467438907 ], [ 37.645756401289418, 50.113636184666511 ], [ 37.639418850985422, 50.114082957142251 ], [ 37.637499384052617, 50.114546276746722 ], [ 37.637449742666426, 50.115406727440735 ], [ 37.637002970190686, 50.115688028629165 ], [ 37.63457054226722, 50.116035518332517 ], [ 37.633379148998586, 50.116862874769069 ], [ 37.633461884642244, 50.11732619437354 ], [ 37.633114394938893, 50.118616870414563 ], [ 37.632667622463153, 50.119196019920153 ], [ 37.632320132759801, 50.120106112000357 ], [ 37.63152587058071, 50.121049298338029 ], [ 37.631443134937051, 50.121628447843619 ], [ 37.63154241770944, 50.122224144477933 ], [ 37.6314026225958, 50.125117903330256 ], [ 37.630409121409407, 50.125083644668656 ], [ 37.628459348923286, 50.125543496670097 ], [ 37.627282127799589, 50.12629765395247 ], [ 37.627631615320688, 50.128780854760258 ], [ 37.627815556121263, 50.130289169324996 ], [ 37.62842256076317, 50.130969750287129 ], [ 37.630390727329349, 50.131539966768919 ], [ 37.631439189892639, 50.132514853011969 ], [ 37.6298021167675, 50.133949591256474 ], [ 37.628661683803919, 50.134096743896933 ], [ 37.626160088916073, 50.138198623749823 ], [ 37.625038050032551, 50.138253805989997 ], [ 37.623327400587186, 50.138529717190863 ], [ 37.622094997223314, 50.138492929030747 ], [ 37.620899382019566, 50.138198623749823 ], [ 37.6200164661768, 50.137701983588265 ], [ 37.613707296717003, 50.138143441509648 ], [ 37.607361339097089, 50.13862168759114 ], [ 37.605577113331492, 50.139247086313105 ], [ 37.597060654264766, 50.139228692233054 ], [ 37.594706212017378, 50.140828977198076 ], [ 37.591524036167392, 50.143772030007312 ], [ 37.590806667045136, 50.144636551770027 ], [ 37.590677908484736, 50.146108078174649 ], [ 37.590549149924328, 50.146935811777247 ], [ 37.591009001925777, 50.147395663778688 ], [ 37.592241405289641, 50.147781939459897 ], [ 37.593510596813623, 50.147634786819438 ], [ 37.594467088976629, 50.147837121700071 ], [ 37.595993797621418, 50.147873909860188 ], [ 37.596343285142517, 50.148241791461345 ], [ 37.598568968829497, 50.148002668420588 ], [ 37.600426770915327, 50.147616392739387 ], [ 37.603020336203464, 50.148205003301236 ], [ 37.604326315887562, 50.148701643462793 ], [ 37.604271133647394, 50.149419012585042 ], [ 37.603829675726004, 50.150927327149773 ], [ 37.604142375086987, 50.152270094993987 ], [ 37.605301202130626, 50.152969070036185 ], [ 37.606662364054898, 50.153189798996877 ], [ 37.60782119109853, 50.153796803638784 ], [ 37.60907198854246, 50.154734901721724 ], [ 37.609421476063552, 50.155415482683857 ], [ 37.607839585178588, 50.156500733407263 ], [ 37.607637250297955, 50.157181314369403 ], [ 37.605466748851143, 50.159094298695408 ], [ 37.608593742460961, 50.160602613260139 ], [ 37.610543514947075, 50.160105973098581 ], [ 37.611500007110081, 50.16001400269829 ], [ 37.614810941520467, 50.163416907508967 ], [ 37.614939700080875, 50.164594128632665 ], [ 37.615951374484048, 50.164998798393931 ], [ 37.61815866409097, 50.165256315514739 ], [ 37.627668403480818, 50.166856600479761 ], [ 37.627190157399312, 50.171491908654311 ], [ 37.626951034358562, 50.175465029946778 ], [ 37.626767093557987, 50.175722547067586 ], [ 37.627153369239196, 50.176035246428569 ], [ 37.628735260124159, 50.176476704349959 ], [ 37.631807071493803, 50.176660645150534 ], [ 37.632579622856227, 50.176568674750243 ], [ 37.634327060461708, 50.176844585951109 ], [ 37.636460773748404, 50.176991738591575 ], [ 37.63855769887499, 50.177010132671633 ], [ 37.640286742400413, 50.176568674750243 ], [ 37.640657838893453, 50.176557033430406 ], [ 37.640905680985547, 50.177162167233028 ], [ 37.640236574678447, 50.178384188107515 ], [ 37.639617031801507, 50.179225301196695 ], [ 37.639121397499956, 50.17959030792958 ], [ 37.639847, 50.181424 ], [ 37.639790503807049, 50.18266894940313 ], [ 37.640063102672912, 50.184335141672143 ], [ 37.641029589560929, 50.185477639921757 ], [ 37.641326970141868, 50.186350363228556 ], [ 37.641822604443412, 50.186889856932986 ], [ 37.641822604443412, 50.187270672349321 ], [ 37.642194330169573, 50.187762554434649 ], [ 37.64221911188465, 50.188381366636456 ], [ 37.642615619325888, 50.188889103992899 ], [ 37.641996076448955, 50.189444435545504 ], [ 37.642764309616346, 50.190142557478119 ], [ 37.643528515634081, 50.190804117237001 ], [ 37.641574787292633, 50.192696962100712 ], [ 37.637250378011615, 50.196718682487372 ], [ 37.636159982548214, 50.197325480706603 ], [ 37.634611125355882, 50.198293169099117 ], [ 37.632566633861998, 50.199823980349791 ], [ 37.631505137478499, 50.20053257215443 ], [ 37.628936112603157, 50.202623730925467 ], [ 37.627288128550518, 50.204205953596009 ], [ 37.626742930818807, 50.204713522689524 ], [ 37.626557067955737, 50.204987131914919 ], [ 37.625576947560496, 50.205810949324473 ], [ 37.625014406192157, 50.206283780392042 ], [ 37.623459353571064, 50.207984834604318 ], [ 37.622561016399501, 50.209202101915203 ], [ 37.621823760375939, 50.210284531781262 ], [ 37.621018354635915, 50.211620684238646 ], [ 37.620659019767302, 50.212179716153457 ], [ 37.620312075756217, 50.212417600088195 ], [ 37.618837563709107, 50.213178820709807 ], [ 37.617809122533387, 50.213678365143004 ], [ 37.617425005949698, 50.213844878791846 ], [ 37.616848831074144, 50.21426116037162 ], [ 37.616365587630142, 50.214598147561802 ], [ 37.616185920195818, 50.214978741996937 ], [ 37.614835316724104, 50.222748547976096 ], [ 37.615083133874876, 50.222859536036168 ], [ 37.61516986987764, 50.22331141332883 ], [ 37.616173529338276, 50.2248889864548 ], [ 37.616421346489055, 50.225515244734623 ], [ 37.616570036779521, 50.226284183527319 ], [ 37.61795781282386, 50.227362262401911 ], [ 37.618614528273405, 50.227798243261439 ], [ 37.619097771717435, 50.22858299876463 ], [ 37.620287294041148, 50.230176250515946 ], [ 37.621637897512869, 50.231967604334187 ], [ 37.622815028979034, 50.233671705903106 ], [ 37.623806297582142, 50.235082497397656 ], [ 37.624624094179694, 50.23646947081248 ], [ 37.62801299371656, 50.241145255283882 ], [ 37.629276861185517, 50.245852276702976 ], [ 37.625435695348521, 50.247785665963235 ], [ 37.625361350203292, 50.249180193131394 ], [ 37.62565873078421, 50.250273600663562 ], [ 37.626179146800837, 50.252206810556643 ], [ 37.626290664518685, 50.253450678731824 ], [ 37.626538481669463, 50.254448918875561 ], [ 37.626749126247617, 50.255819484366519 ], [ 37.62772800399317, 50.258101031952975 ], [ 37.628037775431636, 50.261348879951704 ], [ 37.627133242831313, 50.262299427719562 ], [ 37.626897816538076, 50.26382026469269 ], [ 37.626786298820242, 50.264889574113759 ], [ 37.626811080535319, 50.267899353219676 ], [ 37.626736735390082, 50.271479158577954 ], [ 37.626773907962693, 50.272849234106928 ], [ 37.626885425680548, 50.274124240079601 ], [ 37.627034115971, 50.274662741663342 ], [ 37.627034115971014, 50.275763483303969 ], [ 37.626897816538076, 50.277165110283626 ], [ 37.626352618806379, 50.279160575802536 ], [ 37.626526090811922, 50.279564409837732 ], [ 37.626476527381769, 50.280973842959085 ], [ 37.626352618806379, 50.282858300693434 ], [ 37.626402182236532, 50.285098966361971 ], [ 37.626315446233768, 50.287022845994954 ], [ 37.626141974228219, 50.289176232183685 ], [ 37.626141974228219, 50.29064871222846 ], [ 37.626241101088532, 50.291432433026884 ], [ 37.626315446233761, 50.292928591433856 ], [ 37.627058897686091, 50.294480113423674 ], [ 37.628657318308584, 50.296427360238702 ], [ 37.630652246372321, 50.297860039725393 ], [ 37.635844015681037, 50.301437592359491 ], [ 37.637380482015836, 50.302339852969602 ], [ 37.637752207741997, 50.302696003762229 ], [ 37.637553954021378, 50.30327375382037 ], [ 37.636934411144445, 50.304983219737572 ], [ 37.636302477409963, 50.30734946236867 ], [ 37.635955533398892, 50.308750159219407 ], [ 37.635856406538565, 50.309438622209292 ], [ 37.635905969968725, 50.309786806592804 ], [ 37.635720107105655, 50.310356557357437 ], [ 37.636513121988123, 50.310831344446441 ], [ 37.635311208806861, 50.31227150294967 ], [ 37.634084513910537, 50.312160723074967 ], [ 37.633737569899452, 50.312200287345554 ], [ 37.630701809802467, 50.313371374845538 ], [ 37.629809668059671, 50.313664142213604 ], [ 37.627170415403938, 50.314083508546084 ], [ 37.622449498681689, 50.314740244615621 ], [ 37.616526668778178, 50.315491919344467 ], [ 37.612697893798718, 50.315974567378518 ], [ 37.609092154254945, 50.316346440390511 ], [ 37.606229866163503, 50.316346440390511 ], [ 37.604402214676561, 50.316295011317521 ], [ 37.59777310589336, 50.316144679862028 ], [ 37.596187076128395, 50.316097206672048 ], [ 37.595071898949918, 50.316033909011679 ], [ 37.590859007386761, 50.315211031757592 ], [ 37.587996719295319, 50.314601776921947 ], [ 37.586249608382346, 50.314309015327581 ], [ 37.585357466639572, 50.313873825842236 ], [ 37.58498574091341, 50.31332785521802 ], [ 37.584403370609081, 50.3129638713188 ], [ 37.58201193510412, 50.310898605567367 ], [ 37.580029397897924, 50.308999431453095 ], [ 37.576876, 50.306363 ], [ 37.57655995778709, 50.306514564112987 ], [ 37.57529609031814, 50.307915285554898 ], [ 37.57410656799442, 50.309260572391629 ], [ 37.572855091382998, 50.310582081815831 ], [ 37.571046026182351, 50.312520756724027 ], [ 37.569398042129698, 50.314372315284544 ], [ 37.567923530082595, 50.316073470059294 ], [ 37.566758789473958, 50.317252374170124 ], [ 37.565730348298231, 50.318454984481782 ], [ 37.557750636043316, 50.327347026976867 ], [ 37.554281195932475, 50.3338172362458 ], [ 37.551679115849339, 50.334228515608871 ], [ 37.544529591049503, 50.334687246082893 ], [ 37.542745307563933, 50.334608154937861 ], [ 37.542026637826687, 50.334196878861178 ], [ 37.539969755475262, 50.334347153225039 ], [ 37.53788809140876, 50.334481608831915 ], [ 37.534777986166539, 50.333643232366555 ], [ 37.533278692404352, 50.333904237946413 ], [ 37.525732660163271, 50.335406969451988 ], [ 37.521420641739795, 50.336237405944821 ], [ 37.520925007438258, 50.336498397273111 ], [ 37.518917688516986, 50.338254119850248 ], [ 37.516637770729851, 50.34003350219777 ], [ 37.514345462085195, 50.341939344468877 ], [ 37.511991199152838, 50.344042799440409 ], [ 37.51097514883466, 50.344833547892485 ], [ 37.509798017368489, 50.345908944658852 ], [ 37.508682840189998, 50.346818268511342 ], [ 37.507914607022606, 50.347695947194445 ], [ 37.506948120134588, 50.349229869185862 ], [ 37.505907288101326, 50.350542361036084 ], [ 37.505709034380708, 50.352455687775148 ], [ 37.501025290231077, 50.352874711851726 ], [ 37.49935252446334, 50.3531672359019 ], [ 37.492996014545987, 50.354621923330122 ], [ 37.485734972028304, 50.356226771334548 ], [ 37.484656967422431, 50.35662995122258 ], [ 37.484297632553812, 50.357080559986493 ], [ 37.482414222207929, 50.359104293972663 ], [ 37.482538130783311, 50.359349349653776 ], [ 37.482947029082091, 50.361554793853941 ], [ 37.481968151336538, 50.362993415489854 ], [ 37.481323826744529, 50.363443963848553 ], [ 37.481645989040523, 50.363807561159781 ], [ 37.480741456440207, 50.36419486827517 ], [ 37.479204990105401, 50.365356770657172 ], [ 37.478436756937995, 50.365759873000329 ], [ 37.477780041488451, 50.365744065129803 ], [ 37.475747940852088, 50.366716239370966 ], [ 37.474558418528382, 50.367735815349214 ], [ 37.473269769344348, 50.368423423989078 ], [ 37.472625444752346, 50.368439230967084 ], [ 37.471844820727398, 50.369442963287774 ], [ 37.470952678984617, 50.370683768384396 ], [ 37.470952678984617, 50.372288073371536 ], [ 37.471064196702464, 50.374967062739579 ], [ 37.470791597836616, 50.375694078004543 ], [ 37.468102781750709, 50.377819743507985 ], [ 37.467408893728546, 50.378475598765704 ], [ 37.46716107657776, 50.378957607089639 ], [ 37.466479579413139, 50.380861887157252 ], [ 37.465736127960824, 50.381667824990231 ], [ 37.465352011377114, 50.382426342205676 ], [ 37.465017458223564, 50.383548293344816 ], [ 37.465005067366022, 50.384362086366188 ], [ 37.465252884516801, 50.385507693652727 ], [ 37.46561221938542, 50.386123939918249 ], [ 37.465909599966345, 50.387230002873395 ], [ 37.46613263540204, 50.387790924941584 ], [ 37.466008726826651, 50.390232043710661 ], [ 37.466008726826651, 50.391274813419521 ], [ 37.465990140540342, 50.391748792069635 ], [ 37.466095462829422, 50.392052925874495 ], [ 37.466039703970488, 50.392590092504264 ], [ 37.466324693693899, 50.39562338983923 ], [ 37.466014922255425, 50.396610749445635 ], [ 37.465829059392341, 50.397645480244314 ], [ 37.465891013680036, 50.398585406965069 ], [ 37.466237957691121, 50.399327856913416 ], [ 37.466225566833579, 50.400204564750794 ], [ 37.467328353154528, 50.406822790695088 ], [ 37.465891013680036, 50.409010234938442 ], [ 37.465494506238791, 50.410992272300703 ], [ 37.465209516515401, 50.411924038107138 ], [ 37.464837790789247, 50.413084771572656 ], [ 37.464453674205537, 50.413874369922652 ], [ 37.465011262794782, 50.414750808680381 ], [ 37.465395379378478, 50.415406153192649 ], [ 37.462805690152891, 50.41860378854097 ], [ 37.4579078, 50.421066105575669 ], [ 37.454251427863149, 50.423368541959952 ], [ 37.452715567219478, 50.427301611850318 ], [ 37.449914880163398, 50.429853136145596 ], [ 37.445518102634487, 50.433459567538918 ], [ 37.43871527624519, 50.436882328293365 ], [ 37.438200178391163, 50.437785004533644 ], [ 37.43832063804949, 50.438638536317946 ], [ 37.437447305526618, 50.439204352276001 ], [ 37.436027722991554, 50.439236683129678 ], [ 37.434119607465355, 50.440959297732107 ], [ 37.433246274942476, 50.441553854659638 ], [ 37.431122267426417, 50.44205441064129 ], [ 37.430527506264553, 50.441446782792781 ], [ 37.429660146236841, 50.440823364295184 ], [ 37.428978649072221, 50.440215720642023 ], [ 37.428396278767899, 50.440010540503856 ], [ 37.426934157578337, 50.438945167795204 ], [ 37.423563844327795, 50.436459204887164 ], [ 37.421581307121606, 50.43485707072243 ], [ 37.421011327674826, 50.434683437162292 ], [ 37.416017812086729, 50.433760011620294 ], [ 37.412709453123888, 50.433097028328326 ], [ 37.410181718185989, 50.432804997028079 ], [ 37.408186790122265, 50.432639248732023 ], [ 37.406241425488687, 50.432437982163833 ], [ 37.405677641470675, 50.432402464445332 ], [ 37.405212984312975, 50.432402464445332 ], [ 37.40401726656048, 50.432288018282264 ], [ 37.402827744236774, 50.43211832173813 ], [ 37.40073368931273, 50.43174340861227 ], [ 37.398825497251764, 50.431451368962506 ], [ 37.397078386338812, 50.431092236653335 ], [ 37.396595142894803, 50.431033038758436 ], [ 37.396279176027562, 50.431064610978268 ], [ 37.395250734851849, 50.431198792677648 ], [ 37.393206243357952, 50.43137243901824 ], [ 37.390343955266509, 50.431597389012559 ], [ 37.387283413454455, 50.431822337938094 ], [ 37.381242870404336, 50.432295911129984 ], [ 37.378646985749981, 50.432493231895215 ], [ 37.377556590286559, 50.432627409545823 ], [ 37.376305113675159, 50.432844460822572 ], [ 37.373436630154941, 50.433258828678632 ], [ 37.370673468923812, 50.433708709673191 ], [ 37.369050266586243, 50.433945487426875 ], [ 37.36750140939391, 50.434178317729902 ], [ 37.366126024207112, 50.434442716854996 ], [ 37.364366522436612, 50.43479393131971 ], [ 37.363319494974583, 50.435018865057557 ], [ 37.361188267477928, 50.435480567802706 ], [ 37.357136457062772, 50.436360552872209 ], [ 37.355575209012883, 50.436668346478982 ], [ 37.354342318687785, 50.436913001508017 ], [ 37.353313877512065, 50.437165547308481 ], [ 37.352966933500987, 50.437224737535558 ], [ 37.352626184918662, 50.437311549734737 ], [ 37.351826974607427, 50.437354955774623 ], [ 37.349187721951672, 50.437339171764727 ], [ 37.346114789282069, 50.437319441744954 ], [ 37.342874580035698, 50.437244467594816 ], [ 37.342403727449224, 50.437216845509553 ], [ 37.340830088541814, 50.437189223408204 ], [ 37.339529048500239, 50.437201061453614 ], [ 37.332645927137492, 50.437055058686575 ], [ 37.330762516791609, 50.436605209492022 ], [ 37.328953451590962, 50.436147463818237 ], [ 37.328631289294954, 50.435784420998573 ], [ 37.327107213817698, 50.435358236744605 ], [ 37.325025549751189, 50.434616351298033 ], [ 37.323513865131467, 50.434079660961643 ], [ 37.322411078810525, 50.433732387501827 ], [ 37.321134820484033, 50.433345648150834 ], [ 37.320007252448015, 50.43292733468391 ], [ 37.319585963291694, 50.432690551838057 ], [ 37.317578644370414, 50.431451368962527 ], [ 37.315769579169753, 50.430164794462982 ], [ 37.31405964082942, 50.42909920015795 ], [ 37.313638351673106, 50.428901865247575 ], [ 37.311321261313353, 50.427338943707277 ], [ 37.310503464715808, 50.426573251196785 ], [ 37.309821967551173, 50.425878591610136 ], [ 37.30953697782779, 50.425428636212736 ], [ 37.30936350582224, 50.424970782472592 ], [ 37.30917764295917, 50.423976119438549 ], [ 37.309190033816705, 50.423155111989892 ], [ 37.309128079529003, 50.42280775840014 ], [ 37.30889265323578, 50.422349879321217 ], [ 37.308273110358847, 50.421331477222175 ], [ 37.307616394909282, 50.420084102179906 ], [ 37.306972070317279, 50.418907750049257 ], [ 37.305695811990766, 50.416468107882785 ], [ 37.304952360538429, 50.415378518366197 ], [ 37.301990945586688, 50.410798810153871 ], [ 37.3012598849919, 50.409495881243622 ], [ 37.301148367274052, 50.408872041990726 ], [ 37.299841131803717, 50.406420037245915 ], [ 37.299562337509101, 50.406072560931335 ], [ 37.298025871174296, 50.404864271185808 ], [ 37.292908447010817, 50.401420871291869 ], [ 37.29231368584896, 50.401093103445582 ], [ 37.290628529223696, 50.400635014465266 ], [ 37.288144162287175, 50.399928127093055 ], [ 37.287400710834859, 50.399742518046764 ], [ 37.275195716159217, 50.396527812029902 ], [ 37.274749645287834, 50.396417228583132 ], [ 37.273758376684732, 50.396314543723037 ], [ 37.269384403973561, 50.395169197514704 ], [ 37.265295420985787, 50.39415811028001 ], [ 37.26418024380731, 50.393834241840374 ], [ 37.263597873502988, 50.39361306212237 ], [ 37.260091260819529, 50.392001578745656 ], [ 37.257897, 50.390997 ], [ 37.257656457313175, 50.390840328827863 ], [ 37.257439617306247, 50.390895627087929 ], [ 37.256863442430692, 50.391488104398462 ], [ 37.256058036690675, 50.392380756232612 ], [ 37.255847392112514, 50.392483449613465 ], [ 37.253802900618638, 50.391693494804635 ], [ 37.251237993108127, 50.390658634090727 ], [ 37.248512004449616, 50.389568451046451 ], [ 37.244299112886445, 50.387901528509964 ], [ 37.241845723093775, 50.386929788336445 ], [ 37.237521313812771, 50.385175865423669 ], [ 37.235898111475187, 50.384551706035175 ], [ 37.232639315942507, 50.38331126362533 ], [ 37.230706342166471, 50.382473749128906 ], [ 37.229752246135995, 50.382094492416606 ], [ 37.229169875831673, 50.381960171603758 ], [ 37.22711299348024, 50.381114731873232 ], [ 37.222478812760762, 50.379257872094236 ], [ 37.223336, 50.377942 ], [ 37.221165381861667, 50.376990034105845 ], [ 37.216878145153274, 50.375267353003942 ], [ 37.214362801072916, 50.374279548924306 ], [ 37.211413776978695, 50.373584122515659 ], [ 37.208935605470948, 50.372944005107172 ], [ 37.205342256784718, 50.371813900204785 ], [ 37.202219760684962, 50.370857636570399 ], [ 37.200472649772017, 50.370320223755009 ], [ 37.198998137724899, 50.36980651463859 ], [ 37.197387326244865, 50.369205863080118 ], [ 37.194673728443895, 50.368210029270585 ], [ 37.192753145525387, 50.36745918837331 ], [ 37.189147405981629, 50.365965374837991 ], [ 37.188019837945603, 50.365538562333889 ], [ 37.186495762468333, 50.364827199630135 ], [ 37.185157549854154, 50.364179059883398 ], [ 37.184476052689533, 50.363799656900063 ], [ 37.184005200103051, 50.363515102672139 ], [ 37.183125449217812, 50.36336492058625 ], [ 37.181527028595312, 50.362922275884387 ], [ 37.180374678844217, 50.362629811941453 ], [ 37.179110811375274, 50.36230572817 ], [ 37.177859334763859, 50.36213182864865 ], [ 37.176075051278296, 50.3620053558693 ], [ 37.174389894653032, 50.361657553988358 ], [ 37.170623073961266, 50.360795942897141 ], [ 37.168058166450749, 50.360187272424007 ], [ 37.164501990337129, 50.359460019546731 ], [ 37.161515793670297, 50.358875047190224 ], [ 37.159979327335506, 50.358471886369948 ], [ 37.1581206987047, 50.357926428045289 ], [ 37.156398369506817, 50.357286099405741 ], [ 37.154676040308928, 50.35677224918912 ], [ 37.153114792259046, 50.356290015465042 ], [ 37.152581985384892, 50.356218865812373 ], [ 37.149026, 50.355824 ], [ 37.142879943932073, 50.358795996318861 ], [ 37.138555534651061, 50.360827561929241 ], [ 37.138109463779664, 50.360882895184709 ], [ 37.135507383696542, 50.360622037844124 ], [ 37.132471623599564, 50.360392798391629 ], [ 37.12727985429084, 50.359823647378178 ], [ 37.122484592423362, 50.359333539648048 ], [ 37.118036274566961, 50.358811806503688 ], [ 37.114765088176732, 50.358456076071931 ], [ 37.111791282367449, 50.358100342974346 ], [ 37.110006998881872, 50.357926428045289 ], [ 37.1036133163919, 50.357294004750258 ], [ 37.103489407816511, 50.357127992239199 ], [ 37.10495152900608, 50.354598205957792 ], [ 37.105447163307623, 50.353791808247081 ], [ 37.105856061606396, 50.353317450254345 ], [ 37.105670198743326, 50.352463593924071 ], [ 37.105571071883013, 50.351846910357779 ], [ 37.105509, 50.351607 ], [ 37.102101631772172, 50.351072091446461 ], [ 37.100230612283816, 50.350747928762758 ], [ 37.095286660125872, 50.349957278789205 ], [ 37.090974641702402, 50.349372189332925 ], [ 37.086464369558314, 50.348676397892497 ], [ 37.083849898617643, 50.348288964148757 ], [ 37.082722330581625, 50.347901527243948 ], [ 37.081817797981302, 50.347790830404847 ], [ 37.079983951065564, 50.347601063794578 ], [ 37.079104200180325, 50.347419203414823 ], [ 37.077716424135978, 50.347340133467263 ], [ 37.073835, 50.3469 ], [ 37.071558167939237, 50.346739197563259 ], [ 37.070306691327822, 50.346644312251698 ], [ 37.069526067302888, 50.346644312251698 ], [ 37.069018042143796, 50.346707569147135 ], [ 37.064098871700921, 50.346881525175135 ], [ 37.062810222516909, 50.347039666465811 ], [ 37.060146188146085, 50.347087108750301 ], [ 37.059031010967594, 50.347031759413788 ], [ 37.056837829183245, 50.346739197563259 ], [ 37.051299115863443, 50.345893130177004 ], [ 37.045239986527008, 50.345015418174235 ], [ 37.044784, 50.344966 ], [ 37.043183104175583, 50.345782428656186 ], [ 37.039193248048115, 50.347941061766811 ], [ 37.037963, 50.348663 ], [ 37.037247883414537, 50.348755465615127 ], [ 37.032625665157553, 50.348748476285238 ], [ 37.0381007, 50.334422599999989 ], [ 37.0488748, 50.3356774 ], [ 37.049071440934547, 50.333276301623151 ], [ 37.0443708, 50.3313439 ], [ 37.04240248015067, 50.326350314967669 ], [ 37.044434580787005, 50.326793300663709 ], [ 37.047358823166142, 50.324942225868455 ], [ 37.049638740953263, 50.323296765522024 ], [ 37.050630009556365, 50.322252501523202 ], [ 37.050530882696059, 50.321413909277972 ], [ 37.050233502115134, 50.321224037281475 ], [ 37.049775040386201, 50.321295239369036 ], [ 37.049415705517575, 50.321137012362925 ], [ 37.049056370648941, 50.320701885380274 ], [ 37.049006807218788, 50.320243019883428 ], [ 37.049130715794178, 50.319934469903451 ], [ 37.048672254065252, 50.319135395260943 ], [ 37.048027929473236, 50.31879519108881 ], [ 37.047135787730454, 50.318700249955057 ], [ 37.046404727135666, 50.318494543514781 ], [ 37.044893042515945, 50.318415425416113 ], [ 37.043728301907308, 50.318367954493709 ], [ 37.037756263188442, 50.314615209659415 ], [ 37.036290754799985, 50.31342611388515 ], [ 37.03079022486375, 50.310458799612839 ], [ 37.027894069727317, 50.308852267420114 ], [ 37.025933104766246, 50.307955230257072 ], [ 37.024076446452035, 50.307506711675551 ], [ 37.021969452185353, 50.306515798530327 ], [ 37.021187152333859, 50.306536659859702 ], [ 37.01925747936685, 50.306067279948806 ], [ 37.015784068026235, 50.305065936138902 ], [ 37.013405876477705, 50.30442966559302 ], [ 37.006062915417175, 50.301894955358662 ], [ 37.005032081485489, 50.301913350608892 ], [ 37.004454099440366, 50.302185911439572 ], [ 37.004274391272745, 50.30244263739332 ], [ 37.004471214503951, 50.303007434491562 ], [ 37.00402622285079, 50.303264160445309 ], [ 37.003350177839252, 50.303803284948181 ], [ 37.00190395496648, 50.304085683497306 ], [ 37.000509077284448, 50.303717709630263 ], [ 36.998866031180462, 50.30374338222564 ], [ 36.997698854448672, 50.303564666408384 ], [ 36.996722369466674, 50.303443868612952 ], [ 36.99440755711705, 50.302874792748803 ], [ 36.992524900122902, 50.302395570968471 ], [ 36.991228434056481, 50.302168796376009 ], [ 36.989345777062333, 50.30137294591939 ], [ 36.988575599201084, 50.301210352815346 ], [ 36.987289622512833, 50.301435883284377 ], [ 36.981969184657984, 50.302994598193884 ], [ 36.977219754513655, 50.301710968425148 ], [ 36.976509479374947, 50.301462800003193 ], [ 36.975593823473247, 50.300949348095699 ], [ 36.975242964669796, 50.30041878112462 ], [ 36.9738615, 50.2990686 ], [ 36.976124390444326, 50.297380857338638 ], [ 36.972829740704569, 50.29555810306703 ], [ 36.9624032, 50.2911245 ], [ 36.949985710942173, 50.287948558082675 ], [ 36.950553261518003, 50.287023234986911 ], [ 36.954025396028882, 50.280046726566376 ], [ 36.95421719949335, 50.279279876779867 ], [ 36.954299173332224, 50.278861378940519 ], [ 36.956210951731144, 50.275025407997234 ], [ 36.953131513039637, 50.271860263354625 ], [ 36.947359666027069, 50.265168576511911 ], [ 36.946503089991182, 50.263200934458467 ], [ 36.942632, 50.263060899999985 ], [ 36.9433431, 50.2708858 ], [ 36.9390999, 50.2739164 ], [ 36.930554, 50.2712249 ], [ 36.93035706096618, 50.271182491529586 ], [ 36.9226951, 50.2794497 ], [ 36.9151097, 50.2813232 ], [ 36.8963769, 50.274672 ], [ 36.896822720757001, 50.27107083171849 ], [ 36.896920468463541, 50.269305850484841 ], [ 36.897592483946042, 50.268095316686285 ], [ 36.897824634749092, 50.267657954972506 ], [ 36.90221402697906, 50.2682316585461 ], [ 36.904422604940883, 50.268501434681056 ], [ 36.904959927335028, 50.2680455844703 ], [ 36.905094620423391, 50.267572044163877 ], [ 36.906634146801473, 50.267720435463247 ], [ 36.9080605, 50.2672708 ], [ 36.910049207298883, 50.264240928311338 ], [ 36.909242788719894, 50.262217932997544 ], [ 36.905503938944548, 50.260319832241848 ], [ 36.901349661416383, 50.261897682618695 ], [ 36.899773479648339, 50.262381962845552 ], [ 36.8988242, 50.2630026 ], [ 36.897781870127481, 50.262553803032837 ], [ 36.896071285262934, 50.261319664289559 ], [ 36.895802479069943, 50.260601037126456 ], [ 36.895448143633722, 50.259023143798288 ], [ 36.893761995695819, 50.255945320277412 ], [ 36.893505407966138, 50.25475007124777 ], [ 36.893480971039509, 50.2541329047814 ], [ 36.89372534030587, 50.25221104407207 ], [ 36.8939941, 50.25206630000001 ], [ 36.901270241404831, 50.25286339166194 ], [ 36.90339432275065, 50.252296364805105 ], [ 36.904972435790221, 50.251921977014973 ], [ 36.904550898805752, 50.251453215897421 ], [ 36.904447041867542, 50.251089922859443 ], [ 36.904508134184127, 50.249218724523168 ], [ 36.8887974, 50.2482311 ], [ 36.8809403, 50.2504327 ], [ 36.8684253, 50.2600501 ], [ 36.866010017606314, 50.259549093714682 ], [ 36.86607562147455, 50.260092668622896 ], [ 36.866225573173367, 50.260289480227598 ], [ 36.865935041756906, 50.260786195229933 ], [ 36.865672626283974, 50.26120793438286 ], [ 36.865541418547508, 50.261095470608744 ], [ 36.865710114208674, 50.260580011644059 ], [ 36.86578509005809, 50.260092668622896 ], [ 36.865335234961634, 50.25935228210998 ], [ 36.862420548815841, 50.258593151634706 ], [ 36.860583640505311, 50.258274504274723 ], [ 36.85816566936186, 50.257271702288875 ], [ 36.857012915677196, 50.257243586345346 ], [ 36.856122577465463, 50.25751537379945 ], [ 36.855410306896076, 50.257590349648865 ], [ 36.854013881700823, 50.258321364180603 ], [ 36.85253310867499, 50.258939914938232 ], [ 36.851680258387965, 50.258958658900589 ], [ 36.851464702820913, 50.259342910128815 ], [ 36.85082740810094, 50.259727161357034 ], [ 36.85021822932449, 50.259830253149971 ], [ 36.849515330736274, 50.260355084095835 ], [ 36.849618422529218, 50.260917402966406 ], [ 36.849018615733939, 50.261151702495809 ], [ 36.848137649503386, 50.261189190420517 ], [ 36.847893977992804, 50.261676533441673 ], [ 36.847828374124568, 50.262285712218123 ], [ 36.848212625352794, 50.262791799201636 ], [ 36.849468470830395, 50.263363490053379 ], [ 36.849505958755103, 50.263897692980422 ], [ 36.848849920072773, 50.26458184760628 ], [ 36.848287601202202, 50.264778659210982 ], [ 36.847209823366946, 50.264731799305103 ], [ 36.846656876477553, 50.264272572227469 ], [ 36.846403832985793, 50.263541557695731 ], [ 36.846010209776388, 50.263222910335756 ], [ 36.844977352419022, 50.263798200409163 ], [ 36.844408967539593, 50.263638083657177 ], [ 36.842649465769092, 50.263384613231061 ], [ 36.840419111412125, 50.262909352546359 ], [ 36.838733954786861, 50.262069713747266 ], [ 36.837829422186559, 50.261443935582228 ], [ 36.837234661024688, 50.261087475990166 ], [ 36.837135534164389, 50.260374548803412 ], [ 36.834929961522505, 50.258980349247096 ], [ 36.835053870097902, 50.258140641189314 ], [ 36.833790002628952, 50.257150400404171 ], [ 36.833158068894463, 50.256706765856173 ], [ 36.833864347774181, 50.256278971486694 ], [ 36.833889129489258, 50.256144294686464 ], [ 36.833467840332936, 50.255954162085075 ], [ 36.832216363721528, 50.256065072861432 ], [ 36.831906592283055, 50.255558050061751 ], [ 36.830964887110113, 50.25486088490176 ], [ 36.82915582190946, 50.254108251971132 ], [ 36.828437152172214, 50.253466523976975 ], [ 36.826714822974338, 50.253149618075796 ], [ 36.825760726943855, 50.252911937266667 ], [ 36.824149915463828, 50.251921587799906 ], [ 36.823443636584123, 50.250947063831966 ], [ 36.822898438852413, 50.250273600663697 ], [ 36.822167378257632, 50.250091367817241 ], [ 36.820891119931147, 50.250511294633448 ], [ 36.819044882157876, 50.250661833534387 ], [ 36.818474902711088, 50.250748987417559 ], [ 36.818227085560316, 50.250511294633448 ], [ 36.817545588395696, 50.250178522743802 ], [ 36.817025172379068, 50.249806132397666 ], [ 36.816740182655678, 50.249172269796965 ], [ 36.816380847787052, 50.249077189679667 ], [ 36.815302843181179, 50.249370352765403 ], [ 36.814212447717779, 50.249108883073177 ], [ 36.813543341410693, 50.248522551881067 ], [ 36.812923798533745, 50.248205613097852 ], [ 36.811238641908488, 50.248950415894797 ], [ 36.810371281880762, 50.249528818547304 ], [ 36.809404794992744, 50.25031321640764 ], [ 36.808351572101948, 50.250772756630745 ], [ 36.80727356749609, 50.250408294058779 ], [ 36.806703588049295, 50.25039244779677 ], [ 36.805823837164063, 50.25054298707316 ], [ 36.805105167426802, 50.25015475323417 ], [ 36.804101507966173, 50.24952089527072 ], [ 36.804027162820951, 50.249156423123921 ], [ 36.80348196508924, 50.248894952257885 ], [ 36.803358056513851, 50.248728560959819 ], [ 36.802837640497231, 50.248696867313342 ], [ 36.802106579902436, 50.248966262636365 ], [ 36.801623336458434, 50.248950415894797 ], [ 36.800396641562095, 50.248760254585186 ], [ 36.799516890676855, 50.248807794983726 ], [ 36.798971692945152, 50.248657250225648 ], [ 36.798240632350371, 50.248395776620733 ], [ 36.796976764881421, 50.247777742396948 ], [ 36.795712897412464, 50.247571729207877 ], [ 36.792503665309944, 50.246945760592467 ], [ 36.788736844618171, 50.247627194384847 ], [ 36.780881040938631, 50.250257754356873 ], [ 36.779716300329987, 50.250273600663675 ], [ 36.777139001961935, 50.251525442249658 ], [ 36.77627164193423, 50.252412803708225 ], [ 36.774313886443117, 50.254108251971111 ], [ 36.772227, 50.255269 ], [ 36.765491595875552, 50.257483123604061 ], [ 36.751886434298029, 50.26239448145315 ], [ 36.749953460522001, 50.263329166395536 ], [ 36.747841541702492, 50.264123331529305 ], [ 36.741948966551981, 50.265150957209777 ], [ 36.733696655431196, 50.266513294365076 ], [ 36.730797194767135, 50.266940996829419 ], [ 36.72866596727048, 50.266735066492743 ], [ 36.72797207924831, 50.266861792959155 ], [ 36.726485176343665, 50.267796390234778 ], [ 36.72631170433813, 50.268730969169134 ], [ 36.726584303203978, 50.270330799009159 ], [ 36.725369999165189, 50.271281167524783 ], [ 36.724081349981162, 50.271851379529544 ], [ 36.720278418281318, 50.277231222270863 ], [ 36.715596675405429, 50.27434166445569 ], [ 36.712764211671463, 50.27262021813825 ], [ 36.711513062046627, 50.271731705364594 ], [ 36.710503, 50.271243 ], [ 36.709236664812572, 50.2706710215312 ], [ 36.706873382187908, 50.269249334938657 ], [ 36.705926331430234, 50.268727298738824 ], [ 36.705274691000625, 50.268449617577524 ], [ 36.704614362031982, 50.267722085256409 ], [ 36.704136492383597, 50.267449951989988 ], [ 36.701929603462041, 50.267483274514319 ], [ 36.700348289352874, 50.267061187483229 ], [ 36.700009436329488, 50.266844588738529 ], [ 36.699974682173242, 50.266150355354021 ], [ 36.699609763532671, 50.265667162945491 ], [ 36.699227467813969, 50.265339477947826 ], [ 36.698879926251522, 50.265395017936633 ], [ 36.697150906978329, 50.266433603797076 ], [ 36.696620906095582, 50.266905680791915 ], [ 36.696455823853405, 50.267672101711817 ], [ 36.695977954205041, 50.268655101792653 ], [ 36.695352379392624, 50.269032746146124 ], [ 36.694865821205212, 50.269086893436537 ], [ 36.693800389102826, 50.268899460245621 ], [ 36.692412394987784, 50.268362147676278 ], [ 36.690301079995898, 50.267381224209821 ], [ 36.688639396900427, 50.266650204410894 ], [ 36.688219088823331, 50.266131610912261 ], [ 36.687847653778469, 50.265263110357409 ], [ 36.687095009082284, 50.264032186757888 ], [ 36.687730358501142, 50.263376097730813 ], [ 36.688776241390634, 50.262876214310822 ], [ 36.688668720719761, 50.262695005275468 ], [ 36.688297285674892, 50.262769988408195 ], [ 36.687231853572492, 50.263201139130572 ], [ 36.686625827972975, 50.263132405218947 ], [ 36.685061890941952, 50.260720406964687 ], [ 36.68374231907201, 50.258258293146383 ], [ 36.683194941111154, 50.257052185880781 ], [ 36.68308742044028, 50.256114775725685 ], [ 36.683185166504707, 50.255564819850001 ], [ 36.683556601549583, 50.255089852848513 ], [ 36.683771642891351, 50.254821119421315 ], [ 36.683664122220463, 50.254614881111991 ], [ 36.683820515923571, 50.252702446996388 ], [ 36.67264814075817, 50.246608394966771 ], [ 36.674994046304704, 50.238056657326396 ], [ 36.667448050129977, 50.232729799748697 ], [ 36.666710718395727, 50.231429305795388 ], [ 36.662619394546681, 50.224213094042177 ], [ 36.65988250474237, 50.220823497332198 ], [ 36.655855366887479, 50.219697747726968 ], [ 36.652864337315634, 50.218928470217065 ], [ 36.65221921329033, 50.21893472455578 ], [ 36.651222203433058, 50.218546954004779 ], [ 36.64939435202804, 50.218002819045957 ], [ 36.648031, 50.217714 ], [ 36.647537176803695, 50.217802675890667 ], [ 36.645161947437813, 50.219234931849883 ], [ 36.642405508420616, 50.220954833055593 ], [ 36.640421263312504, 50.222118076535018 ], [ 36.638955072345922, 50.222580864439948 ], [ 36.635836972890303, 50.223237515248165 ], [ 36.63324670218266, 50.223919171762212 ], [ 36.619523154735383, 50.226902086131446 ], [ 36.617714852543251, 50.227064671490218 ], [ 36.616668969653745, 50.227002138725524 ], [ 36.615838128106013, 50.227127204172945 ], [ 36.615476467667584, 50.227033405118128 ], [ 36.614899765887394, 50.226664460379261 ], [ 36.614499007023191, 50.225757719656968 ], [ 36.61417644501055, 50.224688368790098 ], [ 36.615105032622722, 50.224275630463794 ], [ 36.615105032622722, 50.22410678193723 ], [ 36.613971178275214, 50.22380660530299 ], [ 36.613489, 50.223726 ], [ 36.612201974508864, 50.224156811192586 ], [ 36.611024134432377, 50.224306898643832 ], [ 36.610085772213758, 50.224607072129466 ], [ 36.606400745584388, 50.226089151023423 ], [ 36.600966064401568, 50.227827564617542 ], [ 36.599578070286526, 50.228321562673827 ], [ 36.596704335992015, 50.229365820203931 ], [ 36.5981604, 50.2309131 ], [ 36.586724462812754, 50.235036927325815 ], [ 36.584456754117753, 50.235999760559771 ], [ 36.581211584778359, 50.238175441967108 ], [ 36.579950660547091, 50.238650577570411 ], [ 36.578376948909622, 50.239675854053047 ], [ 36.575816002021313, 50.240901155558795 ], [ 36.57542501776355, 50.241082447494549 ], [ 36.575073131931575, 50.241351258406027 ], [ 36.575053582718681, 50.241882624352414 ], [ 36.573978376009855, 50.242864072937536 ], [ 36.571847511805082, 50.24373298188906 ], [ 36.570889600373569, 50.243839250242068 ], [ 36.569482057045647, 50.244108045606787 ], [ 36.568820735121356, 50.244585985460937 ], [ 36.560987924045868, 50.244542490723774 ], [ 36.5498253234869, 50.243454807725549 ], [ 36.529083608612872, 50.244504984826683 ], [ 36.527998627297585, 50.244554992682914 ], [ 36.527519671581828, 50.244454976917993 ], [ 36.526845223737205, 50.244348709937817 ], [ 36.526082804434573, 50.244123673197649 ], [ 36.524685035713084, 50.244011154429131 ], [ 36.523844419558912, 50.243229766764841 ], [ 36.522573720721205, 50.242742174371614 ], [ 36.521400767947924, 50.242323341025823 ], [ 36.520540602580859, 50.241316875699553 ], [ 36.520012773832896, 50.240879275450965 ], [ 36.518155598608544, 50.240416665105641 ], [ 36.505396, 50.238677 ], [ 36.493362309363512, 50.240210364450128 ], [ 36.491466035713387, 50.24094179001812 ], [ 36.490840460900976, 50.242004525116535 ], [ 36.489628409701929, 50.242310838481274 ], [ 36.488934412644404, 50.242123299920209 ], [ 36.488396809289995, 50.241935760621246 ], [ 36.488025374245119, 50.241985771173105 ], [ 36.487380250219822, 50.242348346104961 ], [ 36.486979491355612, 50.242417110005036 ], [ 36.485200512982829, 50.242142053809509 ], [ 36.484047109422441, 50.241898252672911 ], [ 36.482806464525538, 50.242272757483498 ], [ 36.480381632005951, 50.243004724741581 ], [ 36.477937980394969, 50.244192434536501 ], [ 36.476471789428373, 50.245792670404647 ], [ 36.473851102731544, 50.246419891628058 ], [ 36.464742261695648, 50.251574324865139 ], [ 36.45920983444838, 50.253411806514436 ], [ 36.44826227523118, 50.253680547890667 ], [ 36.444743416911358, 50.249949282051737 ], [ 36.443873476937846, 50.249449257729026 ], [ 36.443335873583429, 50.249011732142634 ], [ 36.443159930667434, 50.248942977756705 ], [ 36.43755908117506, 50.250155540556349 ], [ 36.43237853975976, 50.251555574687188 ], [ 36.430514041038251, 50.252210433593795 ], [ 36.430437540066762, 50.252237302661584 ], [ 36.428908554472173, 50.252774320908436 ], [ 36.427393490473357, 50.253205562104654 ], [ 36.422897171509149, 50.254061783056621 ], [ 36.422369342761172, 50.25424927464217 ], [ 36.420433970685259, 50.255274215602043 ], [ 36.418195585809613, 50.256417873693493 ], [ 36.416963985397672, 50.258517633465814 ], [ 36.413347381013416, 50.260067396790902 ], [ 36.406544254928434, 50.261592114728387 ], [ 36.403103593460166, 50.262341958105822 ], [ 36.400914081616719, 50.262191990374689 ], [ 36.400581744997638, 50.262554411583352 ], [ 36.400542646571857, 50.263141778030814 ], [ 36.399662931991912, 50.263716640306157 ], [ 36.398783217411953, 50.263829112548486 ], [ 36.397571166212906, 50.263704143373943 ], [ 36.397004239039155, 50.264116540405574 ], [ 36.397101985103603, 50.264978813569527 ], [ 36.397277928019584, 50.265778589215799 ], [ 36.396378664226745, 50.267040707836216 ], [ 36.395674892562781, 50.267490563813254 ], [ 36.392918453545597, 50.268002894611392 ], [ 36.391022179895472, 50.269677303165807 ], [ 36.39074849091503, 50.270514485365084 ], [ 36.390142465315513, 50.271064268653319 ], [ 36.39004471925108, 50.27165153015406 ], [ 36.389399595225775, 50.272001384626698 ], [ 36.388949963329352, 50.272801042340028 ], [ 36.389301849161328, 50.273900549767617 ], [ 36.388871766477799, 50.275212428817532 ], [ 36.388265740878282, 50.276086994768782 ], [ 36.387737912130305, 50.276699181375662 ], [ 36.387640166065871, 50.277448786907762 ], [ 36.387737912130305, 50.278073449168232 ], [ 36.388774020413365, 50.278635638194594 ], [ 36.389966522399526, 50.279222806311502 ], [ 36.390025170038186, 50.279972372106634 ], [ 36.389360496800002, 50.280621986248484 ], [ 36.388383036155609, 50.280871835480916 ], [ 36.388285290091169, 50.28115916047696 ], [ 36.388637175923144, 50.282295951064121 ], [ 36.387190534169449, 50.283657565591731 ], [ 36.386369467228157, 50.284194705562747 ], [ 36.38543110500953, 50.285955982473915 ], [ 36.382967904185662, 50.288316740775592 ], [ 36.379664087207615, 50.288891299150286 ], [ 36.376145228887786, 50.284269654844195 ], [ 36.376223425739354, 50.283757499068592 ], [ 36.375441457223836, 50.282245982817557 ], [ 36.374229406024789, 50.28190869578129 ], [ 36.373369240657716, 50.28165885199126 ], [ 36.372900059548407, 50.281696328643378 ], [ 36.372645919780872, 50.281821250603954 ], [ 36.372157189458669, 50.282083585654 ], [ 36.371160179601397, 50.282196014518547 ], [ 36.370593252427646, 50.282258474884124 ], [ 36.368423289797093, 50.283620090483822 ], [ 36.363594634213783, 50.284844262080945 ], [ 36.362402132227629, 50.28569366876696 ], [ 36.362666046601611, 50.286680460439285 ], [ 36.362920186369159, 50.286911541608326 ], [ 36.362910411762712, 50.287273774696359 ], [ 36.362907232074164, 50.287322375459077 ], [ 36.360417887119496, 50.287267529321639 ], [ 36.359205835920449, 50.287498607640067 ], [ 36.357876489444081, 50.287867081556435 ], [ 36.356097511071269, 50.288229307371267 ], [ 36.354777939201348, 50.288710189106936 ], [ 36.35306738307365, 50.288947505575265 ], [ 36.34281382091396, 50.288841337827847 ], [ 36.340594985251201, 50.288947505575265 ], [ 36.329461708511545, 50.289472095674043 ], [ 36.323899957444944, 50.290027905064271 ], [ 36.318093841217241, 50.290589952901982 ], [ 36.310655365713423, 50.2911769735558 ], [ 36.304252998492636, 50.291863903422943 ], [ 36.301740924636555, 50.29198255394104 ], [ 36.297518294652768, 50.291826434776809 ], [ 36.297019789724132, 50.291882637734943 ], [ 36.297068662756338, 50.292201119910416 ], [ 36.298329586987606, 50.294661478986292 ], [ 36.301980402494507, 50.294115090435213 ], [ 36.305577457665876, 50.293190898946285 ], [ 36.308451191960394, 50.293453171328331 ], [ 36.309233160475898, 50.296750186516384 ], [ 36.310601605378054, 50.303293585310371 ], [ 36.302687490061068, 50.303666641073669 ], [ 36.302434921694051, 50.303933516354938 ], [ 36.301007829153242, 50.305306997817006 ], [ 36.29903335865157, 50.306318354263468 ], [ 36.296824297595229, 50.309626962727606 ], [ 36.294380645984248, 50.313172536632948 ], [ 36.293383636126968, 50.313983986438735 ], [ 36.292836258166112, 50.315020125288839 ], [ 36.290959533728874, 50.317004954722499 ], [ 36.28875047267254, 50.318278197898152 ], [ 36.287538421473499, 50.318740052189931 ], [ 36.284957925372296, 50.319189419626298 ], [ 36.27938103454089, 50.323036089270104 ], [ 36.279370865905946, 50.323043103102819 ], [ 36.279415723518589, 50.323352107672697 ], [ 36.280539268617851, 50.324725479512495 ], [ 36.282621794432202, 50.327271066966851 ], [ 36.281546587723376, 50.334115989693672 ], [ 36.281986445013352, 50.334727429798647 ], [ 36.282592470612876, 50.335270232277693 ], [ 36.283345115309061, 50.335675770312129 ], [ 36.282221035568, 50.336274712461822 ], [ 36.279933777660119, 50.337828183469725 ], [ 36.277079592578481, 50.33993682990252 ], [ 36.273814874026215, 50.342188860736314 ], [ 36.270432860196614, 50.344596731262726 ], [ 36.269807285384211, 50.344958525092977 ], [ 36.267705744998757, 50.346461811316992 ], [ 36.264177112072495, 50.349075295244873 ], [ 36.261225180926424, 50.35116473143006 ], [ 36.258380770451247, 50.353409993198596 ], [ 36.255526585369616, 50.355193653255803 ], [ 36.252657738378325, 50.355960731204974 ], [ 36.249886637451475, 50.356506409193209 ], [ 36.248019687620683, 50.356961655744115 ], [ 36.237029763666605, 50.361432499632599 ], [ 36.234579603760274, 50.363044702683744 ], [ 36.233719438393209, 50.363630829021325 ], [ 36.233416425593454, 50.363755535818818 ], [ 36.233035215942138, 50.364204477576685 ], [ 36.231656996433536, 50.36893057894661 ], [ 36.230875027918025, 50.369703669467164 ], [ 36.230493818266709, 50.370782234390617 ], [ 36.233274693800006, 50.374893648634604 ], [ 36.230322762653941, 50.38035420292352 ], [ 36.222327134582791, 50.382049589610496 ], [ 36.221134632596645, 50.382348769205748 ], [ 36.219766187694496, 50.382286440279017 ], [ 36.217342085296394, 50.381787805916581 ], [ 36.215993189607133, 50.382510824031847 ], [ 36.212448483817163, 50.385713396840472 ], [ 36.212404829353687, 50.386164492963069 ], [ 36.211415328181545, 50.386790206939565 ], [ 36.210731408253743, 50.386833861403048 ], [ 36.209501807532476, 50.388529109734741 ], [ 36.206955297162992, 50.391657679617246 ], [ 36.204627059110905, 50.393607578985879 ], [ 36.201163805008406, 50.395353757524958 ], [ 36.201134702032753, 50.396154089355363 ], [ 36.200145200860611, 50.399239004774394 ], [ 36.198821015468475, 50.400141197019579 ], [ 36.19685656461202, 50.400665050581303 ], [ 36.194790253340777, 50.40171275770475 ], [ 36.193218692655613, 50.400723256532608 ], [ 36.192403809337378, 50.401232558606502 ], [ 36.19105052096959, 50.402251162754297 ], [ 36.190803145676554, 50.402818670779496 ], [ 36.191618028994789, 50.403517142195128 ], [ 36.184531454423713, 50.406311027857647 ], [ 36.167084220520806, 50.416497069335591 ], [ 36.165469005372167, 50.420251353194608 ], [ 36.164115717004378, 50.423292614150164 ], [ 36.162616913758342, 50.426362978081372 ], [ 36.161118110512305, 50.429942644086474 ], [ 36.160419639096673, 50.430786630380361 ], [ 36.15934282899758, 50.431295932454255 ], [ 36.157814922775884, 50.431368689893382 ], [ 36.15538482430901, 50.431674271137716 ], [ 36.153318513037767, 50.432445499992475 ], [ 36.153085689232562, 50.43327493479854 ], [ 36.152343563353455, 50.433624170506356 ], [ 36.14962243513007, 50.434278987458505 ], [ 36.145402503660634, 50.435326694581953 ], [ 36.135405631524428, 50.437698587097529 ], [ 36.132728157764518, 50.437756793048827 ], [ 36.129730551272445, 50.437705862841419 ], [ 36.12958503639419, 50.437429384572731 ], [ 36.128420917368139, 50.437538520731422 ], [ 36.1283408841851, 50.437785896024458 ], [ 36.12580164955952, 50.437880480695327 ], [ 36.124906733058246, 50.437887756439238 ], [ 36.123873577422629, 50.438149683220104 ], [ 36.121247033870112, 50.438302473842271 ], [ 36.119420822147994, 50.438375231281398 ], [ 36.118402218000206, 50.438055098549235 ], [ 36.117601886169801, 50.43811330450054 ], [ 36.116357733960704, 50.438666261037909 ], [ 36.114604279677721, 50.438986393770072 ], [ 36.112625277333436, 50.439379283941363 ], [ 36.11162122467347, 50.439561177539183 ], [ 36.107263054069698, 50.440747123796989 ], [ 36.103959866333277, 50.44168569476173 ], [ 36.104083553979798, 50.440950844626535 ], [ 36.103756145503723, 50.440798054004368 ], [ 36.103596079137638, 50.441125462480443 ], [ 36.103617906369379, 50.441751176456947 ], [ 36.101173256414675, 50.442424182768875 ], [ 36.099048739192135, 50.442998966537985 ], [ 36.098495782654759, 50.442780694220602 ], [ 36.095789205919196, 50.443602853282748 ], [ 36.09545452169921, 50.444010294941869 ], [ 36.093082629183634, 50.444650560406195 ], [ 36.092376882024091, 50.444927038674884 ], [ 36.092093128011491, 50.444759696564887 ], [ 36.090477912862852, 50.445574579883122 ], [ 36.090557946045891, 50.445865609639633 ], [ 36.088993661104638, 50.44689876527525 ], [ 36.0882042428901, 50.447069745257203 ], [ 36.087265671925351, 50.44761542605066 ], [ 36.086174310338428, 50.448146555356296 ], [ 36.085490390410627, 50.448226588539335 ], [ 36.084093447579363, 50.44810290089282 ], [ 36.083220358309831, 50.448059246429345 ], [ 36.083103946407221, 50.448357551929767 ], [ 36.081707003575964, 50.448313897466292 ], [ 36.079764379951243, 50.448059246429345 ], [ 36.077770826119135, 50.447906455807171 ], [ 36.075529896993984, 50.447637253282394 ], [ 36.075348003396165, 50.447353499269795 ], [ 36.07491873450531, 50.447302569062408 ], [ 36.074824149834448, 50.447528117123703 ], [ 36.073405379771451, 50.44729529331849 ], [ 36.072073918635404, 50.446996987818068 ], [ 36.072019350556062, 50.446698682317638 ], [ 36.071182640006086, 50.446502237231989 ], [ 36.07025862052916, 50.446138450036351 ], [ 36.069174534686148, 50.445781938584624 ], [ 36.068694335587907, 50.445541839035499 ], [ 36.067792143342714, 50.445389048413332 ], [ 36.067748488879239, 50.445680078169843 ], [ 36.067995864172275, 50.445774662840712 ], [ 36.069130880222673, 50.446131174292439 ], [ 36.067457459122728, 50.450962268250557 ], [ 36.067064568951437, 50.451107783128812 ], [ 36.064765433874989, 50.451238746519245 ], [ 36.060727396003372, 50.450889510811436 ], [ 36.057205935949568, 50.450569378079273 ], [ 36.055867199069617, 50.450205590883627 ], [ 36.053742681847076, 50.44973266752929 ], [ 36.051108862550635, 50.449427086284949 ], [ 36.04795118969249, 50.449179710991935 ], [ 36.046568798349057, 50.448743166357168 ], [ 36.046408731982979, 50.448102900892842 ], [ 36.045768466518645, 50.447971937502409 ], [ 36.044444281126516, 50.448553997015431 ], [ 36.043745809710884, 50.448510342551955 ], [ 36.041592189512698, 50.448874129747601 ], [ 36.039147539557987, 50.449077850577154 ], [ 36.037663287799781, 50.448117452380664 ], [ 36.035844351821574, 50.447346223525905 ], [ 36.033006811695579, 50.446996987818089 ], [ 36.027870136493135, 50.446880575915486 ], [ 36.026502296637524, 50.4465458916955 ], [ 36.025207214221048, 50.445687353913783 ], [ 36.023388278242841, 50.444945228034676 ], [ 36.022908079144599, 50.444523234887733 ], [ 36.02223871070462, 50.444566889351215 ], [ 36.021220106556825, 50.444872470595548 ], [ 36.019124692309937, 50.445032536961627 ], [ 36.016883763184794, 50.444828816132073 ], [ 36.01548682035353, 50.44461054381469 ], [ 36.014249943888352, 50.444756058692946 ], [ 36.012736589154493, 50.44461054381469 ], [ 36.011892602860605, 50.444159447692094 ], [ 36.011368749298882, 50.444232205131222 ], [ 36.010335593663264, 50.444523234887733 ], [ 36.007148817829453, 50.444930676546853 ], [ 36.005315330363423, 50.444857919107726 ], [ 36.003525497360869, 50.444625095302513 ], [ 36.00144463460181, 50.444203102155569 ], [ 36.000556993844441, 50.443679248593845 ], [ 35.998956330183624, 50.442980777178221 ], [ 35.997661247767148, 50.442296857250412 ], [ 35.995798657325466, 50.441889415591298 ], [ 35.99469274425072, 50.441903967079128 ], [ 35.9908220484891, 50.441074532273063 ], [ 35.989032215486553, 50.440637987638297 ], [ 35.986660322970977, 50.440543402967414 ], [ 35.982862384648492, 50.440281476186556 ], [ 35.979893881132064, 50.440165064283953 ], [ 35.978482386812978, 50.440390612345247 ], [ 35.977412852457796, 50.440463369784382 ], [ 35.976467005749129, 50.440412439576981 ], [ 35.976285112151309, 50.440114134076559 ], [ 35.976306939383043, 50.439495695843966 ], [ 35.976059564090008, 50.438709915501384 ], [ 35.975579364991766, 50.43838250702531 ], [ 35.974604415307446, 50.437662208377944 ], [ 35.974015080050513, 50.437291145438387 ], [ 35.973709498806173, 50.436338022985808 ], [ 35.972741824865764, 50.435734136241045 ], [ 35.972428967877519, 50.436127026412336 ], [ 35.971919665803618, 50.436301644266244 ], [ 35.97137398501016, 50.436257989802762 ], [ 35.969955214947163, 50.435421279252793 ], [ 35.968725614225896, 50.434882874203247 ], [ 35.968587375091552, 50.434606395934559 ], [ 35.968347275542435, 50.434620947422381 ], [ 35.967954385371137, 50.434722807837161 ], [ 35.967248638211593, 50.434657326141945 ], [ 35.96704491738204, 50.434388123617175 ], [ 35.96682664506465, 50.434671877629775 ], [ 35.965487908184691, 50.434737359324991 ], [ 35.965407875001652, 50.434635498910211 ], [ 35.965116845245142, 50.434664601885864 ], [ 35.965014984830361, 50.43481739250803 ], [ 35.963654420718662, 50.434890149947158 ], [ 35.962526680412175, 50.4350865950328 ], [ 35.961187943532224, 50.43470098060542 ], [ 35.960060203225737, 50.434191678531526 ], [ 35.959507246688361, 50.433784236872405 ], [ 35.959259871395325, 50.43353686157937 ], [ 35.959238044163584, 50.433260383310682 ], [ 35.959005220358378, 50.433202177359377 ], [ 35.95872874208969, 50.433362243725462 ], [ 35.956975287806699, 50.433340416493721 ], [ 35.955352796914148, 50.433471379884153 ], [ 35.954312365534612, 50.433544137323281 ], [ 35.952879043983792, 50.433878821543274 ], [ 35.951904094299472, 50.433951578982402 ], [ 35.950696320809946, 50.433871545799363 ], [ 35.949561304759548, 50.433755133896753 ], [ 35.94783695345221, 50.433515034347629 ], [ 35.945639678790542, 50.433282210542416 ], [ 35.943173201604104, 50.43302028376155 ], [ 35.942220079151525, 50.432845665907642 ], [ 35.940503003588084, 50.433569602426957 ], [ 35.939659017294197, 50.43378787474434 ], [ 35.938691343353796, 50.433802426232162 ], [ 35.937709117925564, 50.433445914780435 ], [ 35.937454466888617, 50.433140333536095 ], [ 35.937454466888617, 50.432259968522651 ], [ 35.937316227754273, 50.431430533716586 ], [ 35.937017922253851, 50.431219537143114 ], [ 35.936188487447787, 50.430833922715735 ], [ 35.935555497727371, 50.430950334618338 ], [ 35.934536893579576, 50.43145236094832 ], [ 35.933321844346139, 50.430950334618338 ], [ 35.932645200162241, 50.431044919289207 ], [ 35.93225230999095, 50.431372327765281 ], [ 35.931750283660968, 50.432281795754385 ], [ 35.930091414048846, 50.433307675646091 ], [ 35.928221547863259, 50.433889735159113 ], [ 35.92782138194805, 50.434711894221266 ], [ 35.927413940288936, 50.434973821002124 ], [ 35.926460817836357, 50.435141163112121 ], [ 35.925522246871608, 50.435497674563848 ], [ 35.924765569504672, 50.4358105315521 ], [ 35.923892480235139, 50.435948770686444 ], [ 35.923092148404734, 50.436137940028182 ], [ 35.922313643806064, 50.436778205492509 ], [ 35.921724308549123, 50.437076510992931 ], [ 35.921040388621321, 50.437185647151622 ], [ 35.92032736571786, 50.437054683761197 ], [ 35.91994175129048, 50.436559933175126 ], [ 35.919505206655714, 50.435977873662097 ], [ 35.919134143716164, 50.435563156259072 ], [ 35.918326536141841, 50.435315780966036 ], [ 35.917555307287081, 50.435097508648646 ], [ 35.916762251200588, 50.435148438856039 ], [ 35.916332982309726, 50.435097508648646 ], [ 35.915903713418871, 50.435308505222118 ], [ 35.914608631002388, 50.435272126502554 ], [ 35.913480890695908, 50.434981096746036 ], [ 35.911945708730308, 50.435272126502561 ], [ 35.91005401531298, 50.436414418296877 ], [ 35.909064514140837, 50.437083786736849 ], [ 35.90803135850522, 50.43730205905424 ], [ 35.907485677711755, 50.437447573932495 ], [ 35.906939996918297, 50.437833188359875 ], [ 35.906132389343973, 50.437993254725953 ], [ 35.904742722256628, 50.438284284482464 ], [ 35.903534948767103, 50.438204251299425 ], [ 35.902276245070183, 50.438051460677258 ], [ 35.901643255349775, 50.438044184933339 ], [ 35.90120707450221, 50.43832175456361 ], [ 35.900453671220035, 50.436061544717113 ], [ 35.89879480160792, 50.436312557882104 ], [ 35.897714353636864, 50.436312557882104 ], [ 35.896361065269083, 50.43607245833298 ], [ 35.894854986279135, 50.435723222625164 ], [ 35.893468957063746, 50.435985149406022 ], [ 35.891089788804244, 50.436503546159827 ], [ 35.890113020183954, 50.436983745258075 ], [ 35.888383212068682, 50.438096934076732 ], [ 35.88645150205982, 50.436339841921772 ], [ 35.885338313241157, 50.435052035249207 ], [ 35.883843147867076, 50.433644178802076 ], [ 35.881202052826723, 50.43142871478063 ], [ 35.878681007560928, 50.429169596295701 ], [ 35.875306411085894, 50.426203532751693 ], [ 35.874501092683012, 50.4254262260526 ], [ 35.87239476482025, 50.422501376999648 ], [ 35.867068920276068, 50.424356691697419 ], [ 35.865453705127429, 50.425109731192393 ], [ 35.863467427039232, 50.425720893681067 ], [ 35.861513889798637, 50.426190179163449 ], [ 35.86159028510972, 50.42681225526799 ], [ 35.861088258779738, 50.427292454366238 ], [ 35.859876847418256, 50.427925444086647 ], [ 35.85966948871674, 50.428896755899011 ], [ 35.859091067075674, 50.428962237594227 ], [ 35.857803260403102, 50.428340161489679 ], [ 35.855282215137315, 50.429311473302043 ], [ 35.851244177265684, 50.428307420642071 ], [ 35.846594976905401, 50.427292454366238 ], [ 35.842524198186176, 50.426332056169755 ], [ 35.838267887997176, 50.425251608198707 ], [ 35.835135680242715, 50.424640445710025 ], [ 35.833640514868627, 50.428842187819676 ], [ 35.831850681866072, 50.433633265186266 ], [ 35.825782711442777, 50.430904861218963 ], [ 35.819310937232324, 50.427969098550136 ], [ 35.812642717936228, 50.424891458875024 ], [ 35.806563833897066, 50.422163054907706 ], [ 35.802263869244591, 50.42017677681951 ], [ 35.800015664375529, 50.419194551391286 ], [ 35.799644601435979, 50.419107242464328 ], [ 35.797189037865401, 50.417994053645671 ], [ 35.796054021815003, 50.417295582230039 ], [ 35.795366464015245, 50.417208273303082 ], [ 35.794275102428323, 50.416629851662016 ], [ 35.79437332497114, 50.416258788722459 ], [ 35.795486513789811, 50.41532021775771 ], [ 35.795661131643719, 50.414719968884903 ], [ 35.794275102428308, 50.413508557523429 ], [ 35.794515201977433, 50.412635468253889 ], [ 35.79556290910088, 50.411915169606516 ], [ 35.796730665998886, 50.410812894403726 ], [ 35.798040299903192, 50.411031166721109 ], [ 35.798891561940991, 50.410998425873501 ], [ 35.800692308559412, 50.411042080336983 ], [ 35.801434434438519, 50.411183957343283 ], [ 35.803311576368031, 50.411140302879801 ], [ 35.804774000894504, 50.410747412708517 ], [ 35.806018153103594, 50.409743360048552 ], [ 35.806585661128793, 50.408270021906205 ], [ 35.80512323660232, 50.407757081960355 ], [ 35.802327797645567, 50.405167877908902 ], [ 35.776692267010013, 50.391332361374879 ], [ 35.765747753930846, 50.378175345651684 ], [ 35.756576744812065, 50.368345286652605 ], [ 35.748473385029165, 50.362018117852415 ], [ 35.744438075561511, 50.358866811270175 ], [ 35.743619554371321, 50.357917326689552 ], [ 35.743373998014285, 50.357598103425381 ], [ 35.740509173848615, 50.355347170152349 ], [ 35.738831205408722, 50.35404572145994 ], [ 35.737652534894849, 50.354283092605101 ], [ 35.729843842740408, 50.354258536969382 ], [ 35.729180840576355, 50.35420124048607 ], [ 35.72423697258759, 50.354127573578957 ], [ 35.717132208656722, 50.354225796121774 ], [ 35.708668699550131, 50.354324018664599 ], [ 35.704109536520768, 50.354405870783616 ], [ 35.700442561588702, 50.354389500359808 ], [ 35.69621899224731, 50.354651427140674 ], [ 35.691471569344195, 50.354725094047787 ], [ 35.687992854285874, 50.354798760954907 ], [ 35.68269702218533, 50.354864242650123 ], [ 35.67808056267264, 50.354954279981037 ], [ 35.672719248876881, 50.354987020828645 ], [ 35.671491467091592, 50.354733279259683 ], [ 35.665147927867601, 50.35280975446274 ], [ 35.659884836614665, 50.351426453651314 ], [ 35.658509721015143, 50.351131786022847 ], [ 35.656815382151443, 50.351270934625184 ], [ 35.648728392792343, 50.352204048781999 ], [ 35.646772127147784, 50.352310456536728 ], [ 35.641140701359262, 50.352965273488884 ], [ 35.637301836977258, 50.353358163660175 ], [ 35.630565407581976, 50.354127573578957 ], [ 35.630303480801111, 50.353661016500546 ], [ 35.628085288375694, 50.354004795400428 ], [ 35.62647280163101, 50.35190938115354 ], [ 35.623149605598833, 50.35383290595049 ], [ 35.618091144643444, 50.356967842108929 ], [ 35.615103542299238, 50.358809514786863 ], [ 35.611592086393316, 50.360937669881366 ], [ 35.607745036799408, 50.363270455273415 ], [ 35.603717912543665, 50.365791500539203 ], [ 35.601565201813457, 50.367174801350629 ], [ 35.601385127151616, 50.3674940246148 ], [ 35.601941721560941, 50.367600432369528 ], [ 35.60806016745763, 50.371938594677545 ], [ 35.608085349441843, 50.372056950003348 ], [ 35.608142019576654, 50.372323299636939 ], [ 35.608940077737088, 50.372855338410567 ], [ 35.611264677917234, 50.374525121638563 ], [ 35.609758598927279, 50.374852530114637 ], [ 35.609472116510709, 50.374893456174149 ], [ 35.609267486213163, 50.375179938590712 ], [ 35.609054670703713, 50.375646495669123 ], [ 35.608641317502659, 50.375998459780902 ], [ 35.607757314617253, 50.376542776372382 ], [ 35.606521347620067, 50.377263075019755 ], [ 35.605436807043056, 50.377709169068403 ], [ 35.605129861596737, 50.377574113072022 ], [ 35.603067188197457, 50.378351708202707 ], [ 35.602641557178551, 50.378130707481354 ], [ 35.602158629676339, 50.37840900468602 ], [ 35.602224111371555, 50.378687301890686 ], [ 35.602420556457204, 50.378826450493023 ], [ 35.602093147981122, 50.379333933630939 ], [ 35.60159385005511, 50.379464897021371 ], [ 35.601340108486148, 50.379718638590326 ], [ 35.601618405690814, 50.379923268887879 ], [ 35.599293805510669, 50.381372051394514 ], [ 35.598540766015695, 50.382026868346671 ], [ 35.597493058892226, 50.383074575470111 ], [ 35.59641261092117, 50.384940803783749 ], [ 35.596134313716504, 50.385857547516764 ], [ 35.595119347440672, 50.389549078084535 ], [ 35.594341752309994, 50.390441266181838 ], [ 35.593965232562503, 50.391194305676812 ], [ 35.593621453662621, 50.392512124793022 ], [ 35.59330223039845, 50.392774051573888 ], [ 35.592983007134272, 50.392872274116712 ], [ 35.590813925980264, 50.392643088183462 ], [ 35.589496106864054, 50.392561236064445 ], [ 35.587629878550416, 50.39246301352162 ], [ 35.58720424753151, 50.392274753647875 ], [ 35.586664023545978, 50.392389346614507 ], [ 35.586352985493704, 50.392536680428741 ], [ 35.586025577017629, 50.39282316284531 ], [ 35.585460797396401, 50.392790421997702 ], [ 35.58447857196817, 50.392708569878678 ], [ 35.584028385313559, 50.392782236785798 ], [ 35.583332642301897, 50.394263760140049 ], [ 35.583188633729954, 50.395650897769563 ], [ 35.582981445553685, 50.396562525745139 ], [ 35.582953820463516, 50.397957592798676 ], [ 35.582891664010639, 50.398793251776297 ], [ 35.5828364138303, 50.40133476007184 ], [ 35.582953820463523, 50.403530954740269 ], [ 35.583022883188946, 50.404207769449407 ], [ 35.582760444832338, 50.404698114799906 ], [ 35.582732819742169, 50.405140116242606 ], [ 35.582649944471662, 50.405816930951751 ], [ 35.582705194652, 50.40785428135171 ], [ 35.582794976195046, 50.407909531532049 ], [ 35.582779325615697, 50.408269494857116 ], [ 35.582746632287254, 50.409021441411348 ], [ 35.582891664010639, 50.409290786040501 ], [ 35.582753538559793, 50.410133351290654 ], [ 35.582608506836408, 50.4105339150981 ], [ 35.582560162928608, 50.411694168885198 ], [ 35.582622319381485, 50.412350264776713 ], [ 35.582732819742162, 50.413393111930596 ], [ 35.582601600563862, 50.414580990807856 ], [ 35.582622319381471, 50.416542372209847 ], [ 35.582912382828248, 50.416790998021369 ], [ 35.582788069922486, 50.417516156638307 ], [ 35.582632678790283, 50.418365628161006 ], [ 35.582674116425537, 50.41934977199827 ], [ 35.582819148148928, 50.419805585986062 ], [ 35.582850226375363, 50.420810448640957 ], [ 35.58271555406079, 50.421763514251786 ], [ 35.582705194651972, 50.422157171786694 ], [ 35.582860585784175, 50.422664782818551 ], [ 35.582953820463494, 50.424674508128348 ], [ 35.582995258098748, 50.426114465953404 ], [ 35.582933101645864, 50.427430110872713 ], [ 35.58267411642553, 50.427865206042874 ], [ 35.582798429331298, 50.429243007415039 ], [ 35.583109211595698, 50.429377679729619 ], [ 35.583171368048575, 50.429978525440795 ], [ 35.583539127061449, 50.430123557164173 ], [ 35.587423905366471, 50.431309709473318 ], [ 35.587408366253243, 50.432635713801432 ], [ 35.587988493146796, 50.434189625123437 ], [ 35.587708789108838, 50.435474191816304 ], [ 35.587398006844438, 50.436479054471199 ], [ 35.587770945561715, 50.437245650723391 ], [ 35.58762591383833, 50.43850949859862 ], [ 35.587470522706134, 50.440622817996541 ], [ 35.58637242537192, 50.443513093055486 ], [ 35.586268831283782, 50.44388603177277 ], [ 35.586268831283782, 50.444466158666316 ], [ 35.586444941233609, 50.4445283151192 ], [ 35.586299909510224, 50.445978632353075 ], [ 35.586330987736659, 50.44742894958695 ], [ 35.586330987736659, 50.448361296380149 ], [ 35.585087858679039, 50.449449034305587 ], [ 35.58437305947092, 50.450205271148967 ], [ 35.582529084702138, 50.451313727891993 ], [ 35.579431621466931, 50.453002311528572 ], [ 35.579129899801245, 50.453253746249977 ], [ 35.578747900485247, 50.453572079013313 ], [ 35.578064179503563, 50.4548048486621 ], [ 35.578136695365252, 50.455146709152942 ], [ 35.578613228170667, 50.455706117228864 ], [ 35.577763756647975, 50.456369119392924 ], [ 35.577245786207307, 50.45675241751902 ], [ 35.576779612810704, 50.456969965104101 ], [ 35.575163545035814, 50.457684764312226 ], [ 35.574007855849693, 50.458563088093676 ], [ 35.571513401843383, 50.45768394276832 ], [ 35.571524802690398, 50.457239309734881 ], [ 35.571734580718868, 50.456866371017597 ], [ 35.571524802690398, 50.456353580281338 ], [ 35.571140209638195, 50.45569511035864 ], [ 35.570574974394816, 50.455473677995251 ], [ 35.569619318931778, 50.455730073363384 ], [ 35.568832651325017, 50.455689283191184 ], [ 35.568337342091127, 50.455502813832538 ], [ 35.568145045565025, 50.455339653143731 ], [ 35.568092601057906, 50.455182319622374 ], [ 35.568168354234857, 50.455024986101023 ], [ 35.568418922435526, 50.454990023096279 ], [ 35.56900163918128, 50.455141529450174 ], [ 35.56947363974534, 50.455001677431191 ], [ 35.569520257085003, 50.454885134082041 ], [ 35.569368750731115, 50.454646220216297 ], [ 35.568634527631467, 50.454413133517996 ], [ 35.568354823593502, 50.454220836991894 ], [ 35.568191662904688, 50.454046021968168 ], [ 35.567608946158941, 50.453766317930196 ], [ 35.56716608143217, 50.453364243375624 ], [ 35.566595019021328, 50.453014613328172 ], [ 35.566064746782693, 50.452554267099025 ], [ 35.565283906343382, 50.452128883874614 ], [ 35.564794424276954, 50.452088093702415 ], [ 35.564031065340018, 50.452035649195295 ], [ 35.563844595981379, 50.451755945157338 ], [ 35.563966966497986, 50.451581130133611 ], [ 35.564159263024081, 50.451464586784461 ], [ 35.564176744526456, 50.451283944593278 ], [ 35.564031065340018, 50.451120783904464 ], [ 35.563541583273583, 50.451173228411584 ], [ 35.56328518790545, 50.451324734765478 ], [ 35.562778224336647, 50.45197737752072 ], [ 35.562463557293938, 50.452088093702415 ], [ 35.561566173505483, 50.452280390228509 ], [ 35.560796987401091, 50.452484341089523 ], [ 35.5603424683394, 50.452600884438674 ], [ 35.559952048119747, 50.452909724313926 ], [ 35.559823850435677, 50.453282663031203 ], [ 35.559882122110253, 50.453451650887473 ], [ 35.559876294942796, 50.453632293078655 ], [ 35.559788887430933, 50.453766317930182 ], [ 35.559101281670948, 50.454139256647458 ], [ 35.55839619440858, 50.454430615020335 ], [ 35.558122317538079, 50.454337380341016 ], [ 35.557854267835033, 50.454354861843392 ], [ 35.557527946457405, 50.454488886694911 ], [ 35.557195797912328, 50.454436442187799 ], [ 35.557020982888602, 50.454337380341016 ], [ 35.557090908898097, 50.454185873987122 ], [ 35.55721910658216, 50.453882861279332 ], [ 35.557213279414704, 50.453754663595262 ], [ 35.557125871902841, 50.453690564753231 ], [ 35.55688113086962, 50.453748836427806 ], [ 35.556496537817424, 50.453842071107125 ], [ 35.556190611525899, 50.453926565035246 ], [ 35.556126512683868, 50.454124688728804 ], [ 35.556260537535394, 50.454346121092186 ], [ 35.556289673372682, 50.454544244785744 ], [ 35.55609737684658, 50.454689923972182 ], [ 35.555875944483191, 50.454794812986421 ], [ 35.555648684952352, 50.454800640153877 ], [ 35.555415598254051, 50.454707405474558 ], [ 35.555514660100826, 50.454357775427106 ], [ 35.555495777470952, 50.454141165373294 ], [ 35.555345672244556, 50.453938219370158 ], [ 35.555100931211342, 50.453879947695583 ], [ 35.554559004637788, 50.454188787570835 ], [ 35.554215201757792, 50.454567553455576 ], [ 35.553894707547627, 50.455091998526754 ], [ 35.554017078064241, 50.455237677713193 ], [ 35.554471597125925, 50.455325085225056 ], [ 35.554594474117046, 50.45539790121979 ], [ 35.554786264168634, 50.455511554583694 ], [ 35.555042659536767, 50.455756295616915 ], [ 35.554966906359816, 50.455901974803353 ], [ 35.554564831805244, 50.456030172487417 ], [ 35.554056024922495, 50.456148689954098 ], [ 35.553754855528645, 50.456315703692837 ], [ 35.55377930278528, 50.456534538545306 ], [ 35.554215201757792, 50.456793531424353 ], [ 35.554314263604567, 50.45703244529011 ], [ 35.554226856092704, 50.457166470141637 ], [ 35.55369658385407, 50.457457828514514 ], [ 35.553294509299498, 50.457807458561966 ], [ 35.552822508735439, 50.458361039470432 ], [ 35.552393963478679, 50.458466191810132 ], [ 35.551732828420882, 50.458413483977552 ], [ 35.551179247512415, 50.45776084122231 ], [ 35.550753864288012, 50.457661779375528 ], [ 35.550497468919879, 50.457725878217559 ], [ 35.550287690891409, 50.457906520408748 ], [ 35.550619839436493, 50.458495064321959 ], [ 35.549622301207322, 50.459309046776205 ], [ 35.548022743740226, 50.459086157620952 ], [ 35.546980409161257, 50.458915712972818 ], [ 35.546541186414139, 50.457630822548431 ], [ 35.545846296694826, 50.457480044590461 ], [ 35.543807516480619, 50.457670155928767 ], [ 35.542666848450807, 50.458083156422319 ], [ 35.541735958449465, 50.458640379310445 ], [ 35.540844401828458, 50.458889490719258 ], [ 35.539002288515945, 50.459407380227056 ], [ 35.537900953866469, 50.459813825157219 ], [ 35.537527286753253, 50.460233381214159 ], [ 35.537592842387149, 50.460436603679241 ], [ 35.537809175979007, 50.460902048679912 ], [ 35.537481397809522, 50.461301938046688 ], [ 35.536825841470552, 50.461734605230411 ], [ 35.536294840835978, 50.462298383681926 ], [ 35.535219728440062, 50.463484940655469 ], [ 35.534144616044145, 50.46427160826223 ], [ 35.533639322125289, 50.464620086826955 ], [ 35.532512280760123, 50.465484387489354 ], [ 35.531109390194722, 50.466166166081884 ], [ 35.529988388855074, 50.4665398331951 ], [ 35.528375720261202, 50.466926611435099 ], [ 35.527012163076137, 50.467175722843919 ], [ 35.525491272369713, 50.467772279112381 ], [ 35.524363715466677, 50.468132835098821 ], [ 35.523000158281612, 50.468880169325246 ], [ 35.521918490322292, 50.46938494770626 ], [ 35.521249822856539, 50.469673392495409 ], [ 35.520725377785361, 50.469811059326595 ], [ 35.520220599404354, 50.469915948340827 ], [ 35.519899376798257, 50.470047059608625 ], [ 35.519551931938601, 50.470361726651333 ], [ 35.518496486232848, 50.470873060595729 ], [ 35.516877262075589, 50.471567950315041 ], [ 35.516025038834918, 50.472007173062153 ], [ 35.515317037988829, 50.472361173485197 ], [ 35.514759815100703, 50.472570951513674 ], [ 35.514314036790196, 50.472702062781465 ], [ 35.512780034956997, 50.473678841726539 ], [ 35.511337811011252, 50.474472064896695 ], [ 35.510243031925164, 50.474924398770582 ], [ 35.509272808543486, 50.47540295489803 ], [ 35.508125584950285, 50.475999511166499 ], [ 35.506998028047242, 50.476779623209865 ], [ 35.506014693538781, 50.477546624126468 ], [ 35.505693470932684, 50.47795962462002 ], [ 35.50489369219914, 50.478936403565093 ], [ 35.504238135860163, 50.47959195990407 ], [ 35.503189245717806, 50.480208182862704 ], [ 35.50239602254765, 50.480634294483039 ], [ 35.501629021631047, 50.480975183779307 ], [ 35.500199908812085, 50.481375073146083 ], [ 35.498547906837871, 50.481892962653873 ], [ 35.496738571342291, 50.482410852161664 ], [ 35.495073458241301, 50.483033630683686 ], [ 35.493723012183011, 50.483603964698595 ], [ 35.492044787955251, 50.484311965544677 ], [ 35.490910675488827, 50.484665965967721 ], [ 35.489855229783075, 50.484856077306027 ], [ 35.488531005978352, 50.485210077729072 ], [ 35.485672780340423, 50.485793522870757 ], [ 35.483529111111984, 50.486245856744645 ], [ 35.482204887307255, 50.486521190407025 ], [ 35.480985552516763, 50.486737523998883 ], [ 35.479595773078138, 50.486875190830069 ], [ 35.478022437864603, 50.48741930259142 ], [ 35.476455658214455, 50.487910969845643 ], [ 35.475911546453112, 50.48814697012768 ], [ 35.475747657368366, 50.488291192522254 ], [ 35.475662435044299, 50.488743526396142 ], [ 35.475406768072098, 50.489077860129022 ], [ 35.4748298784938, 50.489523638439522 ], [ 35.474600433775159, 50.489903861116126 ], [ 35.474377544619905, 50.490552861891707 ], [ 35.473780988351443, 50.491293640554751 ], [ 35.472791098279593, 50.49223764168287 ], [ 35.472476431236885, 50.492637531049645 ], [ 35.472574764687728, 50.492886642458451 ], [ 35.471820874897908, 50.494001088234704 ], [ 35.470857207079618, 50.4951548673913 ], [ 35.469762427993537, 50.496544646829925 ], [ 35.469041316020672, 50.49751487021161 ], [ 35.468556204329829, 50.498288426691595 ], [ 35.468071092638986, 50.499920761975638 ], [ 35.466864868975279, 50.500346873595966 ], [ 35.465481645100049, 50.501756319724763 ], [ 35.463075753336014, 50.504535878602013 ], [ 35.462885641997715, 50.504739101067109 ], [ 35.462561141609925, 50.504758767757281 ], [ 35.461912140834336, 50.504660434306437 ], [ 35.461597473791628, 50.505132434870497 ], [ 35.460564972557748, 50.505024268074564 ], [ 35.459099804140138, 50.504453934059661 ], [ 35.458765470407265, 50.504621100926094 ], [ 35.458352469913713, 50.505181601595922 ], [ 35.457978802800497, 50.505535602018966 ], [ 35.457624802377445, 50.505987935892861 ], [ 35.45718230184864, 50.50652876987251 ], [ 35.457349468715073, 50.507040103816905 ], [ 35.458549136815392, 50.507748104663001 ], [ 35.45917847090081, 50.508180771846725 ], [ 35.459434137873011, 50.508869106002642 ], [ 35.459424304527921, 50.509488606742977 ], [ 35.459198137590981, 50.509852440511104 ], [ 35.45853930347031, 50.509960607307036 ], [ 35.458165636357094, 50.510206440934148 ], [ 35.45757563565202, 50.510806274984311 ], [ 35.457487135546259, 50.511248775513103 ], [ 35.457762469208625, 50.513353111361205 ], [ 35.451213461382274, 50.518446784115035 ], [ 35.447378456799278, 50.52156395450686 ], [ 35.44529378764134, 50.523314289931925 ], [ 35.444841453767445, 50.524690958243767 ], [ 35.44519545419049, 50.524877791800378 ], [ 35.444615286830498, 50.529007796735904 ], [ 35.44445795330914, 50.52921429698268 ], [ 35.443327118624417, 50.529401130539277 ], [ 35.441670302062114, 50.529457773840555 ], [ 35.441026115874614, 50.529479797299956 ], [ 35.439688780943108, 50.529499463990128 ], [ 35.438646446364139, 50.529627297476232 ], [ 35.436610943931626, 50.529971464554187 ], [ 35.435814442979776, 50.53143663297179 ], [ 35.435076942098434, 50.532459300860594 ], [ 35.435263775655038, 50.533177135051766 ], [ 35.435519442627239, 50.534435803222593 ], [ 35.435558776007575, 50.535173304103935 ], [ 35.435381775796053, 50.535664971358166 ], [ 35.435430942521478, 50.53642213892968 ], [ 35.436994444389931, 50.538113474284245 ], [ 35.437171444601461, 50.539244308968968 ], [ 35.437397611538401, 50.539529475976423 ], [ 35.438744779814996, 50.54032597692828 ], [ 35.439305280484817, 50.541210977985891 ], [ 35.439226613724138, 50.541938645522137 ], [ 35.438990613442108, 50.542548312917383 ], [ 35.438479279497706, 50.543118646932292 ], [ 35.43843994611737, 50.543610314186523 ], [ 35.438479279497706, 50.543954481264493 ], [ 35.438951280061765, 50.544278981652283 ], [ 35.43697477769976, 50.54747481880478 ], [ 35.435942276465873, 50.548733486975607 ], [ 35.434378774597427, 50.550631322576933 ], [ 35.432461272305929, 50.553138825573498 ], [ 35.430917437127647, 50.555341494872451 ], [ 35.43068143684561, 50.556295329345659 ], [ 35.430612603430021, 50.557091830297509 ], [ 35.430878103747304, 50.557819497833769 ], [ 35.430897770437468, 50.558183331601903 ], [ 35.42841976747615, 50.560877668155086 ], [ 35.42745609965786, 50.562264169812018 ], [ 35.42599093124025, 50.562972170658114 ], [ 35.424112762329095, 50.564388172350299 ], [ 35.42269676063691, 50.565253506717745 ], [ 35.421615092677605, 50.566010674289259 ], [ 35.420454757957621, 50.566649841719759 ], [ 35.418055421756982, 50.567643009573302 ], [ 35.416098586085141, 50.568193676898041 ], [ 35.414702251083128, 50.568882011053965 ], [ 35.413738583264838, 50.569137678026166 ], [ 35.413040415763831, 50.56926551151227 ], [ 35.411939081114355, 50.569186844751592 ], [ 35.410926246570639, 50.568990177849898 ], [ 35.409795411885909, 50.569767012111583 ], [ 35.409195577835746, 50.570121012534628 ], [ 35.407573075896785, 50.571065013662754 ], [ 35.406963408501539, 50.571920514685111 ], [ 35.405803073781556, 50.572825182432894 ], [ 35.405296656509705, 50.573700350145423 ], [ 35.404431322142258, 50.574811518139981 ], [ 35.401505901979583, 50.574752518069474 ], [ 35.400311150551808, 50.575367102137257 ], [ 35.398885315514541, 50.575952186169793 ], [ 35.398054397854892, 50.57637010333589 ], [ 35.396736729613558, 50.576965020713509 ], [ 35.394725810543754, 50.577913938514172 ], [ 35.392646058058354, 50.578877606332462 ], [ 35.391195639658378, 50.579600357196185 ], [ 35.390423722069237, 50.580101857795498 ], [ 35.390241805185177, 50.580342774750093 ], [ 35.392316640998025, 50.581394942674144 ], [ 35.393417975647502, 50.582270110386673 ], [ 35.394224309944441, 50.583518945212418 ], [ 35.397469313822363, 50.587884950429981 ], [ 35.398196981358623, 50.588091450676757 ], [ 35.398924648894884, 50.589241952051658 ], [ 35.399691649811487, 50.58955661909436 ], [ 35.400055483579621, 50.589871286137061 ], [ 35.400094816959957, 50.590431786806889 ], [ 35.401363318475873, 50.591041454202134 ], [ 35.40738132566765, 50.593686624029893 ], [ 35.414215500501456, 50.596715294315956 ], [ 35.415808502405163, 50.597256128295605 ], [ 35.418316005401735, 50.598386962980335 ], [ 35.420705508257292, 50.599507964319976 ], [ 35.42132500899762, 50.599852131397945 ], [ 35.424412679354184, 50.602566134641293 ], [ 35.425651680834861, 50.60366746929077 ], [ 35.423852178684378, 50.604650803799224 ], [ 35.423183511218625, 50.605457138096178 ], [ 35.422770510725073, 50.606371639189042 ], [ 35.421570842624753, 50.607217306866318 ], [ 35.420892341813911, 50.607905641022242 ], [ 35.420312174453919, 50.608269474790369 ], [ 35.419712340403763, 50.608633308558503 ], [ 35.419407506706136, 50.609016809016801 ], [ 35.419230506494614, 50.61018697708186 ], [ 35.419525506847151, 50.611563645393709 ], [ 35.420233507693247, 50.612645313353013 ], [ 35.420213841003076, 50.613825314763169 ], [ 35.420272841073583, 50.614493982228922 ], [ 35.420843175088493, 50.615732983709584 ], [ 35.419033839592927, 50.615919817266203 ], [ 35.41760800455566, 50.615929650611285 ], [ 35.415484002017379, 50.615546150152987 ], [ 35.414156500430963, 50.614965982792995 ], [ 35.413438666239784, 50.613618814516407 ], [ 35.413251832683173, 50.613402480924542 ], [ 35.413074832471651, 50.613363147544206 ], [ 35.412740498738778, 50.613461480995049 ], [ 35.412189831414047, 50.614405482123161 ], [ 35.411452330532697, 50.615801817125174 ], [ 35.410203495706952, 50.618024153114305 ], [ 35.408826827395103, 50.620039988856647 ], [ 35.407902492957156, 50.619764655194281 ], [ 35.406869991723269, 50.619735155159027 ], [ 35.40606365742633, 50.61957782163767 ], [ 35.405768657073793, 50.619784321884453 ], [ 35.405257323129398, 50.620197322378004 ], [ 35.404785322565331, 50.620256322448512 ], [ 35.404647655734152, 50.620413655969863 ], [ 35.404647655734152, 50.620629989561728 ], [ 35.405385156615495, 50.621387157133242 ], [ 35.406270157673113, 50.622576991888479 ], [ 35.406574991370732, 50.62329482607965 ], [ 35.406525824645307, 50.624032326961 ], [ 35.406348824433785, 50.624818994567768 ], [ 35.405394989960577, 50.62652999661249 ], [ 35.404903322706353, 50.626502954913512 ], [ 35.404512447239235, 50.62637020475487 ], [ 35.404018321648735, 50.626407079798938 ], [ 35.403605321155183, 50.626473454878258 ], [ 35.403435695952474, 50.626650455089781 ], [ 35.403538946075862, 50.626797955266049 ], [ 35.404564072300929, 50.62760183122672 ], [ 35.404121571772116, 50.628737582583987 ], [ 35.403738071313818, 50.629386583359569 ], [ 35.403566639195283, 50.629657914770199 ], [ 35.401973545064202, 50.632170718541936 ], [ 35.399702683083738, 50.635752572519223 ], [ 35.393685934301097, 50.645242852308506 ], [ 35.393582684177709, 50.646717854071198 ], [ 35.39423168495329, 50.650449608530806 ], [ 35.396208187315295, 50.651408359676552 ], [ 35.397078438355287, 50.652499860980946 ], [ 35.399069690734919, 50.654373113219563 ], [ 35.400662692638626, 50.655066364048025 ], [ 35.400942942973536, 50.65592186507039 ], [ 35.401509681340421, 50.656354536296696 ], [ 35.419071702427047, 50.660536956360389 ], [ 35.436830713855905, 50.67489919958804 ], [ 35.444289581925645, 50.689108128381143 ], [ 35.436063902805593, 50.691921581823841 ], [ 35.43029612637806, 50.69563555062139 ], [ 35.425589483892686, 50.702789647199147 ], [ 35.432298588817297, 50.719048957603157 ], [ 35.44843567262167, 50.729254287575642 ], [ 35.45741344810066, 50.750098671211823 ], [ 35.457468739202717, 50.752582391301793 ], [ 35.449228162191972, 50.761805186168523 ], [ 35.440991990789101, 50.767429489587578 ], [ 35.435614931113847, 50.769361539332586 ], [ 35.430071308681782, 50.777105616966779 ], [ 35.426932175246307, 50.78537615857983 ], [ 35.396261489223249, 50.79098455969293 ], [ 35.391976428813663, 50.792225351233085 ], [ 35.381255278731658, 50.799899382110311 ], [ 35.380985734901515, 50.80138980093583 ], [ 35.381326628569056, 50.802515542814682 ], [ 35.38045457500094, 50.803324174305118 ], [ 35.379734951767411, 50.805256537295101 ], [ 35.378702540104989, 50.805972046048339 ], [ 35.379039089934821, 50.80759443960293 ], [ 35.395210958284117, 50.819007930454156 ], [ 35.396537944733531, 50.827320858870614 ], [ 35.398227580514948, 50.83265886099808 ], [ 35.410498948003465, 50.840293753352107 ], [ 35.419573530525888, 50.842176952193846 ], [ 35.419266152370597, 50.84307008872053 ], [ 35.418867901894671, 50.843888714698828 ], [ 35.41791652575774, 50.845798841981505 ], [ 35.417407650149613, 50.8463962176954 ], [ 35.416898774541487, 50.847421343920466 ], [ 35.412990019870364, 50.853830226579348 ], [ 35.412798269641215, 50.854434977302049 ], [ 35.412606519412066, 50.855032353015943 ], [ 35.412161099609222, 50.855146819298668 ], [ 35.411737958478547, 50.854972584715448 ], [ 35.410978793508818, 50.855806421649419 ], [ 35.410869896894305, 50.856108220838195 ], [ 35.410670771656342, 50.856270010094043 ], [ 35.410508982400501, 50.856388240704085 ], [ 35.410260075853046, 50.856637147251533 ], [ 35.409332898963775, 50.857078956373265 ], [ 35.408492839366119, 50.858143031863655 ], [ 35.407907908979602, 50.859238220672452 ], [ 35.406937173444526, 50.860968121177258 ], [ 35.406053555201062, 50.862797584301056 ], [ 35.404286318714135, 50.864303468913157 ], [ 35.403527153744399, 50.864813727335438 ], [ 35.402319956989245, 50.865037743228143 ], [ 35.400863853686637, 50.864627047424847 ], [ 35.399121507854453, 50.863917663764603 ], [ 35.397976537736156, 50.863855437127739 ], [ 35.397354271367526, 50.864004781056209 ], [ 35.394840315238234, 50.864490148823748 ], [ 35.39333443062614, 50.864900844627051 ], [ 35.392525484346912, 50.865137305847135 ], [ 35.390820474496849, 50.866008478763227 ], [ 35.388393635659163, 50.866867206351948 ], [ 35.385170295869621, 50.867688597958548 ], [ 35.382905246287784, 50.869679850338187 ], [ 35.382108745335934, 50.870239890069961 ], [ 35.38304214488889, 50.871036391021804 ], [ 35.385941906166735, 50.873923706972278 ], [ 35.387099321612396, 50.875106013072688 ], [ 35.389924410926007, 50.876201201881486 ], [ 35.39413093157799, 50.877868875749435 ], [ 35.39874814803327, 50.878914283248747 ], [ 35.401610573329002, 50.879524104290013 ], [ 35.401125205561485, 50.879847682801696 ], [ 35.39940775038405, 50.880681519735674 ], [ 35.396489321115148, 50.882050505746676 ], [ 35.394174490223818, 50.88308346791861 ], [ 35.392009003260974, 50.883942195507331 ], [ 35.390322661401967, 50.884558239212282 ], [ 35.389053238009943, 50.885099610952999 ], [ 35.387870931909532, 50.885921002559598 ], [ 35.387211329558774, 50.886512155609807 ], [ 35.386265484678454, 50.887426887171685 ], [ 35.383813755186026, 50.89032664844953 ], [ 35.381399361675719, 50.893052175144156 ], [ 35.379756578462519, 50.895342115380743 ], [ 35.379681906498277, 50.895628357910311 ], [ 35.379818805099383, 50.895777701838789 ], [ 35.382270534591804, 50.896536866808525 ], [ 35.386078804767862, 50.897681836926822 ], [ 35.388866558099352, 50.898192095349089 ], [ 35.393919361012678, 50.899660643979068 ], [ 35.394554072708686, 50.899996667818137 ], [ 35.395860832082825, 50.900506926240418 ], [ 35.397640513897123, 50.900942512698464 ], [ 35.402543972881979, 50.902361280018951 ], [ 35.402656423807279, 50.902398250186174 ], [ 35.402525304890901, 50.90264129988482 ], [ 35.401423893418411, 50.903338238217692 ], [ 35.400652283121303, 50.903381796863492 ], [ 35.399644211604112, 50.903083109006552 ], [ 35.399264629119244, 50.902915097087018 ], [ 35.398978386589668, 50.90296487839651 ], [ 35.398698366723785, 50.903823605985224 ], [ 35.398928605280183, 50.904551657636532 ], [ 35.398866378643319, 50.904775673529237 ], [ 35.397460056650196, 50.905522393171609 ], [ 35.39706802883795, 50.905684182427457 ], [ 35.396831567617873, 50.905677959763771 ], [ 35.396582661070418, 50.905578397144787 ], [ 35.396059957320759, 50.905472611862116 ], [ 35.395904390728603, 50.905516170507923 ], [ 35.396308863868214, 50.906480683379307 ], [ 35.396364867841399, 50.906872711191554 ], [ 35.396147074612372, 50.907314520313285 ], [ 35.396153297276065, 50.907494977560184 ], [ 35.396283973213478, 50.907687880134461 ], [ 35.396582661070418, 50.908272810520984 ], [ 35.396862680936302, 50.909679132514114 ], [ 35.397777412498201, 50.909946707052619 ], [ 35.398051209700398, 50.910170722945331 ], [ 35.398474350831073, 50.910873883941889 ], [ 35.39877303868802, 50.911166349135144 ], [ 35.399320633092415, 50.911359251709428 ], [ 35.399656656931484, 50.911620603584254 ], [ 35.400456037192633, 50.912044059073942 ], [ 35.399905563478924, 50.912603784446709 ], [ 35.399488645011935, 50.913294500115896 ], [ 35.399245961128166, 50.913698973255507 ], [ 35.398947273271226, 50.914327462287822 ], [ 35.398293893584153, 50.914931060665403 ], [ 35.397590732587595, 50.915466209742434 ], [ 35.396364867841385, 50.916611179860716 ], [ 35.395251011041523, 50.917656587360028 ], [ 35.394746975282928, 50.918061060499639 ], [ 35.393994032976877, 50.918471756302942 ], [ 35.392867730849645, 50.918614877567727 ], [ 35.392419699064227, 50.919224698608993 ], [ 35.392494371028462, 50.920294996763047 ], [ 35.392606378974818, 50.921110165705961 ], [ 35.392780613558031, 50.92282139821971 ], [ 35.392786836221717, 50.923848137727965 ], [ 35.392718386921167, 50.924109489602792 ], [ 35.392506816355827, 50.924265056194947 ], [ 35.390472005330388, 50.923960145674307 ], [ 35.388617651551847, 50.923611676507882 ], [ 35.387379341478265, 50.923481000570469 ], [ 35.386682403145393, 50.92349344589784 ], [ 35.386128586077305, 50.923431219260976 ], [ 35.385375643771255, 50.923443664588348 ], [ 35.384660037447318, 50.923356547296741 ], [ 35.383396836718987, 50.923412551269919 ], [ 35.382413655856546, 50.923487223234147 ], [ 35.381666936214181, 50.923512113888897 ], [ 35.381075783163972, 50.923487223234147 ], [ 35.379793914444583, 50.923474777906776 ], [ 35.376228328152294, 50.923362769960434 ], [ 35.374485982320117, 50.923319211314627 ], [ 35.373639700058774, 50.923350324633056 ], [ 35.37304232434488, 50.923443664588355 ], [ 35.372102702128238, 50.923717461790552 ], [ 35.369818984555344, 50.924476626760288 ], [ 35.36729880576236, 50.925350911008223 ], [ 35.365880038441873, 50.925886060085254 ], [ 35.365824034468694, 50.92607273999586 ], [ 35.368113974705281, 50.928182222985534 ], [ 35.371380873140623, 50.931281109501342 ], [ 35.372588069895777, 50.932432302283317 ], [ 35.37170445165232, 50.932475860929138 ], [ 35.367939740122068, 50.932488306256509 ], [ 35.365382225346977, 50.93256920088443 ], [ 35.364255923219744, 50.932475860929138 ], [ 35.363969680690168, 50.932332739664353 ], [ 35.36231445214959, 50.932183395735883 ], [ 35.359763160038185, 50.931735363950459 ], [ 35.358313279399255, 50.931474012075633 ], [ 35.356004671171611, 50.931293554828741 ], [ 35.354909482362814, 50.931374449456669 ], [ 35.354473895904768, 50.932245622372761 ], [ 35.353192027185379, 50.932170950408526 ], [ 35.351287892097353, 50.931847371896836 ], [ 35.349831788794745, 50.931623356004131 ], [ 35.347927653706712, 50.931685582640995 ], [ 35.347429840611809, 50.931859817224208 ], [ 35.347031590135877, 50.932768326122421 ], [ 35.346123081237671, 50.932979896687762 ], [ 35.344922107146203, 50.933788842966976 ], [ 35.344268727459131, 50.935033375704251 ], [ 35.343217097296126, 50.935481407489661 ], [ 35.34193522857673, 50.934852918457338 ], [ 35.339838190914428, 50.934479558636156 ], [ 35.338935904679907, 50.934311546716629 ], [ 35.337305566794079, 50.934317769380314 ], [ 35.335482326333974, 50.934504449290905 ], [ 35.332551451737693, 50.934660015883061 ], [ 35.331406481619403, 50.934660015883061 ], [ 35.330970895161357, 50.934790691820474 ], [ 35.330715765950217, 50.935014707713187 ], [ 35.325227376578844, 50.946763096753038 ], [ 35.329321889284451, 50.947659160323866 ], [ 35.329035646754882, 50.948732569809764 ], [ 35.329234771992851, 50.95002688385653 ], [ 35.330105944908951, 50.952204816146761 ], [ 35.331076680444021, 50.952453722694216 ], [ 35.333752425829147, 50.95504235078775 ], [ 35.335314314414425, 50.956355332825559 ], [ 35.33526453310494, 50.957077161813174 ], [ 35.335463658342903, 50.958172350621979 ], [ 35.336509065842208, 50.963685630648122 ], [ 35.336098370038911, 50.963853642567656 ], [ 35.336185487330518, 50.9645630262279 ], [ 35.336353499250052, 50.964942608712761 ], [ 35.337106441556102, 50.965396863161871 ], [ 35.337355348103557, 50.965689328355126 ], [ 35.338095845082236, 50.965714219009875 ], [ 35.340024870825005, 50.965365749843436 ], [ 35.341238290243851, 50.965340859188693 ], [ 35.34152453277342, 50.965452867135056 ], [ 35.341754771329818, 50.96581378162886 ], [ 35.341823220630367, 50.966585391925975 ], [ 35.343907812965277, 50.966124914813193 ], [ 35.347940099034041, 50.969970520971366 ], [ 35.350366937871719, 50.970767021923216 ], [ 35.351835486501706, 50.971588413529815 ], [ 35.353192027185329, 50.973504993945213 ], [ 35.351885267811198, 50.974662409390874 ], [ 35.350653180401295, 50.975384238378496 ], [ 35.350242484597999, 50.976342528586194 ], [ 35.348885943914368, 50.976666107097884 ], [ 35.347765864450828, 50.979043164626084 ], [ 35.346608449005167, 50.980897518404618 ], [ 35.345500814868991, 50.982975888075863 ], [ 35.344380735405444, 50.985116484383973 ], [ 35.343982484929512, 50.985489844205155 ], [ 35.342849960138594, 50.987630440513264 ], [ 35.340821371776848, 50.987543323221665 ], [ 35.340323558681938, 50.987705112477514 ], [ 35.336764195053341, 50.989634138220282 ], [ 35.335046739875899, 50.990505311136374 ], [ 35.334810278655816, 50.990866225630185 ], [ 35.334362246870398, 50.991214694796625 ], [ 35.333222148548288, 50.992321586371489 ], [ 35.336645964443285, 50.993405072414212 ], [ 35.338450536912333, 50.994176682711327 ], [ 35.339495944411645, 50.994873621044199 ], [ 35.340055984143412, 50.995371434139109 ], [ 35.339097693935713, 50.995981255180375 ], [ 35.338363419620727, 50.996678193513247 ], [ 35.337753598579461, 50.997001772024937 ], [ 35.33756677091138, 50.997028119516592 ], [ 35.338368152568087, 50.997698057621143 ], [ 35.339321709828425, 50.998495211309674 ], [ 35.340463697426955, 50.999885794848012 ], [ 35.341151172952216, 51.000722924909375 ], [ 35.338487872894454, 51.001755887081316 ], [ 35.333522187272735, 51.004468968448563 ], [ 35.328245368466703, 51.008451473207835 ], [ 35.327638658757294, 51.009465767388683 ], [ 35.326555915275868, 51.010274713667911 ], [ 35.324689116169957, 51.011705926315777 ], [ 35.323581482033788, 51.012601989886612 ], [ 35.32292187968303, 51.013274037564742 ], [ 35.323046332956757, 51.013827854632815 ], [ 35.324085517792383, 51.01425099576349 ], [ 35.345556172123445, 51.011538100401651 ], [ 35.348130997320162, 51.011580731619084 ], [ 35.352444958833978, 51.011246786033773 ], [ 35.359106788107162, 51.011226902353506 ], [ 35.367690634340924, 51.010756521137353 ], [ 35.3754922, 51.0120302 ], [ 35.380556190746177, 51.012508649931355 ], [ 35.382622115090051, 51.01295668171678 ], [ 35.382522552471066, 51.013865190614979 ], [ 35.382709232381657, 51.014923043441662 ], [ 35.383032810893347, 51.017300100969855 ], [ 35.383779530535712, 51.020150080938208 ], [ 35.393798019070758, 51.02061055805099 ], [ 35.394818535915327, 51.023124514180282 ], [ 35.400107800048737, 51.031512664829492 ], [ 35.400381597250934, 51.033653261137601 ], [ 35.403779171623697, 51.036129881284779 ], [ 35.412951377897393, 51.039888370151345 ], [ 35.412254439564521, 51.042004075804712 ], [ 35.406392690371966, 51.051599423209062 ], [ 35.404140086117501, 51.051624313863819 ], [ 35.399317521760565, 51.052912405246893 ], [ 35.398695255391928, 51.053335546377561 ], [ 35.389809291647815, 51.060435605643711 ], [ 35.382615892426379, 51.065712424449742 ], [ 35.370593706184323, 51.069918945101726 ], [ 35.363944790035447, 51.066518259397121 ], [ 35.363313189671281, 51.066599154025027 ], [ 35.359722712724249, 51.066661380661891 ], [ 35.358061261519993, 51.066574263370278 ], [ 35.356169571759338, 51.065802653073177 ], [ 35.355348180152738, 51.064943925484457 ], [ 35.354352553962919, 51.064663905618573 ], [ 35.35139056604821, 51.063693170083518 ], [ 35.348403687478751, 51.064290545797405 ], [ 35.341857445280695, 51.067115635111016 ], [ 35.34007776346639, 51.068198378592427 ], [ 35.336120149361868, 51.072473348544953 ], [ 35.330494861389397, 51.071315933099285 ], [ 35.329508569195106, 51.071266151789793 ], [ 35.328730736234313, 51.071583507637783 ], [ 35.323453917428317, 51.068273050556577 ], [ 35.322284056655278, 51.068297941211327 ], [ 35.321811134215118, 51.068061479991243 ], [ 35.320877734662162, 51.067700565497432 ], [ 35.320666164096821, 51.067488994932098 ], [ 35.320379921567252, 51.067264979039386 ], [ 35.319944335109206, 51.06732720567625 ], [ 35.319546084633281, 51.067401877640485 ], [ 35.319222506121591, 51.067289869694136 ], [ 35.318811810318287, 51.067090744456166 ], [ 35.318376223860241, 51.067053408474052 ], [ 35.315874713058328, 51.065908438355763 ], [ 35.315003540142236, 51.065746649099921 ], [ 35.308245727378839, 51.062174840143932 ], [ 35.303914753453128, 51.060955198061407 ], [ 35.301898610418746, 51.061054760680392 ], [ 35.297032487416011, 51.061826370977499 ], [ 35.294431413995106, 51.062921559786304 ], [ 35.290784933074903, 51.063991857940358 ], [ 35.287101116172558, 51.066592931361313 ], [ 35.286998442221758, 51.067884134076138 ], [ 35.287577149944596, 51.068873537602265 ], [ 35.29011599672863, 51.069638925235694 ], [ 35.291161404227942, 51.069582921262516 ], [ 35.292262815700425, 51.06990027711052 ], [ 35.294129614806337, 51.070086957021111 ], [ 35.294428302663277, 51.070777672690298 ], [ 35.296239097796011, 51.071767076216425 ], [ 35.297956552973446, 51.07212176804655 ], [ 35.3037933, 51.0742383 ], [ 35.303911642121292, 51.07583669826731 ], [ 35.3031925, 51.0774739 ], [ 35.3043083, 51.0788759 ], [ 35.302511542791869, 51.080261012148313 ], [ 35.299860688061479, 51.07973830839866 ], [ 35.298385916767806, 51.079962324291365 ], [ 35.297013819424961, 51.079728974403125 ], [ 35.295949743934592, 51.079915654313716 ], [ 35.292682845499264, 51.080606369982902 ], [ 35.290601364496162, 51.081362423620796 ], [ 35.289873312844861, 51.080074332237714 ], [ 35.289947984809096, 51.079010256747345 ], [ 35.289667964943213, 51.078692900899341 ], [ 35.289275937130967, 51.078842244827818 ], [ 35.288267865613776, 51.079383616568528 ], [ 35.286083710659867, 51.08042902406784 ], [ 35.284982299187376, 51.08057836799631 ], [ 35.284254247536076, 51.08029834813042 ], [ 35.282742140260289, 51.07947695652382 ], [ 35.282294108474872, 51.079140932684759 ], [ 35.280203293476255, 51.078730236881455 ], [ 35.279157885976943, 51.078804908845697 ], [ 35.278523174280934, 51.079066260720523 ], [ 35.278075142495517, 51.079644968443354 ], [ 35.277347090844216, 51.080354352103598 ], [ 35.275442955756183, 51.079887652327123 ], [ 35.273688164596635, 51.078842244827818 ], [ 35.272586753124145, 51.077852841301691 ], [ 35.271560013615897, 51.077554153444744 ], [ 35.271205321785772, 51.077218129605683 ], [ 35.270271922232816, 51.076714093847087 ], [ 35.270085242322224, 51.076508745945432 ], [ 35.269898562411633, 51.076060714160015 ], [ 35.269749218483163, 51.075519342419305 ], [ 35.269506534599394, 51.074884630723297 ], [ 35.269170510760333, 51.074716618803762 ], [ 35.268853154912328, 51.074753954785884 ], [ 35.268685142992794, 51.074996638669646 ], [ 35.268666475001737, 51.07544467045507 ], [ 35.268722478974915, 51.075799362285188 ], [ 35.26909583879609, 51.07613538612425 ], [ 35.268629139019616, 51.076527413936496 ], [ 35.268199775225256, 51.076602085900731 ], [ 35.267079695761709, 51.075948706213666 ], [ 35.26614629620876, 51.075519342419305 ], [ 35.265866276342869, 51.074940634696475 ], [ 35.26532490460216, 51.074921966705411 ], [ 35.263458105496248, 51.073727215277636 ], [ 35.262394030005879, 51.07337252344751 ], [ 35.261759318309871, 51.073521867375987 ], [ 35.259761843266546, 51.073055167599506 ], [ 35.258081724071239, 51.07294315965315 ], [ 35.25548687331402, 51.072420455903497 ], [ 35.253937430056119, 51.071860416171724 ], [ 35.25259333469986, 51.071039024565124 ], [ 35.251566595191612, 51.069993617065819 ], [ 35.250875879522425, 51.068892205593322 ], [ 35.249998483942647, 51.068294829879434 ], [ 35.249083752380749, 51.068145485950957 ], [ 35.2481503528278, 51.068332165861548 ], [ 35.247272957248022, 51.068630853718496 ], [ 35.245779517963292, 51.068462841798961 ], [ 35.244454090598097, 51.067772126129782 ], [ 35.243128663232902, 51.067230754389065 ], [ 35.240776496359459, 51.066502702737758 ], [ 35.239955104752859, 51.06605467095234 ], [ 35.238293653548595, 51.066204014880817 ], [ 35.236762878281752, 51.06590532702387 ], [ 35.235474786898671, 51.065214611354683 ], [ 35.234261367479832, 51.064729243587145 ], [ 35.233794667703357, 51.064355883765963 ], [ 35.232450572347098, 51.063786510038668 ], [ 35.230471765294837, 51.063319810262193 ], [ 35.230212544199674, 51.063137395417449 ], [ 35.228959658019043, 51.062255734771817 ], [ 35.2282502743588, 51.061172991290391 ], [ 35.227018186948897, 51.060276927719556 ], [ 35.226346139270774, 51.059847563925196 ], [ 35.225860771503235, 51.059231520220244 ], [ 35.224124648334737, 51.059567544059313 ], [ 35.221604469541759, 51.061191659281448 ], [ 35.219592281805944, 51.062403820228788 ], [ 35.217180155660756, 51.063525158163834 ], [ 35.214809320796249, 51.064701241600559 ], [ 35.211915782182089, 51.066288020840581 ], [ 35.205330533536795, 51.067701340145476 ], [ 35.199912263931097, 51.068864203606722 ], [ 35.198754848485429, 51.069872275123913 ], [ 35.198101468798363, 51.07625672806612 ], [ 35.191773019829327, 51.08284652890999 ], [ 35.189719540812831, 51.08519869578344 ], [ 35.1892341730453, 51.088577602165131 ], [ 35.187572721841036, 51.088558934174074 ], [ 35.185649918761953, 51.089100305914791 ], [ 35.183885793606876, 51.089436329753845 ], [ 35.1812722748586, 51.08936165778961 ], [ 35.177389332718313, 51.089623009664443 ], [ 35.175121171804626, 51.089548337700201 ], [ 35.174803815956622, 51.089828357566091 ], [ 35.1748598199298, 51.090603079195041 ], [ 35.175111837809098, 51.092068516493178 ], [ 35.175690545531936, 51.094336677406858 ], [ 35.17611057533076, 51.095867452673701 ], [ 35.177006638901602, 51.098714321310219 ], [ 35.175233179750983, 51.100151756621763 ], [ 35.174682474014745, 51.100319768541297 ], [ 35.174346450175676, 51.100170424612827 ], [ 35.1736417335132, 51.10026843156588 ], [ 35.17321236971884, 51.100473779467528 ], [ 35.172428314094361, 51.101089823172479 ], [ 35.171574253503408, 51.101878545794733 ], [ 35.171102886729166, 51.102279907602508 ], [ 35.170141485189625, 51.103390653070512 ], [ 35.16909607769032, 51.10461340648488 ], [ 35.16794799624018, 51.10543479809148 ], [ 35.167653320304346, 51.105602599666049 ], [ 35.167003713194291, 51.10565413994857 ], [ 35.164390273644592, 51.105190624568998 ], [ 35.164644829444896, 51.100789660787264 ], [ 35.1643541, 51.1007383 ], [ 35.162519288512421, 51.101378433850464 ], [ 35.161161657577516, 51.101016112852818 ], [ 35.160313138243211, 51.101314495057224 ], [ 35.159600382002381, 51.101921910022597 ], [ 35.158056076813928, 51.102539973198681 ], [ 35.157631817146779, 51.103136716010567 ], [ 35.155815985771333, 51.103584268064211 ], [ 35.154763821796784, 51.103264588468072 ], [ 35.154441384449747, 51.103200652283533 ], [ 35.150775780925507, 51.106280144721268 ], [ 35.155222022237318, 51.109817578320893 ], [ 35.166153022511693, 51.115516087205904 ], [ 35.166753244812391, 51.116353239362134 ], [ 35.167495297456995, 51.117613328758623 ], [ 35.168608376423883, 51.119167439014291 ], [ 35.169112412182486, 51.119503462853352 ], [ 35.170946542304037, 51.120063502585126 ], [ 35.173949755365669, 51.121015570129138 ], [ 35.175104837312453, 51.121477602907852 ], [ 35.174929824896275, 51.122317662505509 ], [ 35.174061763312018, 51.125285873083904 ], [ 35.162202921991721, 51.129766190938085 ], [ 35.160564805776282, 51.130116215770443 ], [ 35.158184636916246, 51.130648253515631 ], [ 35.15647651573434, 51.131838337945652 ], [ 35.155020412431732, 51.133252438268379 ], [ 35.15320028330347, 51.134596533624631 ], [ 35.15045608861778, 51.135310584282642 ], [ 35.148565954523043, 51.135688611101592 ], [ 35.146241789636186, 51.135310584282642 ], [ 35.144659677393925, 51.135450594215584 ], [ 35.142881551245537, 51.135716613088171 ], [ 35.141618173777545, 51.133553231455188 ], [ 35.140579868529386, 51.132781230274574 ], [ 35.136560649762131, 51.13147693233519 ], [ 35.126572287952186, 51.126766262571479 ], [ 35.115288920231208, 51.124647007689106 ], [ 35.097785434231156, 51.127039164166256 ], [ 35.050168045016548, 51.11269629186215 ], [ 35.046949081006453, 51.112861838582667 ], [ 35.047527268512461, 51.115173880606562 ], [ 35.047180735923718, 51.115408637345134 ], [ 35.04632376464108, 51.115989188179022 ], [ 35.044583612593748, 51.116243695475511 ], [ 35.042523637492522, 51.115514973653227 ], [ 35.042356261857343, 51.115033259573032 ], [ 35.0414804, 51.1122485 ], [ 35.03986, 51.1103768 ], [ 35.0374145, 51.1104034 ], [ 35.0332956, 51.1135283 ], [ 35.0305607, 51.1122417 ], [ 35.030431197114659, 51.108401274168664 ], [ 35.029989739193276, 51.107536752405956 ], [ 35.02860098614893, 51.105789314800475 ], [ 35.021738888154154, 51.106686641329233 ], [ 35.0193974, 51.1068814 ], [ 34.998439496228194, 51.101560904248849 ], [ 34.973034619899785, 51.106160042198319 ], [ 34.965516117838348, 51.116112494548915 ], [ 34.965816818980798, 51.11870315054535 ], [ 34.965699771406861, 51.12861291936364 ], [ 34.957828769630673, 51.13915552456281 ], [ 34.954558519251691, 51.140305108569386 ], [ 34.953843248351205, 51.141003745262886 ], [ 34.951913680340596, 51.14323272899928 ], [ 34.944993543360503, 51.145761995863737 ], [ 34.944771873801344, 51.145688776100336 ], [ 34.937135896215011, 51.148589056365367 ], [ 34.929001816660652, 51.142959131320232 ], [ 34.927763487175554, 51.140924292105126 ], [ 34.923285339295397, 51.1400712588974 ], [ 34.90170740479784, 51.129017531716116 ], [ 34.879205348170345, 51.13182453874434 ], [ 34.864292814321175, 51.121882684588137 ], [ 34.852936593060519, 51.11954343730909 ], [ 34.851770539215288, 51.119311329354879 ], [ 34.8517645, 51.119302 ], [ 34.844547915866563, 51.116933221156579 ], [ 34.836114140956688, 51.11789192315193 ], [ 34.833253780736648, 51.119066061017215 ], [ 34.813267428869423, 51.128396423960062 ], [ 34.812519416064625, 51.128862777622309 ], [ 34.812418630558994, 51.130263110706238 ], [ 34.8049502, 51.1429358 ], [ 34.801987207341071, 51.142684652583313 ], [ 34.800655277351041, 51.142941694100145 ], [ 34.786609362105921, 51.151395125474522 ], [ 34.781317553701257, 51.152937555395496 ], [ 34.770556887540081, 51.152098479913057 ], [ 34.760858517489893, 51.154146784399174 ], [ 34.755940479939085, 51.159970382283682 ], [ 34.7519197, 51.1678886 ], [ 34.744776534698737, 51.166730756022957 ], [ 34.736782264659894, 51.179174099444701 ], [ 34.689046162293465, 51.18076576770089 ], [ 34.71674457985079, 51.171577438452623 ], [ 34.730721505503986, 51.164941083690593 ], [ 34.732400305906253, 51.163907183573272 ], [ 34.7324058, 51.1639038 ], [ 34.751847343515266, 51.152025624346599 ], [ 34.770238188838974, 51.149240515311533 ], [ 34.786513840445785, 51.150101475842519 ], [ 34.792681067487393, 51.143823242371695 ], [ 34.804424924429114, 51.131868002969846 ], [ 34.82683324134161, 51.115149209534358 ], [ 34.840759208127224, 51.114318084195695 ], [ 34.852639323325775, 51.115969662728411 ], [ 34.865768015320896, 51.117859244968621 ], [ 34.868506509264165, 51.11734161869353 ], [ 34.913174094645704, 51.121509879415221 ], [ 34.927513467466937, 51.130852877248095 ], [ 34.94113343507918, 51.123021770451928 ], [ 34.953905353450054, 51.105912672857116 ], [ 34.965371549981413, 51.099140228143696 ], [ 34.980704356517968, 51.098625176614995 ], [ 34.992553201433502, 51.098243286592712 ], [ 35.027056012868556, 51.104464409616348 ], [ 35.027616902865844, 51.104409758796102 ], [ 35.040695093786859, 51.104924793037732 ], [ 35.046029377003592, 51.104888004877616 ], [ 35.053313432706432, 51.10428100023573 ], [ 35.067237751310103, 51.099535327580845 ], [ 35.07772130838503, 51.10668899654523 ], [ 35.0794874, 51.1068271 ], [ 35.0839505, 51.1134207 ], [ 35.105738, 51.1191188 ], [ 35.1377245, 51.1165512 ], [ 35.1479072, 51.1111779 ], [ 35.1438142, 51.1021857 ], [ 35.144134153740254, 51.096403447860368 ], [ 35.142139231101119, 51.09347517235009 ], [ 35.138421772182355, 51.090164060884874 ], [ 35.138201076263286, 51.089479903535761 ], [ 35.138774885652865, 51.088321249960657 ], [ 35.139348695042436, 51.086952935262445 ], [ 35.141368062701908, 51.082219007798464 ], [ 35.141678973371427, 51.082204365974867 ], [ 35.15288631260114, 51.080599364307403 ], [ 35.154657348923863, 51.080530183201049 ], [ 35.163554039201287, 51.077666085397894 ], [ 35.168701113514196, 51.074815823816017 ], [ 35.172063315283104, 51.071356768498198 ], [ 35.178344809030172, 51.065975350608682 ], [ 35.179155378702909, 51.065179529618817 ], [ 35.186466821626475, 51.05476713919397 ], [ 35.200386060225355, 51.04843014985174 ], [ 35.203468976457287, 51.051277575658411 ], [ 35.21344, 51.046509 ], [ 35.213440075689348, 51.046509006973444 ], [ 35.222029166338345, 51.047300340434468 ], [ 35.226817506045002, 51.0477203702333 ], [ 35.23997843974167, 51.050772586771465 ], [ 35.243086660253006, 51.050296552999455 ], [ 35.246810924469301, 51.044108113963361 ], [ 35.266776340907015, 51.047076324541763 ], [ 35.270640615056244, 51.049428491415213 ], [ 35.27114465081484, 51.050212547039692 ], [ 35.278117145475413, 51.050016533133572 ], [ 35.279474255213984, 51.049734361801789 ], [ 35.280945346120866, 51.049428491415206 ], [ 35.289009918258394, 51.051780658288656 ], [ 35.293770255978465, 51.052200688087488 ], [ 35.296192867755352, 51.052830092127564 ], [ 35.29948266124255, 51.053684793376689 ], [ 35.312908683947398, 51.056052777414479 ], [ 35.316311855182335, 51.056653003955084 ], [ 35.326588584260371, 51.061301333728807 ], [ 35.33815340472151, 51.058445131096761 ], [ 35.351426346364541, 51.059229186721247 ], [ 35.360835013858335, 51.060825299956804 ], [ 35.366547419122419, 51.064773580065797 ], [ 35.36990765751306, 51.065977665489108 ], [ 35.381948511746181, 51.058221115204049 ], [ 35.384972726297754, 51.054972884759771 ], [ 35.385700777949054, 51.054272835095048 ], [ 35.384776712391634, 51.050408560945819 ], [ 35.393709346113418, 51.044416135815844 ], [ 35.391917218971749, 51.034587438523232 ], [ 35.384972726297761, 51.023414645874361 ], [ 35.380296394537453, 51.025850818707575 ], [ 35.378140241570129, 51.019662379671473 ], [ 35.364799602541083, 51.014905845843991 ], [ 35.346098240585917, 51.01473533296538 ], [ 35.322416288258708, 51.018696311134185 ], [ 35.316395861142148, 51.017744243590172 ], [ 35.313651666456465, 51.012703886004225 ], [ 35.326490577307354, 51.005843399290008 ], [ 35.327106621012298, 51.005409368497887 ], [ 35.329962823644337, 51.003337221490327 ], [ 35.332062972638489, 51.001377082429116 ], [ 35.334331133552169, 51.000313006938747 ], [ 35.335759234868192, 50.999108921515429 ], [ 35.334401138518643, 50.997638817219524 ], [ 35.330004826624226, 50.996266719876679 ], [ 35.327932679616673, 50.986746044436536 ], [ 35.33893746034601, 50.981033639172445 ], [ 35.338909458359424, 50.977813410714752 ], [ 35.337761376909292, 50.970392884268762 ], [ 35.332132977604971, 50.966584614092703 ], [ 35.328996755107042, 50.963420389608189 ], [ 35.326406571347597, 50.956335887001252 ], [ 35.32548250579017, 50.953647696288741 ], [ 35.322178271372707, 50.950511473790812 ], [ 35.319210060794319, 50.947515261225824 ], [ 35.321198201842108, 50.93905866127605 ], [ 35.32201025945318, 50.937966583799096 ], [ 35.324726452152284, 50.935726424872001 ], [ 35.332679016343462, 50.9295379858359 ], [ 35.334051113686307, 50.929453979876129 ], [ 35.336963320291531, 50.930518055366498 ], [ 35.338727445446615, 50.931022091125094 ], [ 35.339595507030864, 50.931554128870282 ], [ 35.341947673904308, 50.931918154695936 ], [ 35.344719870576583, 50.929874009674961 ], [ 35.351188329478568, 50.927801862667394 ], [ 35.357068746662186, 50.928193890479641 ], [ 35.360849014851652, 50.927073811016093 ], [ 35.360260973133293, 50.922985520974152 ], [ 35.370285684332032, 50.91690908988442 ], [ 35.377538198858495, 50.917329119683245 ], [ 35.38137447102114, 50.917133105777125 ], [ 35.383698635907997, 50.917357121669831 ], [ 35.38672285045957, 50.917441127629601 ], [ 35.387898933896295, 50.91682508392465 ], [ 35.390307104742917, 50.911700720378924 ], [ 35.391343178246693, 50.907976456162636 ], [ 35.390139092823382, 50.907780442256517 ], [ 35.387702919990168, 50.906968384645445 ], [ 35.384986727291071, 50.905652291275779 ], [ 35.38182250280655, 50.905036247570827 ], [ 35.380366399503941, 50.903804160160924 ], [ 35.369753646586837, 50.898875810521325 ], [ 35.37907830812086, 50.887366994033385 ], [ 35.380758427316174, 50.883138694058495 ], [ 35.375214033971623, 50.868045623287209 ], [ 35.390149554194615, 50.862104056028208 ], [ 35.389401310959599, 50.850001384523495 ], [ 35.392446403181168, 50.840293753352107 ], [ 35.385306224865658, 50.817705011651043 ], [ 35.374772350578823, 50.816940787986361 ], [ 35.371551107469386, 50.81480360694875 ], [ 35.367547588496606, 50.807481777674354 ], [ 35.366960347662271, 50.805926011594245 ], [ 35.367841208913788, 50.803142631099576 ], [ 35.368044484587216, 50.801800839731818 ], [ 35.369219, 50.798333 ], [ 35.370178879158182, 50.797375510018654 ], [ 35.372353687420365, 50.796771033330636 ], [ 35.375373701923515, 50.796547498565133 ], [ 35.379287120891064, 50.79492526971228 ], [ 35.380724689544607, 50.793230193483318 ], [ 35.4056378, 50.7826038 ], [ 35.441327339282722, 50.757104958642657 ], [ 35.439001511114945, 50.741772000308423 ], [ 35.433271943553414, 50.727918561922664 ], [ 35.423774740006579, 50.717441082634068 ], [ 35.415594286760111, 50.703953471522802 ], [ 35.418246, 50.701464 ], [ 35.4218511, 50.6936358 ], [ 35.422346138658348, 50.68462934908851 ], [ 35.422927765567096, 50.674045351749363 ], [ 35.411571559841967, 50.665423334758572 ], [ 35.409300057127425, 50.665128334406035 ], [ 35.406202553425778, 50.66477433398299 ], [ 35.404285051134281, 50.665305334617557 ], [ 35.400597546727553, 50.662886331726746 ], [ 35.388679532485021, 50.657310825063782 ], [ 35.38673253015827, 50.652797319669951 ], [ 35.386998030475553, 50.64781181371206 ], [ 35.389889033930423, 50.636660800386124 ], [ 35.387204530722329, 50.629875792277751 ], [ 35.388148531850455, 50.623031784098856 ], [ 35.393045537702591, 50.620052280538225 ], [ 35.399277131415154, 50.61257725977395 ], [ 35.399402795299778, 50.612426521425107 ], [ 35.401548922864492, 50.611113769856317 ], [ 35.405059427059697, 50.606231514021822 ], [ 35.405678927800032, 50.603783011095757 ], [ 35.402522424027879, 50.599771006301239 ], [ 35.399660920608262, 50.59907775547277 ], [ 35.398392419092346, 50.598369754626681 ], [ 35.395324415425954, 50.597956754133115 ], [ 35.395173888076783, 50.597625593964935 ], [ 35.394660664632745, 50.59649650238805 ], [ 35.393908413733769, 50.596054001859237 ], [ 35.392433411971084, 50.595567251277551 ], [ 35.381695399138707, 50.585905989731955 ], [ 35.383177775910205, 50.578553105944941 ], [ 35.388694282502662, 50.576901103970734 ], [ 35.39005128412434, 50.575190101926012 ], [ 35.3948007898002, 50.570440596250151 ], [ 35.396069291316117, 50.567844593147818 ], [ 35.400346796427911, 50.566369591385126 ], [ 35.401261297520783, 50.565248590045485 ], [ 35.408842806581006, 50.562888587225181 ], [ 35.41199931035316, 50.562298586520107 ], [ 35.412795811305017, 50.562033086202824 ], [ 35.414388813208717, 50.560440084299117 ], [ 35.415657314724633, 50.558965082536425 ], [ 35.422560322974022, 50.554628577354123 ], [ 35.423710824348923, 50.548758070338621 ], [ 35.423415823996386, 50.543507064063455 ], [ 35.42135082152862, 50.538610058211326 ], [ 35.423238823784864, 50.529229047000619 ], [ 35.425067825970601, 50.527990045519964 ], [ 35.426719827944808, 50.527577045026412 ], [ 35.43076133277458, 50.527311544709121 ], [ 35.432354334678287, 50.52642654365151 ], [ 35.435923838943992, 50.524951541888818 ], [ 35.441469845571703, 50.515364030431321 ], [ 35.448107353503808, 50.512384526870697 ], [ 35.452738859038654, 50.509818023803625 ], [ 35.45406636062507, 50.506160019432151 ], [ 35.455983862916568, 50.502797015413222 ], [ 35.459169866723975, 50.501381013721037 ], [ 35.463240871589001, 50.496779008221445 ], [ 35.463535871941545, 50.491823002298794 ], [ 35.466220375149639, 50.489728499795781 ], [ 35.469907879556359, 50.484683993767383 ], [ 35.485778898522895, 50.476836984389863 ], [ 35.499764587550111, 50.465440027267483 ], [ 35.517412769660041, 50.463906135603679 ], [ 35.52284077614673, 50.460720131796251 ], [ 35.524124027680273, 50.460012130950162 ], [ 35.526661030712098, 50.46083813193728 ], [ 35.529729034378498, 50.460897132007787 ], [ 35.530260035013065, 50.460484131514228 ], [ 35.531115536035429, 50.458478129116976 ], [ 35.532405382649586, 50.458166786830795 ], [ 35.533682039102509, 50.457858628376641 ], [ 35.537104043191952, 50.45800612855291 ], [ 35.540319547034599, 50.457681628165112 ], [ 35.546072053909093, 50.45198812136114 ], [ 35.549789058351067, 50.451870121220125 ], [ 35.555630065331322, 50.450660619774716 ], [ 35.557901568045871, 50.450395119457433 ], [ 35.563742575026119, 50.449628118540829 ], [ 35.565896077599646, 50.449805118752352 ], [ 35.568934581230785, 50.449480618364561 ], [ 35.579643094027908, 50.442489110009411 ], [ 35.57982009423943, 50.439273606166751 ], [ 35.580351094873997, 50.43458310056139 ], [ 35.573035086131057, 50.426736091183884 ], [ 35.570144082676187, 50.413018574790861 ], [ 35.571766584615141, 50.403018062839827 ], [ 35.577519091489627, 50.394168052263687 ], [ 35.582098971962779, 50.39000117228408 ], [ 35.584871975276634, 50.385944917436689 ], [ 35.58433359963324, 50.378503533543913 ], [ 35.590484356983659, 50.374388278625993 ], [ 35.593065610068365, 50.372603526493137 ], [ 35.59788886583236, 50.369668272985393 ], [ 35.598773866889971, 50.364476266780692 ], [ 35.602889121807877, 50.362116263960388 ], [ 35.604939374258016, 50.360877262479725 ], [ 35.606517626144097, 50.359859511263465 ], [ 35.607225626990186, 50.358546759694676 ], [ 35.60808112801255, 50.356880007702834 ], [ 35.609261129422698, 50.356304757015387 ], [ 35.610441130832854, 50.355626256204552 ], [ 35.611193381731823, 50.354888755323202 ], [ 35.610721381167764, 50.354328254653382 ], [ 35.610426380815227, 50.353487503648651 ], [ 35.612329133089098, 50.352248502167988 ], [ 35.613096134005694, 50.351997751868332 ], [ 35.613671384693141, 50.351230750951736 ], [ 35.614276135415842, 50.350758750387676 ], [ 35.61483663608567, 50.350581750176147 ], [ 35.615515136896505, 50.350803000440557 ], [ 35.616046137531072, 50.350699750317169 ], [ 35.616296887830728, 50.350375249929371 ], [ 35.616901638553429, 50.350301499841237 ], [ 35.618376640316121, 50.35028674982361 ], [ 35.619866392096441, 50.349873749330058 ], [ 35.62057439294253, 50.349549248942267 ], [ 35.621208643700484, 50.349534498924641 ], [ 35.621916644546573, 50.349268998607357 ], [ 35.622108394775729, 50.348885498149059 ], [ 35.623008145850967, 50.348531497726015 ], [ 35.623406396326892, 50.348251247391097 ], [ 35.623760396749937, 50.348118497232456 ], [ 35.624896148107212, 50.347543246545023 ], [ 35.625703631158459, 50.347336569335475 ], [ 35.626135149587867, 50.347226121166045 ], [ 35.628613152549192, 50.347093371007404 ], [ 35.630147154382392, 50.347226121166052 ], [ 35.632083094195913, 50.346374307648098 ], [ 35.636360599307707, 50.345356556431838 ], [ 35.636630975719086, 50.344433595623755 ], [ 35.636316349254827, 50.343984804792541 ], [ 35.641773855776783, 50.340975801196656 ], [ 35.647494641161344, 50.341607786693686 ], [ 35.693044917047878, 50.346639807965396 ], [ 35.719211448317999, 50.346610307930149 ], [ 35.728444959352437, 50.34879331053893 ], [ 35.744592197704357, 50.350197623368196 ], [ 35.752561238172419, 50.354781817695418 ], [ 35.759523246492314, 50.358351321961131 ], [ 35.765511753648831, 50.364752829611206 ], [ 35.768830507614886, 50.374650091438845 ], [ 35.776308766551722, 50.377821345228639 ], [ 35.78949528231017, 50.385373354253609 ], [ 35.802475297821843, 50.394960865711099 ], [ 35.808928430533605, 50.404555752177345 ], [ 35.80876618033971, 50.407063255173917 ], [ 35.814540812240651, 50.411178510091837 ], [ 35.815182438007419, 50.412048761131828 ], [ 35.814865312628442, 50.412277386405044 ], [ 35.814747312487427, 50.412727261942628 ], [ 35.818405316858907, 50.418524018869995 ], [ 35.820013068780241, 50.418878019293039 ], [ 35.82724057741742, 50.417535767688996 ], [ 35.833509334908854, 50.417181767265923 ], [ 35.840176342876212, 50.415957515802894 ], [ 35.854690360221092, 50.420412021126225 ], [ 35.85666686258309, 50.420825021619756 ], [ 35.85899736536814, 50.420854521655009 ], [ 35.863437120673836, 50.418524018869959 ], [ 35.865103872665671, 50.416842516860491 ], [ 35.869292877671711, 50.413892513335099 ], [ 35.873275382430975, 50.415588765362195 ], [ 35.875355134916369, 50.416105015979134 ], [ 35.876903886767195, 50.417506267653692 ], [ 35.876771136608546, 50.418140518411647 ], [ 35.878511638688522, 50.418332268640796 ], [ 35.88016364066273, 50.418494518834692 ], [ 35.882464643412526, 50.418686269063841 ], [ 35.88435264566877, 50.418833769240123 ], [ 35.884278895580636, 50.419217269698422 ], [ 35.884618145986053, 50.419659770227234 ], [ 35.885340896849769, 50.420485771214338 ], [ 35.885621147184679, 50.421533022465844 ], [ 35.887015023850417, 50.422344273435328 ], [ 35.889817527199526, 50.424866526449527 ], [ 35.889581526917496, 50.427639529763383 ], [ 35.889301276582586, 50.429099781508441 ], [ 35.889257026529705, 50.429439031913859 ], [ 35.889419276723601, 50.429955282530798 ], [ 35.889257026529705, 50.430766533500282 ], [ 35.889979777393421, 50.430943533711805 ], [ 35.897590786488898, 50.429704532231142 ], [ 35.900865290402074, 50.429601282107754 ], [ 35.902160540500944, 50.429580558106174 ], [ 35.902148541935624, 50.429616032125374 ], [ 35.902281292094273, 50.430707533429775 ], [ 35.903048293010869, 50.4322120352277 ], [ 35.90341704345154, 50.433023286197177 ], [ 35.904287294491525, 50.433583786867004 ], [ 35.904375794597286, 50.434291787713093 ], [ 35.905806546307097, 50.434159037554451 ], [ 35.910556051982958, 50.433067536250057 ], [ 35.912975054873769, 50.432566035650744 ], [ 35.916220058751691, 50.432639785738878 ], [ 35.919229062347576, 50.432875786020908 ], [ 35.922179065872953, 50.43305278623243 ], [ 35.924804569010547, 50.433067536250057 ], [ 35.927887322694581, 50.431740034663626 ], [ 35.928728073699318, 50.43120903402906 ], [ 35.930866826255219, 50.430545283235851 ], [ 35.933064578881627, 50.429837282389762 ], [ 35.933477579375179, 50.429793032336882 ], [ 35.935085331296513, 50.429380031843323 ], [ 35.936471832953444, 50.429837282389762 ], [ 35.937386334046309, 50.429999532583658 ], [ 35.938669585579852, 50.430397783059583 ], [ 35.939126836126285, 50.430737033465 ], [ 35.939982337148649, 50.431032033817537 ], [ 35.941604839087603, 50.431607284504985 ], [ 35.949466598482736, 50.430250282883314 ], [ 35.960978987240544, 50.425581902304401 ], [ 35.981009511177881, 50.431349159196536 ], [ 35.99162952386925, 50.436024914784241 ], [ 35.99241127480348, 50.436305165119158 ], [ 35.998488282065765, 50.437190166176777 ], [ 36.003886788517207, 50.438311167516417 ], [ 36.018636806144109, 50.428782656129442 ], [ 36.020156057959674, 50.429239906675875 ], [ 36.023710812207767, 50.431688409601932 ], [ 36.026557565609757, 50.432514410589036 ], [ 36.032059322184594, 50.432897911047341 ], [ 36.045186837872535, 50.437470416511694 ], [ 36.063196609394971, 50.442426422434323 ], [ 36.069362116763017, 50.439741919226229 ], [ 36.07512199864631, 50.441991296914331 ], [ 36.083028008094324, 50.442787797866181 ], [ 36.120729053148686, 50.433908287254781 ], [ 36.137592010800624, 50.426772966227738 ], [ 36.146014270865585, 50.429899969964644 ], [ 36.148027648271672, 50.430040095132107 ], [ 36.149237149717081, 50.426500090901648 ], [ 36.14994515056317, 50.424258088222359 ], [ 36.152688653841771, 50.419626582687513 ], [ 36.160417663078277, 50.404316064390791 ], [ 36.180580937174241, 50.397368806088501 ], [ 36.181878938725411, 50.398209557093239 ], [ 36.183176940276581, 50.398711057692552 ], [ 36.186775944577533, 50.400495809825408 ], [ 36.187985446022935, 50.400377809684393 ], [ 36.189194947468344, 50.399979559208468 ], [ 36.191702450464916, 50.397826056634941 ], [ 36.196555206264165, 50.395997054449204 ], [ 36.197292707145515, 50.394182802281101 ], [ 36.200979394109332, 50.390575468541293 ], [ 36.201917756327958, 50.389354018559054 ], [ 36.205123827241565, 50.385340461362667 ], [ 36.206355427653506, 50.383906965752914 ], [ 36.207371986723665, 50.382436029565433 ], [ 36.209502850928445, 50.38138889465209 ], [ 36.210108876527975, 50.379892947529754 ], [ 36.21026317541623, 50.379553091352733 ], [ 36.21304572597105, 50.377161281939649 ], [ 36.214116465169987, 50.371065899127927 ], [ 36.221897051899347, 50.366352480411237 ], [ 36.224555744852104, 50.362648751539929 ], [ 36.225865542115592, 50.361488938630252 ], [ 36.223871522401026, 50.360229324764894 ], [ 36.22379332554948, 50.359269002629006 ], [ 36.225005376748527, 50.358134051419867 ], [ 36.226627961418224, 50.357522912605916 ], [ 36.227136240953307, 50.357186159285057 ], [ 36.22723398701774, 50.356824458612934 ], [ 36.226559539173117, 50.356512645476734 ], [ 36.22718511398552, 50.356512645476734 ], [ 36.22884679708099, 50.355876540328175 ], [ 36.229179133700086, 50.355227953753918 ], [ 36.230840816795556, 50.353456768356303 ], [ 36.231740080588402, 50.352284257167007 ], [ 36.233440862109646, 50.351174086907591 ], [ 36.235610824740199, 50.350625229100785 ], [ 36.237624393667652, 50.349739558806576 ], [ 36.241573334671003, 50.347194724066526 ], [ 36.244720757945949, 50.343701591578849 ], [ 36.246617031596074, 50.342703506533425 ], [ 36.247672689092013, 50.341880070581176 ], [ 36.247301254047144, 50.338898114881196 ], [ 36.248591502097746, 50.338586184013785 ], [ 36.249725356445246, 50.33821186426907 ], [ 36.251934417501573, 50.338012225865818 ], [ 36.253693846661477, 50.337899928895297 ], [ 36.258014222709697, 50.335866060042591 ], [ 36.278423600964615, 50.333938171451344 ], [ 36.279273991725248, 50.333626208014906 ], [ 36.278306305687288, 50.332496883245767 ], [ 36.279547680705676, 50.331785582044482 ], [ 36.278628867699943, 50.330793486269997 ], [ 36.278658191519284, 50.330462783075248 ], [ 36.278902556680372, 50.330138317326508 ], [ 36.278433375571069, 50.329470659681199 ], [ 36.2769280861787, 50.327848274908128 ], [ 36.27628296215341, 50.326787454915447 ], [ 36.2758137810441, 50.326793695102268 ], [ 36.275442345999224, 50.326369360530364 ], [ 36.274298717045284, 50.324684465282012 ], [ 36.274503983780598, 50.324060414845796 ], [ 36.273516748529772, 50.321944822894018 ], [ 36.277895772216652, 50.318774379018848 ], [ 36.282196599051986, 50.313880995499829 ], [ 36.288295953473003, 50.308138117405548 ], [ 36.294278012616672, 50.304342443391342 ], [ 36.29906756977423, 50.299566206059822 ], [ 36.299213, 50.299103 ], [ 36.298657036303567, 50.297149809195169 ], [ 36.295607359093069, 50.297024927468655 ], [ 36.285187628623781, 50.291161361397975 ], [ 36.28544176839133, 50.288800744214647 ], [ 36.285480866817103, 50.285590616557826 ], [ 36.293984774423329, 50.282080462626062 ], [ 36.29592014649922, 50.282592636447482 ], [ 36.297542731168917, 50.282892442956424 ], [ 36.301022491062966, 50.283217231210067 ], [ 36.303407495035273, 50.283517033784797 ], [ 36.306672213587547, 50.284104141690051 ], [ 36.30931135732741, 50.285777984044579 ], [ 36.315821245219077, 50.285578125365802 ], [ 36.322878511071593, 50.2852158793713 ], [ 36.326847001287824, 50.284641276621159 ], [ 36.330268113543205, 50.283979225720984 ], [ 36.340805139289763, 50.2826925721603 ], [ 36.347627814587632, 50.281818127558807 ], [ 36.349719580366632, 50.281730682215091 ], [ 36.354919670994796, 50.279157218742739 ], [ 36.35810619269553, 50.278132791656539 ], [ 36.374605728372885, 50.279731887699832 ], [ 36.375465893739957, 50.279906785570617 ], [ 36.376345608319909, 50.279781858585636 ], [ 36.378378726460248, 50.279369597208976 ], [ 36.380275000110373, 50.278632514940441 ], [ 36.380959222561437, 50.278120298507233 ], [ 36.381408854457845, 50.277245769908163 ], [ 36.3815066005223, 50.276221301688111 ], [ 36.381252460754752, 50.274734534206232 ], [ 36.381584797373854, 50.273660034687303 ], [ 36.381604346586748, 50.272785424153774 ], [ 36.38191713399295, 50.271161104824877 ], [ 36.382835946998682, 50.269599207060743 ], [ 36.383148734404891, 50.268974433610296 ], [ 36.383422423385319, 50.268512095979688 ], [ 36.384263039539498, 50.267574911335743 ], [ 36.38310963597911, 50.266362791843939 ], [ 36.382640454869794, 50.265125648385968 ], [ 36.384673573010133, 50.263863479013871 ], [ 36.385905173422074, 50.262888711460043 ], [ 36.385905173422074, 50.262238855341259 ], [ 36.385592386015873, 50.261613985327237 ], [ 36.38524050018389, 50.260564185249521 ], [ 36.38744956124021, 50.258901954475355 ], [ 36.387078126195348, 50.257589626050461 ], [ 36.387508208878884, 50.256789712896371 ], [ 36.388075136052635, 50.255689810378975 ], [ 36.387879643923746, 50.254227400661755 ], [ 36.387977389988187, 50.253852416580713 ], [ 36.388818006142358, 50.253252435912437 ], [ 36.389248088825902, 50.252414950263322 ], [ 36.389404482529002, 50.250839937379972 ], [ 36.389267638038781, 50.249752398100803 ], [ 36.388642063226371, 50.248877348477485 ], [ 36.38743001202733, 50.248227301212644 ], [ 36.387136773834001, 50.247927276407417 ], [ 36.387762348646426, 50.246589642834579 ], [ 36.388778907716592, 50.245839551504631 ], [ 36.389795466786758, 50.245401992776962 ], [ 36.390987968772919, 50.24508944836915 ], [ 36.391066165624466, 50.244739396199094 ], [ 36.390870673495591, 50.244239317210571 ], [ 36.39003005734142, 50.243289152676958 ], [ 36.389619523870763, 50.242664034101139 ], [ 36.389326285677456, 50.241551302751532 ], [ 36.389541327019209, 50.240313514889351 ], [ 36.388622514013491, 50.238975667622917 ], [ 36.388602964800597, 50.23803790182955 ], [ 36.389150342761468, 50.237325187489155 ], [ 36.389775917573878, 50.237087613674554 ], [ 36.390909771921372, 50.236687486679195 ], [ 36.391163911688906, 50.236187323212448 ], [ 36.390225549470301, 50.235011918411146 ], [ 36.388368374245943, 50.232936132776494 ], [ 36.387547307304658, 50.232523465827597 ], [ 36.385924722634961, 50.232736052277602 ], [ 36.383852506068855, 50.232485950473318 ], [ 36.38404799819773, 50.232085784857865 ], [ 36.385162303332343, 50.231473024750798 ], [ 36.386648043511819, 50.231498035521561 ], [ 36.387508208878884, 50.231222916321713 ], [ 36.388505218736164, 50.231335465277155 ], [ 36.389834565212546, 50.230997817613911 ], [ 36.390636082940944, 50.230597639509661 ], [ 36.390792476644044, 50.230009871830362 ], [ 36.390460140024949, 50.229184483710448 ], [ 36.402482905950997, 50.229609685435143 ], [ 36.402854340995859, 50.229722238198242 ], [ 36.402619750441211, 50.230835245664082 ], [ 36.402678398079864, 50.232398414531907 ], [ 36.402834791782965, 50.233423825475178 ], [ 36.40304983312474, 50.234674296781307 ], [ 36.403714506362931, 50.2357621801401 ], [ 36.404066392194906, 50.236624966532816 ], [ 36.403734055575818, 50.237400210553076 ], [ 36.403206226827841, 50.239050688089478 ], [ 36.402717496505637, 50.240776126235701 ], [ 36.402404709099436, 50.241388766784617 ], [ 36.402326512247882, 50.241926383636809 ], [ 36.402052823267454, 50.242801560891252 ], [ 36.402287413822108, 50.243339161808855 ], [ 36.40363630951137, 50.244264321284597 ], [ 36.404594220942883, 50.245464501412584 ], [ 36.404379179601115, 50.24601457387088 ], [ 36.40361676029849, 50.246764662446218 ], [ 36.402541553589657, 50.247389727240915 ], [ 36.401251305539063, 50.247977280672778 ], [ 36.400743026003973, 50.24851482321187 ], [ 36.400606181513766, 50.250077412439829 ], [ 36.400176098830222, 50.251252445786129 ], [ 36.39964827008226, 50.251852451638456 ], [ 36.398651260224973, 50.252014951923272 ], [ 36.397673799580588, 50.252214951513047 ], [ 36.397497856664586, 50.252864944382168 ], [ 36.397693348793467, 50.253402431787798 ], [ 36.39814298068989, 50.253952412624209 ], [ 36.401114461048842, 50.253502428775711 ], [ 36.404203236685127, 50.253389932149553 ], [ 36.406764183573436, 50.25316493810039 ], [ 36.414701164005912, 50.25061493128964 ], [ 36.434328573745319, 50.244939426325359 ], [ 36.434973697770623, 50.243545448923264 ], [ 36.436811323782088, 50.243101617965038 ], [ 36.445686666433176, 50.242426486892683 ], [ 36.446361114277813, 50.242645280417193 ], [ 36.447553616263974, 50.243595457786256 ], [ 36.448267162534378, 50.244401843457368 ], [ 36.448814540495242, 50.2446706356493 ], [ 36.449948394842728, 50.244951928180384 ], [ 36.450974728519341, 50.245320731428087 ], [ 36.451610077938206, 50.246089583259668 ], [ 36.451766471641292, 50.246770913134725 ], [ 36.454816148851805, 50.246389619634215 ], [ 36.456810168566371, 50.246058329362015 ], [ 36.457572587868995, 50.245789544996192 ], [ 36.457963572126751, 50.245176961009911 ], [ 36.459478636125567, 50.24450811031906 ], [ 36.460563617440833, 50.244295576358688 ], [ 36.462283948174971, 50.244070539367669 ], [ 36.46328095803225, 50.243520444472097 ], [ 36.464150898005762, 50.243451682163744 ], [ 36.465059936405055, 50.24307661328104 ], [ 36.466545676584538, 50.240851143868809 ], [ 36.467601334080477, 50.236687486679173 ], [ 36.466311086029876, 50.230360032171241 ], [ 36.465548666727251, 50.229447108752773 ], [ 36.464715, 50.229073 ], [ 36.458867, 50.228366 ], [ 36.458921483558264, 50.226120418014389 ], [ 36.461404233595019, 50.220479521104579 ], [ 36.477630080291959, 50.21432505452956 ], [ 36.496514619941628, 50.209283304413162 ], [ 36.509866732344051, 50.219804069658871 ], [ 36.532015990545993, 50.23401780343481 ], [ 36.541556006435286, 50.2347680808072 ], [ 36.569525, 50.230051 ], [ 36.577526558148953, 50.224825947438291 ], [ 36.580185251101696, 50.224163064845634 ], [ 36.58710567246402, 50.222199377437875 ], [ 36.590038054397198, 50.221148708938621 ], [ 36.596000564327994, 50.218797128914403 ], [ 36.597877288765226, 50.217408641599732 ], [ 36.601181105743279, 50.216858239047241 ], [ 36.607036095003195, 50.215882509825526 ], [ 36.618961114864796, 50.215069386897206 ], [ 36.620222039096063, 50.214938034970224 ], [ 36.621434090295111, 50.215457185714648 ], [ 36.62191304601086, 50.215400892533495 ], [ 36.623457433829003, 50.215488459675491 ], [ 36.626252971271967, 50.21583872663625 ], [ 36.637435121043829, 50.215488459675491 ], [ 36.656796987307125, 50.21657539082095 ], [ 36.65961207396299, 50.216797777773607 ], [ 36.662392406462601, 50.216486435749637 ], [ 36.663991097649891, 50.217086879262304 ], [ 36.665555034680914, 50.21799864940516 ], [ 36.666423888587047, 50.218932639776007 ], [ 36.667257988336942, 50.220555960480525 ], [ 36.668126842243076, 50.221912391580233 ], [ 36.669829795899091, 50.222535002775679 ], [ 36.671984553586299, 50.222423822801098 ], [ 36.674382590367216, 50.222579474692942 ], [ 36.681402929928772, 50.229494353315872 ], [ 36.685225887115742, 50.231473024750784 ], [ 36.685295395428241, 50.231939890308489 ], [ 36.683766212553444, 50.232873607710765 ], [ 36.683244900209758, 50.234007382832601 ], [ 36.683905229178428, 50.236252622629536 ], [ 36.684808837240801, 50.238253242273018 ], [ 36.686303265959353, 50.239053466623034 ], [ 36.691099339521195, 50.2419430538299 ], [ 36.69269803070847, 50.246254881310854 ], [ 36.693323605520888, 50.248566215850296 ], [ 36.695061313333156, 50.251188555829046 ], [ 36.694435738520738, 50.253632980083019 ], [ 36.696590496207939, 50.254699598639881 ], [ 36.694088196958283, 50.256743884131893 ], [ 36.693149834739657, 50.259743492091502 ], [ 36.692802293177195, 50.261187680413862 ], [ 36.694644263458187, 50.261343205775511 ], [ 36.696277708801716, 50.260676664936049 ], [ 36.697633120895276, 50.26107659055895 ], [ 36.699162303770073, 50.262454086448159 ], [ 36.698675745582634, 50.263320555387573 ], [ 36.699127549613827, 50.263742675571066 ], [ 36.704035, 50.264214 ], [ 36.733499410140382, 50.258832520014856 ], [ 36.73749613810859, 50.258199273063745 ], [ 36.74507254417005, 50.255488436587278 ], [ 36.749694846950675, 50.252188562726431 ], [ 36.754577805903132, 50.248899572158898 ], [ 36.756280759559154, 50.247821711674916 ], [ 36.760034208433645, 50.245065833819524 ], [ 36.762171589042723, 50.243276650385823 ], [ 36.763457492823797, 50.243298876678985 ], [ 36.765594873432882, 50.242687649840839 ], [ 36.768079795604415, 50.241965280744914 ], [ 36.769991274197899, 50.240520509710464 ], [ 36.772476196369425, 50.239709196007354 ], [ 36.776507678493886, 50.239264634697548 ], [ 36.778158500915538, 50.238920096830881 ], [ 36.780348012758985, 50.239231292432187 ], [ 36.781825064399413, 50.23952025795726 ], [ 36.785109332164595, 50.240120411527805 ], [ 36.786099825617583, 50.239975930803226 ], [ 36.787411067093771, 50.23993886085065 ], [ 36.788063435445423, 50.240342688710534 ], [ 36.789540487085858, 50.240476054522681 ], [ 36.79070742643168, 50.240367617382148 ], [ 36.793189673491604, 50.240098183752501 ], [ 36.79475361052264, 50.239875905429649 ], [ 36.797655582569121, 50.239764765879563 ], [ 36.800140504740654, 50.240442713104599 ], [ 36.800766079553057, 50.240676102541265 ], [ 36.802434279052825, 50.240998400360908 ], [ 36.803633297443291, 50.241576308235715 ], [ 36.804554282583794, 50.241920826904533 ], [ 36.804950287196725, 50.24222013631033 ], [ 36.805510021880536, 50.242643196674123 ], [ 36.806066088380469, 50.242687649840839 ], [ 36.807982405952473, 50.24252872579298 ], [ 36.809020191661311, 50.242832122346321 ], [ 36.810010685114307, 50.243265537235366 ], [ 36.811088063957911, 50.243365555496226 ], [ 36.812061180332783, 50.24383230460522 ], [ 36.815223808551096, 50.244232371632158 ], [ 36.816318564472823, 50.243776739474782 ], [ 36.817291680847681, 50.243621156764924 ], [ 36.827926452658751, 50.244382395901511 ], [ 36.829052714981081, 50.244602264526904 ], [ 36.8424251, 50.2420138 ], [ 36.8404487, 50.2324275 ], [ 36.8438826, 50.2278474 ], [ 36.8663947, 50.2330157 ], [ 36.881390899999985, 50.2350842 ], [ 36.8876013, 50.2281568 ], [ 36.8911319, 50.2206214 ], [ 36.890685997555458, 50.21902524436581 ], [ 36.890072019773733, 50.216691502527254 ], [ 36.890127002858662, 50.215940928126216 ], [ 36.890531668072569, 50.215577293468172 ], [ 36.890356099045881, 50.213079254895156 ], [ 36.890695161402952, 50.212774312382692 ], [ 36.891290811489711, 50.212668754905074 ], [ 36.893765050311636, 50.212498689588863 ], [ 36.895982701403881, 50.212592518803802 ], [ 36.897448917002045, 50.212598383123613 ], [ 36.897962092461405, 50.21422863607939 ], [ 36.898502759463234, 50.216040614468838 ], [ 36.89845759563196, 50.217524129676399 ], [ 36.8986478, 50.219379399999987 ], [ 36.8938042, 50.2282419 ], [ 36.8919396, 50.2384297 ], [ 36.903818557279152, 50.23759796718106 ], [ 36.908819643774073, 50.246054108063106 ], [ 36.911116568393048, 50.25023435953856 ], [ 36.914083549155002, 50.249775036156997 ], [ 36.914840812027293, 50.250370915138475 ], [ 36.922432857716288, 50.250020421475838 ], [ 36.929159784128046, 50.254527287789308 ], [ 36.931371424830779, 50.253772267593739 ], [ 36.9299834, 50.2480292 ], [ 36.927488013058849, 50.247353965697542 ], [ 36.924619724805751, 50.246577826900825 ], [ 36.926000411160686, 50.243327290460215 ], [ 36.930737153322745, 50.244183300112894 ], [ 36.9372584, 50.2453618 ], [ 36.938738159169787, 50.242061396581974 ], [ 36.937821225287074, 50.241893479857055 ], [ 36.932341793622768, 50.24086579927117 ], [ 36.928195269320554, 50.23908662100866 ], [ 36.9309022, 50.235776499999986 ], [ 36.9393207, 50.2364782 ], [ 36.9518668, 50.243589299999989 ], [ 36.952906503230444, 50.251434936917583 ], [ 36.953021276059538, 50.252300765095484 ], [ 36.95424755966846, 50.255047896312639 ], [ 36.965788464943905, 50.264510626803172 ], [ 36.976154276392577, 50.274168831961347 ], [ 36.9800561, 50.2777961 ], [ 36.991118519781892, 50.291568438290675 ], [ 36.994156084798682, 50.293550482324996 ], [ 37.002524003802378, 50.29789481011985 ], [ 37.0129089, 50.30209 ], [ 37.013828318397501, 50.302374824649782 ], [ 37.014318559637772, 50.302380039982125 ], [ 37.015012198839429, 50.302098412035591 ], [ 37.0162378019401, 50.302046258712153 ], [ 37.017056609117986, 50.302223580011812 ], [ 37.018214412898189, 50.302802481901921 ], [ 37.022876920013083, 50.305431009402938 ], [ 37.024837884974154, 50.305514454720431 ], [ 37.024817023644779, 50.304659140216131 ], [ 37.026871864588031, 50.303876840364644 ], [ 37.034611417785449, 50.307944799592384 ], [ 37.0369172, 50.3097476 ], [ 37.043944935873334, 50.312049379035109 ], [ 37.054636, 50.315551 ], [ 37.057169211522009, 50.319487955366576 ], [ 37.057711822924404, 50.322946982789617 ], [ 37.056826866328429, 50.324514726765244 ], [ 37.054288576054518, 50.326065659083426 ], [ 37.05185198871245, 50.332150441900353 ], [ 37.05301633120947, 50.333467230573298 ], [ 37.055321586558058, 50.340039725284747 ], [ 37.064093977153853, 50.339732693175193 ], [ 37.076501210933387, 50.338313069528517 ], [ 37.082513679963789, 50.339133794623059 ], [ 37.092001564618727, 50.338246523629088 ], [ 37.111463892116014, 50.340331584176411 ], [ 37.12077800598972, 50.349668870794744 ], [ 37.131795073519442, 50.349757577303194 ], [ 37.146808869017349, 50.349979342849309 ], [ 37.149797726454437, 50.350932922895581 ], [ 37.152091500766623, 50.351088155044124 ], [ 37.155983966266078, 50.350822042478789 ], [ 37.158590527984472, 50.350799866364355 ], [ 37.161579385421547, 50.351930834994995 ], [ 37.16380365142124, 50.353571800400715 ], [ 37.166792508858329, 50.354347912931232 ], [ 37.169051529014261, 50.353638324829028 ], [ 37.173847602576096, 50.354059644043794 ], [ 37.174959735575939, 50.353771373406019 ], [ 37.17711449326314, 50.354192691440097 ], [ 37.178852201075394, 50.355124012774496 ], [ 37.179443021731558, 50.356432266647886 ], [ 37.17979056329402, 50.357119639828532 ], [ 37.181528271106274, 50.357673965789033 ], [ 37.185107949199526, 50.358206112621353 ], [ 37.188479102355302, 50.359070838500756 ], [ 37.191252233435748, 50.359216750492003 ], [ 37.191850255511092, 50.359248216221275 ], [ 37.19466534216695, 50.360334640296536 ], [ 37.197237149729084, 50.360401155248432 ], [ 37.200538794572374, 50.360534184872598 ], [ 37.200990598603568, 50.361908802490937 ], [ 37.201094861072299, 50.364680087939412 ], [ 37.201859452509687, 50.365611203530698 ], [ 37.204848309946776, 50.366697481964827 ], [ 37.207420117508924, 50.368138425191859 ], [ 37.217759478991852, 50.370488177213751 ], [ 37.220505057335217, 50.37022217339161 ], [ 37.222764077491149, 50.371086680361223 ], [ 37.225544409990761, 50.371773841331823 ], [ 37.232703766177266, 50.371729508666292 ], [ 37.235762131926847, 50.373635775879237 ], [ 37.238438201957713, 50.374389395279806 ], [ 37.24090574705113, 50.374145578548415 ], [ 37.242156896675951, 50.374987849217156 ], [ 37.244867720863084, 50.377736207389006 ], [ 37.256545117361455, 50.385049610685407 ], [ 37.260124795454701, 50.386955342678853 ], [ 37.261688732485744, 50.387553638089976 ], [ 37.266137264485117, 50.387553638089976 ], [ 37.280108435295674, 50.390367741173606 ], [ 37.287441562263403, 50.391719337612791 ], [ 37.292793702325163, 50.393292458718214 ], [ 37.295400264043543, 50.394355947640236 ], [ 37.298736663043073, 50.395928981262884 ], [ 37.311595700853786, 50.398875509417067 ], [ 37.310761601103891, 50.401378806722207 ], [ 37.313298654509801, 50.401157281319421 ], [ 37.316287511946889, 50.403594003804969 ], [ 37.320631781477537, 50.413804723558485 ], [ 37.317295382478001, 50.421599713665771 ], [ 37.31958915679018, 50.424101810665114 ], [ 37.322751785008485, 50.425253173723078 ], [ 37.327582612726552, 50.424389654053854 ], [ 37.341240996130914, 50.428862072685149 ], [ 37.34833084400492, 50.427511535339697 ], [ 37.349651501942247, 50.429017049916773 ], [ 37.351041668192053, 50.429614814487365 ], [ 37.377543963034512, 50.426919075570382 ], [ 37.384162068742675, 50.422073581091695 ], [ 37.386334513859019, 50.422463284205556 ], [ 37.388708725787907, 50.422586407721695 ], [ 37.408175608553307, 50.425881907222987 ], [ 37.422690997381636, 50.428318401167715 ], [ 37.432147080560263, 50.424730764116589 ], [ 37.43982004512759, 50.422608868552359 ], [ 37.4579078, 50.4157914 ], [ 37.454522401888205, 50.402578406768164 ], [ 37.452347806390151, 50.401272290064206 ], [ 37.452807816976282, 50.39354147471591 ], [ 37.453727838148524, 50.391915177201447 ], [ 37.45399966258578, 50.390022203284531 ], [ 37.446367668770527, 50.38787585270466 ], [ 37.443147594667643, 50.387569223262297 ], [ 37.441119366174277, 50.388075827359728 ], [ 37.439885701420586, 50.387769199210467 ], [ 37.440199345002021, 50.386516002685241 ], [ 37.441893020341851, 50.381129546951577 ], [ 37.444423078565528, 50.372715319093516 ], [ 37.444402168993427, 50.371848475491753 ], [ 37.44498763701214, 50.371048298110161 ], [ 37.454606040176564, 50.359737681267305 ], [ 37.456153348511727, 50.358230284678783 ], [ 37.461088007526513, 50.352560444141076 ], [ 37.465918118680825, 50.346876583251323 ], [ 37.466921778141462, 50.347063387614014 ], [ 37.470350947965315, 50.343674108474353 ], [ 37.478631138515567, 50.342072790103515 ], [ 37.481642116897468, 50.341912655297008 ], [ 37.487580435372912, 50.334972961747447 ], [ 37.492034174229488, 50.332049979716359 ], [ 37.494438775020598, 50.331582819802996 ], [ 37.498516141579437, 50.330314791170778 ], [ 37.501108928519407, 50.327231338262507 ], [ 37.516749288447663, 50.330621790681079 ], [ 37.517000203312818, 50.328833156953188 ], [ 37.518150229778129, 50.327284733088781 ], [ 37.522206686764875, 50.325322433813355 ], [ 37.522555179633152, 50.320761221112413 ], [ 37.522453511063816, 50.31583466437467 ], [ 37.52394793978236, 50.314014849000088 ], [ 37.528170569766154, 50.312217158106563 ], [ 37.529630244328452, 50.311262800753774 ], [ 37.544491111391714, 50.306836206324867 ], [ 37.544858723202879, 50.306607551136992 ], [ 37.552023736574647, 50.298611981306344 ], [ 37.565573139293242, 50.298291418191099 ], [ 37.568416841098369, 50.297383144300255 ], [ 37.571149025185662, 50.297418763210921 ], [ 37.573992726990802, 50.296154275551345 ], [ 37.576471735820583, 50.295098498380092 ], [ 37.577756449968184, 50.29455135556546 ], [ 37.581826846669664, 50.296510472658589 ], [ 37.592365271006358, 50.298807879924489 ], [ 37.594762901940108, 50.300695588901348 ], [ 37.595125334523111, 50.303010601410833 ], [ 37.596770220861373, 50.303740697369442 ], [ 37.600506064409295, 50.306340460260174 ], [ 37.602847936484117, 50.306411684640672 ], [ 37.60663953889096, 50.305806274006351 ], [ 37.609873552708578, 50.304132451556278 ], [ 37.611992389347705, 50.300392848165728 ], [ 37.617819190105315, 50.298237990795279 ], [ 37.618204324178926, 50.297807452901253 ], [ 37.614445779140382, 50.290151953220423 ], [ 37.61673189235627, 50.283650067398213 ], [ 37.616731892356292, 50.281227219768923 ], [ 37.615003367729649, 50.280550225592982 ], [ 37.612856651661076, 50.279944485800272 ], [ 37.611908751059367, 50.2767196824541 ], [ 37.612828772231602, 50.275793179218816 ], [ 37.614417899710944, 50.273726299334221 ], [ 37.614585176287719, 50.271213850379112 ], [ 37.614975488300189, 50.268879470489033 ], [ 37.61617430376706, 50.268237941466175 ], [ 37.617122204368776, 50.26326579850447 ], [ 37.618655572989205, 50.260244834515163 ], [ 37.620997445064013, 50.258694176819226 ], [ 37.620830168487252, 50.258159455564936 ], [ 37.618794970136513, 50.255806610741253 ], [ 37.618042225541039, 50.254897525938283 ], [ 37.615505197459932, 50.252517780644745 ], [ 37.614557296858223, 50.250842083434819 ], [ 37.616285821484873, 50.24695566522314 ], [ 37.615811871184015, 50.244958850047006 ], [ 37.608507460664939, 50.239966446080324 ], [ 37.608730496100634, 50.232566028335143 ], [ 37.606054070872261, 50.229320181564958 ], [ 37.602541262760042, 50.225681717071112 ], [ 37.60527344684732, 50.213801268130489 ], [ 37.6066116594615, 50.212159892438713 ], [ 37.615254282594776, 50.20234614259293 ], [ 37.622670210831693, 50.19094181522788 ], [ 37.624984203477055, 50.18262332665438 ], [ 37.624900013578468, 50.180633091517727 ], [ 37.624550606911022, 50.180624569403015 ], [ 37.623796449628657, 50.18047741676255 ], [ 37.622637622585017, 50.180385446362266 ], [ 37.620411938898037, 50.180035958841167 ], [ 37.618443772331858, 50.180403840442324 ], [ 37.61761603872926, 50.180164717401567 ], [ 37.616751516966545, 50.180072747001283 ], [ 37.604022813566594, 50.168594841045255 ], [ 37.601833918039723, 50.165302300714927 ], [ 37.596554817063151, 50.156050078445894 ], [ 37.595230443298995, 50.15527752708347 ], [ 37.59493613801807, 50.154854463242138 ], [ 37.595543142659977, 50.15422906452018 ], [ 37.593676143534118, 50.15463373428144 ], [ 37.593105927052328, 50.154817675082015 ], [ 37.590898637445406, 50.154808478041986 ], [ 37.590512361764191, 50.154541763881149 ], [ 37.590687105524736, 50.152849508515843 ], [ 37.590861849285282, 50.151359588031163 ], [ 37.5905586, 50.1502908 ], [ 37.588139525436738, 50.149943243866723 ], [ 37.587790037915646, 50.149373027384932 ], [ 37.586723181272298, 50.14872003754288 ], [ 37.58565632462895, 50.148747628662967 ], [ 37.585371216388054, 50.148030259540718 ], [ 37.583301882381562, 50.147837121700107 ], [ 37.582768454059888, 50.14709216145777 ], [ 37.582097070137777, 50.146641506496358 ], [ 37.582032690857574, 50.146034501854452 ], [ 37.582501739899051, 50.144654945850121 ], [ 37.583090350460893, 50.143367360246081 ], [ 37.58368815806277, 50.142622400003745 ], [ 37.584387133104961, 50.140645036397537 ], [ 37.584920561426635, 50.140599051197391 ], [ 37.585610339428797, 50.140203578476154 ], [ 37.587615294155093, 50.137803151028606 ], [ 37.588829303438906, 50.136662718065033 ], [ 37.588737333038615, 50.136276442383817 ], [ 37.589555869601185, 50.13603731934306 ], [ 37.590213457963245, 50.135949947462784 ], [ 37.590926228565479, 50.136092501583235 ], [ 37.591413671687015, 50.135356738380928 ], [ 37.59179994736823, 50.135411920621102 ], [ 37.592425346090188, 50.135559073261561 ], [ 37.593584173133827, 50.135798196302311 ], [ 37.594375118576309, 50.136000531182951 ], [ 37.595478763379774, 50.136184471983526 ], [ 37.596398467382656, 50.136423595024276 ], [ 37.597483718106062, 50.135890166702602 ], [ 37.598090722747969, 50.135798196302318 ], [ 37.598734515549985, 50.135982137102893 ], [ 37.6007733, 50.1372813 ], [ 37.601898297319913, 50.137159358226583 ], [ 37.602965153963261, 50.136570747664742 ], [ 37.60690148709562, 50.13392200013643 ], [ 37.609458264223647, 50.131199676287885 ], [ 37.609936510305147, 50.131107705887594 ], [ 37.610653879427396, 50.131254858528052 ], [ 37.612714016393859, 50.129636179482972 ], [ 37.616043344884311, 50.124706566027506 ], [ 37.616926260727077, 50.123455768583582 ], [ 37.618600122012339, 50.117615648165248 ], [ 37.618894427293263, 50.116668353042279 ], [ 37.619050776973751, 50.1164200329615 ], [ 37.620982155379814, 50.116328062561209 ], [ 37.624072360829516, 50.116291274401092 ], [ 37.626233940903163, 50.114585705329361 ], [ 37.626546364597267, 50.114037999594018 ], [ 37.627208551479342, 50.113339024551827 ], [ 37.628008693961853, 50.11273201990992 ], [ 37.6294672, 50.111939 ], [ 37.630013648688148, 50.111950271507467 ], [ 37.630731017810398, 50.111692754386659 ], [ 37.630988534931205, 50.111849104067154 ], [ 37.631687509973403, 50.111849104067154 ], [ 37.632524440616024, 50.1120238478277 ], [ 37.633085460057785, 50.112005453747642 ], [ 37.633830420300129, 50.11179392182698 ], [ 37.635163991104314, 50.111738739586805 ], [ 37.636203256627574, 50.111407646145764 ], [ 37.636580335268761, 50.111232902385218 ], [ 37.638272590634074, 50.110892611904148 ], [ 37.638888792316003, 50.110570715503137 ], [ 37.639219885757043, 50.11135246390559 ], [ 37.640902944082328, 50.111582389906303 ], [ 37.641537539844315, 50.111288084625386 ], [ 37.64236527344692, 50.111793921826973 ], [ 37.643441327130297, 50.111996256707606 ], [ 37.647113291942169, 50.111238114719086 ], [ 37.650869464067327, 50.099744870096799 ], [ 37.652590365455353, 50.094499430289055 ], [ 37.653186062089674, 50.092646151871179 ], [ 37.653260524168957, 50.090958344740613 ], [ 37.653384627634445, 50.090759779195835 ], [ 37.653417721891906, 50.090073073353501 ], [ 37.655179991101768, 50.089899328501815 ], [ 37.656131451003802, 50.089791772165064 ], [ 37.656793336153044, 50.089038877807802 ], [ 37.656859524667972, 50.088757576619372 ], [ 37.656677506251931, 50.087599277608199 ], [ 37.656967081004723, 50.087160778696827 ], [ 37.661865031109116, 50.085654989982295 ], [ 37.663238442793798, 50.085340594536405 ], [ 37.663585932497149, 50.085051019783613 ], [ 37.664793872894514, 50.084289851861989 ], [ 37.665786700618376, 50.083330118395587 ], [ 37.666092822499905, 50.08245312057285 ], [ 37.659813071962809, 50.073729864762072 ], [ 37.662667878639979, 50.067154113087661 ], [ 37.668561673070307, 50.063784614577685 ], [ 37.675836825570244, 50.063784614577685 ], [ 37.676574612976928, 50.063775825893273 ], [ 37.678955099056992, 50.063095781271848 ], [ 37.686814058291787, 50.059189643564274 ], [ 37.698087424652932, 50.052146289691983 ], [ 37.720448407027803, 50.042643885935682 ], [ 37.751198332342533, 50.033196744363366 ], [ 37.757277780232712, 50.031514901636378 ], [ 37.759207763689915, 50.028275286547498 ], [ 37.761055033570379, 50.027186224453793 ], [ 37.7669154, 50.0208659 ], [ 37.76569892452617, 50.005615698836415 ], [ 37.765141685599524, 50.003954326917146 ], [ 37.758321426409125, 49.991423543684405 ], [ 37.753347610770568, 49.98551977698537 ], [ 37.753385870890867, 49.982420009367331 ], [ 37.75218777735482, 49.978020335796998 ], [ 37.751788480773534, 49.977310408784113 ], [ 37.751436160260631, 49.976811943132745 ], [ 37.750919423508378, 49.976479629829662 ], [ 37.748852476499373, 49.975814996338208 ], [ 37.747772026926484, 49.975180564896043 ], [ 37.747161338037451, 49.97392678292325 ], [ 37.743144884190407, 49.971479548100042 ], [ 37.743203604275898, 49.971192518577944 ], [ 37.742405011113313, 49.97036918755618 ], [ 37.736521258547917, 49.968601622006418 ], [ 37.727126044870623, 49.965376025255146 ], [ 37.726305236030832, 49.956072867646711 ], [ 37.730473089743171, 49.953688036607836 ], [ 37.743743343765622, 49.949581435380601 ], [ 37.744342773934299, 49.949395936243796 ], [ 37.752208962611313, 49.938754642554869 ], [ 37.75423532677128, 49.929377877709875 ], [ 37.759997, 49.926 ], [ 37.755638, 49.920631 ], [ 37.745617, 49.91625 ], [ 37.742754844169291, 49.911288813320645 ], [ 37.742755473413368, 49.911266020150997 ], [ 37.742776533924882, 49.910503143188805 ], [ 37.743007946563239, 49.908026957027296 ], [ 37.742865538785786, 49.906949317794286 ], [ 37.742367111564704, 49.906192663094863 ], [ 37.738895921989375, 49.903246182458496 ], [ 37.738110232100659, 49.90335250650547 ], [ 37.737894617304171, 49.903355102261273 ], [ 37.737702984472534, 49.903315896117064 ], [ 37.737516346645322, 49.903277711900365 ], [ 37.736944033333224, 49.903138235249344 ], [ 37.735936510364262, 49.902824832484683 ], [ 37.733798730000323, 49.902263585271598 ], [ 37.732661131482921, 49.901964923160058 ], [ 37.73171767995732, 49.901729878610709 ], [ 37.709307083488198, 49.89639224937163 ], [ 37.705122764104487, 49.895521861186424 ], [ 37.705425644045668, 49.894861485953825 ], [ 37.703253925439562, 49.894494532624655 ], [ 37.701295818499631, 49.894517467289468 ], [ 37.698483264894989, 49.894964691074897 ], [ 37.695484063688461, 49.895590874439158 ], [ 37.694940871430944, 49.895962329199044 ], [ 37.694371240321146, 49.89591646123187 ], [ 37.693534594628623, 49.895990996656366 ], [ 37.692933370905891, 49.895949287974148 ], [ 37.689999173441187, 49.896361590111376 ], [ 37.689484873457403, 49.896243269546503 ], [ 37.688541421931788, 49.896163001042702 ], [ 37.686832528602402, 49.896656076885492 ], [ 37.686601115964052, 49.896564342226476 ], [ 37.685266043050461, 49.896082732405361 ], [ 37.68401997499776, 49.895945128716455 ], [ 37.682631499167641, 49.895429111388246 ], [ 37.681207421393154, 49.895176834241703 ], [ 37.679587532924629, 49.894786948784692 ], [ 37.675600115156058, 49.888571290546317 ], [ 37.673987063515696, 49.888483052178799 ], [ 37.673713212104829, 49.888468071752364 ], [ 37.673054576134135, 49.888250164684713 ], [ 37.672609551829602, 49.888009318886475 ], [ 37.672057721691985, 49.887355588519007 ], [ 37.671096469194204, 49.886541280415258 ], [ 37.670568722756109, 49.885671428016131 ], [ 37.670331027390411, 49.885279649182237 ], [ 37.669725794336244, 49.885302588226239 ], [ 37.669280770031705, 49.885864591399326 ], [ 37.669304922320173, 49.886728238370267 ], [ 37.669351973920442, 49.888410727882579 ], [ 37.668408522394834, 49.889247941617853 ], [ 37.66744726989706, 49.889706682711406 ], [ 37.665252499733732, 49.890116939645331 ], [ 37.660807422838538, 49.891904632994418 ], [ 37.657033701171045, 49.893422324878117 ], [ 37.655354034799885, 49.892003227843446 ], [ 37.654114341733333, 49.890853516369759 ], [ 37.651159772271377, 49.892079058258936 ], [ 37.649005462717319, 49.892929215992105 ], [ 37.648240020913533, 49.893020957561703 ], [ 37.640170878334587, 49.888846248781128 ], [ 37.642258894260657, 49.884293259978008 ], [ 37.642223292316274, 49.879211889292975 ], [ 37.642241093288469, 49.876435835634005 ], [ 37.642063083566654, 49.875323075103495 ], [ 37.64181386995611, 49.874508564028517 ], [ 37.641497922552091, 49.873884289398553 ], [ 37.641244238846326, 49.873912011990413 ], [ 37.639232728989846, 49.873946428654463 ], [ 37.638042661603784, 49.871791288605685 ], [ 37.637755248298802, 49.871181545149113 ], [ 37.633601238253334, 49.871562026940602 ], [ 37.633358408170054, 49.870906195386503 ], [ 37.632806578032429, 49.869862146609364 ], [ 37.630225437066159, 49.866569229554855 ], [ 37.629523152818308, 49.866508594938495 ], [ 37.628836961236026, 49.86646596371731 ], [ 37.627804504849507, 49.86519233356919 ], [ 37.6271624, 49.8633708 ], [ 37.625578388620696, 49.85662266770224 ], [ 37.622980441388421, 49.852465662437176 ], [ 37.624503366860992, 49.85204290953115 ], [ 37.625312368744154, 49.851742585905534 ], [ 37.625258965827612, 49.850330833878864 ], [ 37.623718893090135, 49.848700930515712 ], [ 37.621983586946271, 49.846864406011932 ], [ 37.619527052785266, 49.842823752499108 ], [ 37.619420246952167, 49.841262500460921 ], [ 37.621337049237042, 49.838377992672974 ], [ 37.6202421, 49.8319356 ], [ 37.6161349, 49.83053 ], [ 37.613245239821836, 49.827181701150245 ], [ 37.603341518829744, 49.828380247359085 ], [ 37.601347809945437, 49.828276899904068 ], [ 37.59946811423039, 49.827816962715417 ], [ 37.596937619087328, 49.827564944769222 ], [ 37.595762754923371, 49.827151546656431 ], [ 37.594374279093245, 49.825968749207881 ], [ 37.593608837289452, 49.824958180904716 ], [ 37.592932400346555, 49.824188756791251 ], [ 37.592469575069849, 49.82353416246351 ], [ 37.592184759514957, 49.822971433944097 ], [ 37.586162495399449, 49.817344662372811 ], [ 37.589888434103578, 49.806212906068026 ], [ 37.592095754654039, 49.799181555907545 ], [ 37.591917744932225, 49.798836855623819 ], [ 37.591045497295354, 49.79760740462762 ], [ 37.586238807242864, 49.790898253320464 ], [ 37.589768890490646, 49.790093913919669 ], [ 37.600136511828921, 49.784471274487828 ], [ 37.607972250903522, 49.779799337085272 ], [ 37.6129042, 49.7770229 ], [ 37.6211396, 49.7740164 ], [ 37.624603336576421, 49.771989356548055 ], [ 37.624811450614004, 49.771476112365896 ], [ 37.625258895324393, 49.76530853366264 ], [ 37.622465094205872, 49.763010469399553 ], [ 37.624560445044771, 49.760416204617727 ], [ 37.624310606151681, 49.752143408605548 ], [ 37.6216966, 49.7492823 ], [ 37.6268228, 49.7417393 ], [ 37.620922316875586, 49.737648922765274 ], [ 37.620424309795084, 49.737005148978433 ], [ 37.620563762295184, 49.73566021758365 ], [ 37.623106849390062, 49.730294041367479 ], [ 37.623665555623994, 49.729556372319379 ], [ 37.623916561193241, 49.729309470943676 ], [ 37.623469116482859, 49.728632249295224 ], [ 37.622945278773138, 49.728378288741133 ], [ 37.621439245357671, 49.727179012617519 ], [ 37.617139410823697, 49.726431213684663 ], [ 37.616451873829682, 49.726078474340568 ], [ 37.615611550837009, 49.726233679967741 ], [ 37.61533871869652, 49.72657230870464 ], [ 37.615480591409572, 49.727087302047408 ], [ 37.6150203, 49.7272898 ], [ 37.60655980868534, 49.726045013463626 ], [ 37.602646567521361, 49.725281273981061 ], [ 37.600540303396848, 49.724596941106562 ], [ 37.598597738556634, 49.723707999463926 ], [ 37.597244491139847, 49.723115362659492 ], [ 37.5931655, 49.7204694 ], [ 37.6008585, 49.7161458 ], [ 37.6096735, 49.7125747 ], [ 37.6095143, 49.7095109 ], [ 37.6168622, 49.7098785 ], [ 37.622282963048448, 49.709754157094643 ], [ 37.622409314176501, 49.710136522417748 ], [ 37.6237334, 49.714144 ], [ 37.623658, 49.7208424 ], [ 37.6341256, 49.7382572 ], [ 37.6498743, 49.750724899999987 ], [ 37.6495761, 49.7625868 ], [ 37.66055289024473, 49.767456513377681 ], [ 37.6639418, 49.7658379 ], [ 37.6713905, 49.7640217 ], [ 37.674272, 49.762351 ], [ 37.6777185, 49.761138499999987 ], [ 37.680331520899173, 49.759460830256046 ], [ 37.680918155595343, 49.759674428446345 ], [ 37.693842633717949, 49.763084852597345 ], [ 37.704097392369881, 49.762738957960281 ], [ 37.706132066705585, 49.761904741482638 ], [ 37.699599594239764, 49.735986347061008 ], [ 37.697301580088634, 49.732381616871614 ], [ 37.697647474725706, 49.730713183916336 ], [ 37.702144105007612, 49.725504417616932 ], [ 37.702489999644683, 49.720702586184672 ], [ 37.70784119314758, 49.720926400361598 ], [ 37.7223094, 49.7195513 ], [ 37.72955771960109, 49.724746932881189 ], [ 37.733176804487449, 49.724457870347834 ], [ 37.737930300941187, 49.725159117057601 ], [ 37.740911157715516, 49.725204726248869 ], [ 37.749606793157795, 49.724189911613287 ], [ 37.753169710722375, 49.723574171044874 ], [ 37.757632176780994, 49.723585573718971 ], [ 37.762165195662668, 49.723072450733696 ], [ 37.768503942966667, 49.723651174788188 ], [ 37.762622055046023, 49.702452325649929 ], [ 37.761145829234898, 49.697741950088272 ], [ 37.755437756098551, 49.685645651157557 ], [ 37.753272624908902, 49.682079851800495 ], [ 37.753272624908902, 49.678959562827565 ], [ 37.751697984043709, 49.676603293571247 ], [ 37.750024928124425, 49.667431861494975 ], [ 37.74966086430819, 49.659301927153969 ], [ 37.747411202450323, 49.659186612220807 ], [ 37.744760330730571, 49.659525506889153 ], [ 37.744411313137384, 49.659294198085504 ], [ 37.743907124318987, 49.658383278735549 ], [ 37.74033944121679, 49.657314580097001 ], [ 37.735503054568255, 49.657196230818279 ], [ 37.73168048092851, 49.656873458595243 ], [ 37.7318129, 49.6564871 ], [ 37.731936406787199, 49.656251055345891 ], [ 37.722813165672768, 49.655359876173812 ], [ 37.717547960279767, 49.654579394108133 ], [ 37.700989627431653, 49.652349376380094 ], [ 37.700399137107226, 49.650453780974416 ], [ 37.701530910229081, 49.646120714258203 ], [ 37.704285217618533, 49.641101073224483 ], [ 37.6984734, 49.6344566 ], [ 37.69861510726826, 49.631912058365288 ], [ 37.701923687989051, 49.631967851113721 ], [ 37.721554711669256, 49.642980376805575 ], [ 37.73656667694145, 49.652466775460901 ], [ 37.747993101725868, 49.64987785210154 ], [ 37.757718010066007, 49.646419730876111 ], [ 37.766607170075957, 49.639752704252935 ], [ 37.787196091439185, 49.634458944412408 ], [ 37.801064160326298, 49.637005341241967 ], [ 37.822514126122151, 49.634698645114803 ], [ 37.822322839501084, 49.633392167854588 ], [ 37.822461957043679, 49.632141971456484 ], [ 37.822467036137141, 49.631290094550017 ], [ 37.811750850884053, 49.627369818603654 ], [ 37.813085923797665, 49.624590843694804 ], [ 37.814082778239815, 49.622595880150023 ], [ 37.817233550315898, 49.615826233185011 ], [ 37.817269152260245, 49.615572497297272 ], [ 37.816005283235363, 49.615180357417806 ], [ 37.807076195670874, 49.611920756026137 ], [ 37.806179146591361, 49.611593284444432 ], [ 37.805858729092073, 49.611558681168759 ], [ 37.805727476245309, 49.611802846985114 ], [ 37.805306898954456, 49.61258523456825 ], [ 37.79637125677057, 49.611316580546543 ], [ 37.790683400307593, 49.610509036798909 ], [ 37.790436423002916, 49.610544493811474 ], [ 37.787710637953332, 49.610935818005743 ], [ 37.786482370872839, 49.611178043514911 ], [ 37.785851459717122, 49.60879489935629 ], [ 37.785689654555803, 49.60873315547844 ], [ 37.772419602849673, 49.610999258136395 ], [ 37.772544209654946, 49.605462354075875 ], [ 37.771832170767695, 49.598724939414012 ], [ 37.773096039792563, 49.59840188929585 ], [ 37.774484515622703, 49.597744244942596 ], [ 37.774715928261053, 49.597478877165926 ], [ 37.77589079242501, 49.597375037208046 ], [ 37.778187117836382, 49.597951923064919 ], [ 37.780180826720681, 49.5981596003028 ], [ 37.780910666580098, 49.598274976163914 ], [ 37.781522463585212, 49.598493955476101 ], [ 37.78189223937671, 49.598042159612518 ], [ 37.781871919077894, 49.597686556418331 ], [ 37.782661221897577, 49.596959135630094 ], [ 37.783011181297489, 49.596636613353233 ], [ 37.782130901591707, 49.596034334197086 ], [ 37.779486588805597, 49.594225120076914 ], [ 37.779836037628847, 49.592032425430013 ], [ 37.779767986656815, 49.591913754438622 ], [ 37.77078191340901, 49.573878448171648 ], [ 37.7701428, 49.5738011 ], [ 37.763461334601658, 49.57247448296097 ], [ 37.761898120147755, 49.572381880828964 ], [ 37.747860936604098, 49.565857329839119 ], [ 37.747548209100785, 49.56569896606451 ], [ 37.744697463596331, 49.56425536160458 ], [ 37.744389747028769, 49.564099535344873 ], [ 37.731089083127138, 49.564194786914562 ], [ 37.718363571991951, 49.564904744570939 ], [ 37.713092533049348, 49.563707954213491 ], [ 37.7077916, 49.5609632 ], [ 37.7014653, 49.5598606 ], [ 37.6990326, 49.5568593 ], [ 37.698681752643566, 49.556023718542335 ], [ 37.697949235729666, 49.556127330661504 ], [ 37.697032485662341, 49.556156199505914 ], [ 37.696445053580362, 49.556346733450987 ], [ 37.696195839969825, 49.556335185960322 ], [ 37.696142437053268, 49.556208163382827 ], [ 37.696000029275837, 49.555971438606861 ], [ 37.695902123928832, 49.555786677008825 ], [ 37.695555004971304, 49.55551530714451 ], [ 37.695279089902485, 49.555059171422101 ], [ 37.69507437872241, 49.555007206322664 ], [ 37.694638254903964, 49.554949467258425 ], [ 37.69423773302988, 49.555036075829179 ], [ 37.694264434488154, 49.555174649222913 ], [ 37.694415742751694, 49.555151553684588 ], [ 37.694371240321253, 49.555330543820887 ], [ 37.693970718447162, 49.555474890227188 ], [ 37.693285381018192, 49.555642331524027 ], [ 37.69276025233885, 49.555584593210654 ], [ 37.692706849422308, 49.555168875339355 ], [ 37.692502138242212, 49.554360524904368 ], [ 37.692155019284691, 49.554239271185189 ], [ 37.692119417340329, 49.554579935631004 ], [ 37.691959208590696, 49.554620353288939 ], [ 37.691941407618515, 49.554123791172778 ], [ 37.692083815395961, 49.553771575448572 ], [ 37.69245763581177, 49.553344293947326 ], [ 37.69292046108847, 49.553240360043986 ], [ 37.693347684420829, 49.553298101128711 ], [ 37.693730405322725, 49.553488646223947 ], [ 37.694300036432523, 49.553569483312501 ], [ 37.694593752473516, 49.553638772139067 ], [ 37.695216786499856, 49.553575257385141 ], [ 37.695919924901013, 49.553119103543914 ], [ 37.69664086427435, 49.552079749766406 ], [ 37.696824606298307, 49.55163698988536 ], [ 37.696890077884881, 49.551479224169832 ], [ 37.696809973510071, 49.551236702124505 ], [ 37.696623055252353, 49.551182998269951 ], [ 37.696186939483724, 49.551057696985339 ], [ 37.695101080180663, 49.550930660682162 ], [ 37.693774907753166, 49.550901788748995 ], [ 37.693356584906908, 49.550844044831486 ], [ 37.693169674699014, 49.551005727628507 ], [ 37.693418888309552, 49.551202056019719 ], [ 37.693872813100171, 49.551334865954566 ], [ 37.694113126224615, 49.551525418708607 ], [ 37.69455815052914, 49.551658227764257 ], [ 37.694620453931783, 49.551802585023886 ], [ 37.694522548584786, 49.55187765063026 ], [ 37.693961817961075, 49.551871876356962 ], [ 37.693650300947901, 49.55154851596162 ], [ 37.692973864005019, 49.551265573859709 ], [ 37.692795854283204, 49.550982630118845 ], [ 37.692261825117768, 49.550988404497289 ], [ 37.691923606646327, 49.550820947245356 ], [ 37.691567587202712, 49.550543775360012 ], [ 37.691505283800076, 49.550162661449704 ], [ 37.691665492549703, 49.549735348377943 ], [ 37.692092715882048, 49.549342679016362 ], [ 37.692555541158761, 49.549198314486958 ], [ 37.693449109574075, 49.54871343621862 ], [ 37.693988519419321, 49.548436062698407 ], [ 37.695127781638909, 49.547795069033704 ], [ 37.69532359233289, 49.54755252869704 ], [ 37.695181184555445, 49.547350410829992 ], [ 37.694638254903921, 49.546980821710555 ], [ 37.694237733029851, 49.546784476353594 ], [ 37.6935256941426, 49.546362908656512 ], [ 37.692430934353446, 49.545964437215069 ], [ 37.691229368731214, 49.545467787100655 ], [ 37.690873349287607, 49.545421586833356 ], [ 37.690463926927436, 49.545531312396889 ], [ 37.690027803109004, 49.545791187748563 ], [ 37.689280162277392, 49.546137686067198 ], [ 37.689137754499939, 49.546276284706572 ], [ 37.688594824848415, 49.546518831379345 ], [ 37.688550322417953, 49.546796026102314 ], [ 37.6891733564443, 49.546859549671503 ], [ 37.689671783665375, 49.546801800975665 ], [ 37.689734087068011, 49.546876874266921 ], [ 37.689030948666854, 49.547119417958001 ], [ 37.688221004432606, 49.547142517294347 ], [ 37.687820482558529, 49.54702124565668 ], [ 37.686814727630299, 49.546859549671481 ], [ 37.6865299120754, 49.546703628036077 ], [ 37.685933579507328, 49.546258959898132 ], [ 37.685479654716708, 49.545675687762916 ], [ 37.685426251800173, 49.545398486683297 ], [ 37.685506356174983, 49.545173259648045 ], [ 37.685915778535147, 49.544555323732091 ], [ 37.686467608672771, 49.544024008097594 ], [ 37.686627817422384, 49.54359664132928 ], [ 37.686903732491189, 49.543475360889772 ], [ 37.687571268947998, 49.543175046124873 ], [ 37.687589069920179, 49.542996011444515 ], [ 37.687446662142733, 49.542441577305233 ], [ 37.687028339296461, 49.541471302423247 ], [ 37.686521011589306, 49.540668500902072 ], [ 37.686503210617126, 49.540298861234817 ], [ 37.686761324713743, 49.539709742235843 ], [ 37.687250851448738, 49.539068634078738 ], [ 37.688025193738618, 49.538312000117628 ], [ 37.68892414283377, 49.537572682336105 ], [ 37.689458171999206, 49.537416731063111 ], [ 37.68961838074884, 49.537185691225382 ], [ 37.690223613802999, 49.536654295453459 ], [ 37.690401623524799, 49.536307729880576 ], [ 37.69039272303872, 49.536007371062823 ], [ 37.690668638107525, 49.536301953766881 ], [ 37.690873349287628, 49.536290401537428 ], [ 37.690917851718083, 49.536151774571003 ], [ 37.691060259495515, 49.535978490310008 ], [ 37.691140363870339, 49.535880295622711 ], [ 37.691033558037262, 49.535533724561191 ], [ 37.691167065328614, 49.535395095448472 ], [ 37.691175965814708, 49.535354661883176 ], [ 37.691069159981609, 49.535354661883176 ], [ 37.690953453662438, 49.535204479776418 ], [ 37.690944553176344, 49.535088954764859 ], [ 37.690819946371079, 49.534898337898817 ], [ 37.690837747343267, 49.534805917332527 ], [ 37.69068643907972, 49.534678838768514 ], [ 37.690446125955283, 49.534257166620769 ], [ 37.690401623524821, 49.533997229922676 ], [ 37.6902325142891, 49.533985677148451 ], [ 37.690143509428196, 49.533691080483131 ], [ 37.690196912344746, 49.533188529132438 ], [ 37.690428324983095, 49.532275836454744 ], [ 37.690526230330086, 49.531605747437162 ], [ 37.69045502644137, 49.530253988187233 ], [ 37.69060633470491, 49.529543433079944 ], [ 37.690552931788361, 49.529243032692577 ], [ 37.690544031302274, 49.528965738388855 ], [ 37.690477277656598, 49.528301381054327 ], [ 37.690366021580459, 49.52818295118999 ], [ 37.690414974253962, 49.528018304316554 ], [ 37.690174661129504, 49.528018304316554 ], [ 37.690406073767868, 49.527749668753628 ], [ 37.690495078628764, 49.527429037278431 ], [ 37.690519554965476, 49.527338046882114 ], [ 37.690601656811381, 49.527292865267285 ], [ 37.690673088350529, 49.527253555648194 ], [ 37.690592548508896, 49.527224229339673 ], [ 37.69053624337689, 49.527203727416172 ], [ 37.690496191189482, 49.527151732685113 ], [ 37.690581566031994, 49.527141470506145 ], [ 37.690676426032809, 49.527130068197501 ], [ 37.690639711527702, 49.526954585494174 ], [ 37.690550959292523, 49.526910832364976 ], [ 37.690376034627256, 49.526824597900408 ], [ 37.690285917205593, 49.526703275834414 ], [ 37.690139059185078, 49.526434633045426 ], [ 37.689985525800019, 49.526256981357989 ], [ 37.689952148977184, 49.525841013905982 ], [ 37.689838667779533, 49.525559367267597 ], [ 37.689705160488174, 49.525035066896336 ], [ 37.689591679290508, 49.52497007059084 ], [ 37.689571653196815, 49.524874742519813 ], [ 37.689317989343216, 49.524463096442531 ], [ 37.689057650125079, 49.524146776575691 ], [ 37.688577023876178, 49.523366801036488 ], [ 37.688376762939136, 49.522669145706899 ], [ 37.687308704608256, 49.52199314719644 ], [ 37.686801376901087, 49.521369140276377 ], [ 37.68706839148382, 49.520883796055308 ], [ 37.687842733773707, 49.520329111046784 ], [ 37.688002942523333, 49.51944506880956 ], [ 37.687682525024066, 49.518786360281581 ], [ 37.686614466693193, 49.518006299233974 ], [ 37.685679915653687, 49.517278231030019 ], [ 37.685412901070961, 49.516688834545093 ], [ 37.68538619961268, 49.515388670123848 ], [ 37.685813422945046, 49.514955274302558 ], [ 37.686801376901087, 49.514625890909912 ], [ 37.687041690025545, 49.514331177573041 ], [ 37.687201898775179, 49.514001789977385 ], [ 37.687308704608256, 49.513932444937758 ], [ 37.686854779817629, 49.513447026907443 ], [ 37.685920228778109, 49.512944267440282 ], [ 37.685840124403306, 49.512441502805345 ], [ 37.686080437527743, 49.512129439398208 ], [ 37.687014988567263, 49.51147063233396 ], [ 37.687148495858615, 49.51103720179475 ], [ 37.68680137690108, 49.510534417557857 ], [ 37.686160541902566, 49.510118316350209 ], [ 37.683997723782554, 49.509563509234226 ], [ 37.683009769826484, 49.50913006179664 ], [ 37.682689352327237, 49.508800639175476 ], [ 37.682582546494132, 49.508332508476805 ], [ 37.683063172743033, 49.507829696440389 ], [ 37.683784112116378, 49.507396233640478 ], [ 37.684104529615638, 49.506945428254454 ], [ 37.683997723782554, 49.506113161243661 ], [ 37.683116575659568, 49.505627665615755 ], [ 37.682529143577604, 49.505124825779411 ], [ 37.681929896721876, 49.504284093053059 ], [ 37.681325450255706, 49.504235027779352 ], [ 37.680690052224271, 49.504441338493081 ], [ 37.680304274848048, 49.504588702755996 ], [ 37.679736955177113, 49.504072925893986 ], [ 37.679646184029757, 49.503512933430493 ], [ 37.679600798456086, 49.502717143641391 ], [ 37.679464641735059, 49.502599247757061 ], [ 37.678783858129947, 49.502599247757061 ], [ 37.677399598132865, 49.502997145228171 ], [ 37.676559965019891, 49.502864513097315 ], [ 37.6759018742016, 49.502790828424835 ], [ 37.675379940104335, 49.502510825657403 ], [ 37.675198397809645, 49.501936078114852 ], [ 37.675311861743843, 49.501449747998173 ], [ 37.675039548301783, 49.500919200540075 ], [ 37.675289168956994, 49.500521286171505 ], [ 37.675266476170165, 49.500020204215708 ], [ 37.679805033537619, 49.498502189327354 ], [ 37.680576588290087, 49.498855905742133 ], [ 37.682630285498867, 49.499003286827069 ], [ 37.6833224154974, 49.499401213539308 ], [ 37.683957813528835, 49.499762292385384 ], [ 37.684808793035245, 49.500042310880772 ], [ 37.685239955985139, 49.50004967976691 ], [ 37.685387459099587, 49.500145475185676 ], [ 37.686136321065227, 49.500241270416936 ], [ 37.686499405654608, 49.500248639273117 ], [ 37.687327692374183, 49.500263376982126 ], [ 37.687860972864854, 49.500064417535853 ], [ 37.688121939913486, 49.499983359751738 ], [ 37.689131768927744, 49.499990728646758 ], [ 37.689761493762482, 49.500068101977391 ], [ 37.690260735072897, 49.500101261938781 ], [ 37.690328813433403, 49.499987044199379 ], [ 37.690805361956997, 49.49997967530382 ], [ 37.691026616628648, 49.499780714704059 ], [ 37.691463452775274, 49.499817559320597 ], [ 37.691798171381123, 49.499758607920811 ], [ 37.692172602363947, 49.499858088366757 ], [ 37.692598092117144, 49.500093893060395 ], [ 37.6965882, 49.4983353 ], [ 37.7105618, 49.5069669 ], [ 37.712873934340465, 49.509468079083398 ], [ 37.714396417051162, 49.513962589360936 ], [ 37.717572007035784, 49.515701419344381 ], [ 37.723024074178063, 49.514956214063979 ], [ 37.730408277395313, 49.510770433417996 ], [ 37.730829138718583, 49.509913359967207 ], [ 37.727266997207835, 49.492153281861597 ], [ 37.729019914108335, 49.489162700460696 ], [ 37.73894404932372, 49.482352569437182 ], [ 37.749147587297095, 49.471715338822186 ], [ 37.749031091369588, 49.470226514640736 ], [ 37.741795399872125, 49.465633585467955 ], [ 37.739814969104486, 49.465381214242733 ], [ 37.7366809, 49.4636252 ], [ 37.713910456407689, 49.46507258587625 ], [ 37.691318737565034, 49.466508568996076 ], [ 37.6850251, 49.4669086 ], [ 37.680569637963345, 49.463058965904679 ], [ 37.702893186082925, 49.44477209487922 ], [ 37.687778990366347, 49.437404239872137 ], [ 37.689128922705024, 49.425759496427816 ], [ 37.690869956936147, 49.413723651090912 ], [ 37.714514670749139, 49.411894509339561 ], [ 37.733622735220685, 49.405668563357018 ], [ 37.744395215337811, 49.401955636465608 ], [ 37.745025020021806, 49.401992338929027 ], [ 37.762650151103493, 49.396248069603118 ], [ 37.768484738480339, 49.399193778845436 ], [ 37.769537985889095, 49.398689044993823 ], [ 37.770230115887628, 49.398378910243402 ], [ 37.770638586050708, 49.398282915757065 ], [ 37.771444179983426, 49.398356757686287 ], [ 37.771705147032051, 49.39831983673556 ], [ 37.7717959181794, 49.398105694673951 ], [ 37.771546297524189, 49.397780787693954 ], [ 37.771512258343932, 49.397537106048389 ], [ 37.773304988504087, 49.396961126443408 ], [ 37.773781537027659, 49.397138351656693 ], [ 37.780612065865682, 49.394908221115834 ], [ 37.783312507499318, 49.395705762874272 ], [ 37.796383552717586, 49.391023712235238 ], [ 37.813244293337689, 49.384937856436018 ], [ 37.837525575253615, 49.384442978223348 ], [ 37.837412111319424, 49.382470802105416 ], [ 37.837514228860194, 49.381798619124787 ], [ 37.838524057874452, 49.381658272067419 ], [ 37.838943874430946, 49.38146621754985 ], [ 37.83967004360975, 49.381333256290318 ], [ 37.840339480821449, 49.381414510436123 ], [ 37.843096654422176, 49.381370190009619 ], [ 37.843039922455077, 49.37933879422615 ], [ 37.843198771962925, 49.379021150202973 ], [ 37.843289543110281, 49.378097754755679 ], [ 37.843255503930038, 49.377292539764987 ], [ 37.843459739011557, 49.3747955506824 ], [ 37.843441579634288, 49.374360425801228 ], [ 37.843346275077366, 49.372076791104455 ], [ 37.85423881275927, 49.372697390774817 ], [ 37.854715361282857, 49.369697753117713 ], [ 37.858059272412007, 49.369671675581493 ], [ 37.857466861686909, 49.367248405842894 ], [ 37.857682443161849, 49.367126489442043 ], [ 37.857875331849968, 49.367082156130415 ], [ 37.859146127912851, 49.367281655717932 ], [ 37.860870779712471, 49.367702818855371 ], [ 37.863503142985593, 49.367828428215432 ], [ 37.868064393139868, 49.367769317968332 ], [ 37.868972104613349, 49.367976203522325 ], [ 37.870560599691949, 49.368973675225696 ], [ 37.872353329852103, 49.369276607069907 ], [ 37.873317773292683, 49.369143612831579 ], [ 37.875326084927778, 49.369121447090215 ], [ 37.878809427707289, 49.369431766559885 ], [ 37.878956930821715, 49.369623868107126 ], [ 37.878491728691571, 49.370776461626868 ], [ 37.88088581770289, 49.370990722828104 ], [ 37.889826775716749, 49.371086770649647 ], [ 37.890643716042881, 49.374470489517378 ], [ 37.89286760915293, 49.374248855672349 ], [ 37.902012802248336, 49.375297913708984 ], [ 37.903170134377035, 49.374581306065146 ], [ 37.904543047980681, 49.374056772198259 ], [ 37.905950000764584, 49.373221939148046 ], [ 37.908366782562737, 49.371788652879879 ], [ 37.90935391879016, 49.371810817418663 ], [ 37.909762388953233, 49.371810817418663 ], [ 37.910216244689963, 49.37198074521725 ], [ 37.910817603541162, 49.372283658531792 ], [ 37.911555119113345, 49.372483137012274 ], [ 37.911861471735655, 49.372549629659204 ], [ 37.912303981078985, 49.372534853523213 ], [ 37.912723797635465, 49.372593958040532 ], [ 37.913336502880078, 49.372667838587226 ], [ 37.913892476157578, 49.372682614683235 ], [ 37.914266907140401, 49.372630898327749 ], [ 37.914516527795612, 49.372726942944638 ], [ 37.914800187631066, 49.372874703527252 ], [ 37.914993076319185, 49.373037239655119 ], [ 37.915333468121752, 49.373177611333048 ], [ 37.915605781563798, 49.373369698242726 ], [ 37.915821363038738, 49.373554396486441 ], [ 37.916025598120278, 49.373583948141039 ], [ 37.916252525988654, 49.373495293123959 ], [ 37.916581571397792, 49.373591336051916 ], [ 37.916842538446424, 49.373687378792198 ], [ 37.917137544675306, 49.373916403030982 ], [ 37.917375818937096, 49.374027220827941 ], [ 37.917750249919912, 49.373938566610363 ], [ 37.917965831394859, 49.373783421344825 ], [ 37.918272184017162, 49.373842524360867 ], [ 37.918782771720991, 49.373894239441604 ], [ 37.919157202703808, 49.374041996515324 ], [ 37.919497594506375, 49.374086323550827 ], [ 37.91973586876815, 49.373990281590054 ], [ 37.919894718276012, 49.373938566610363 ], [ 37.920257802865422, 49.374064160038074 ], [ 37.92058684827456, 49.374204528783416 ], [ 37.920893200896849, 49.374234080047145 ], [ 37.921290324666515, 49.374293182521306 ], [ 37.921494559748048, 49.374477877295021 ], [ 37.921687448436167, 49.374463101738662 ], [ 37.921778219583516, 49.374256243483281 ], [ 37.921937069091364, 49.37416758967877 ], [ 37.922198036139996, 49.374278406909433 ], [ 37.922356885647858, 49.374307958128732 ], [ 37.92295824449905, 49.37441138725643 ], [ 37.923559603350228, 49.374433550612622 ], [ 37.924149615807984, 49.37475122428647 ], [ 37.924648857118413, 49.374913754209388 ], [ 37.924943863347295, 49.37495808045874 ], [ 37.925556568591901, 49.374965468163062 ], [ 37.926328123344362, 49.375054120528503 ], [ 37.926918135802133, 49.375098446651243 ], [ 37.927496801866482, 49.374891591069726 ], [ 37.927916618422962, 49.374839877038319 ], [ 37.928109507111074, 49.375157548086086 ], [ 37.928347781372878, 49.375379177833757 ], [ 37.928801637109622, 49.375430891297739 ], [ 37.929085296945075, 49.375283138399134 ], [ 37.929471074321313, 49.375246200105067 ], [ 37.929879544484393, 49.375386565474798 ], [ 37.930242629073774, 49.374551755010181 ], [ 37.931297843661703, 49.374411387256416 ], [ 37.931865163332624, 49.374086323550827 ], [ 37.932205555135191, 49.373694766687507 ], [ 37.932126130381256, 49.373340146459299 ], [ 37.932370077839764, 49.372896867576323 ], [ 37.933436638821121, 49.372675226635785 ], [ 37.933521736771773, 49.372593958040511 ], [ 37.933396926444168, 49.37209526144585 ], [ 37.932710469642331, 49.37112001792876 ], [ 37.938491457089121, 49.369579537047464 ], [ 37.938446071515443, 49.369291384185274 ], [ 37.938105679712884, 49.368323473745065 ], [ 37.936919981600653, 49.365759527280638 ], [ 37.936534204224415, 49.36492085871123 ], [ 37.936006596930461, 49.364019366411199 ], [ 37.934979748326057, 49.361954000022529 ], [ 37.935201002997729, 49.361787732408047 ], [ 37.935269081358243, 49.361425636546763 ], [ 37.935269081358243, 49.361255672263823 ], [ 37.936244871192166, 49.359899631836498 ], [ 37.936914308403928, 49.358813294545577 ], [ 37.942468367982357, 49.359729662279229 ], [ 37.943234249538115, 49.359899631836413 ], [ 37.943534928963714, 49.360110245472754 ], [ 37.943932052733366, 49.360808589497239 ], [ 37.94418167338857, 49.361111571650738 ], [ 37.944953228141024, 49.36161407452159 ], [ 37.945929017975047, 49.361905967213872 ], [ 37.9482231, 49.3609487 ], [ 37.9494421, 49.3594865 ], [ 37.949054949361873, 49.358502908054952 ], [ 37.948703211165892, 49.357919080538721 ], [ 37.946683553137383, 49.356618376595591 ], [ 37.943710798061709, 49.354674646936189 ], [ 37.942088263802852, 49.353573412396543 ], [ 37.941736525606871, 49.352583019337743 ], [ 37.941736525606871, 49.352176508952084 ], [ 37.941974799868653, 49.351518694120799 ], [ 37.940284187249283, 49.351053044597116 ], [ 37.938377993154958, 49.349279101270412 ], [ 37.935042153489889, 49.349183010847248 ], [ 37.935484662833218, 49.346603282411181 ], [ 37.935893132996284, 49.344622195689595 ], [ 37.936120060864646, 49.344075165153548 ], [ 37.936290256765908, 49.342744524948159 ], [ 37.936494491847455, 49.340859389727683 ], [ 37.936710073322409, 49.339735666929457 ], [ 37.93854818905622, 49.339831775803802 ], [ 37.93930839741526, 49.338342067159616 ], [ 37.939898409873038, 49.33809069748299 ], [ 37.940170723315092, 49.337802360096489 ], [ 37.940533807904472, 49.337040845543491 ], [ 37.940340919216354, 49.336168416331461 ], [ 37.940499768724216, 49.335872674105921 ], [ 37.9410025, 49.3356789 ], [ 37.941033049214901, 49.335510387457923 ], [ 37.941180552329349, 49.334704474942555 ], [ 37.941430172984539, 49.334593568517654 ], [ 37.944493699207577, 49.33438654252253 ], [ 37.9465124, 49.3337 ], [ 37.9519709, 49.3326886 ], [ 37.9576868, 49.3322922 ], [ 37.960208454092346, 49.331687731142353 ], [ 37.960821159336945, 49.33133280795208 ], [ 37.961206936713182, 49.330282811864727 ], [ 37.9622858, 49.3258382 ], [ 37.96191041310513, 49.322318380062107 ], [ 37.961819641957774, 49.322029950282705 ], [ 37.961876373924873, 49.321837662824542 ], [ 37.961842334744617, 49.32162318746618 ], [ 37.96170617802359, 49.321541834499691 ], [ 37.961275015073674, 49.321430898419699 ], [ 37.961104819172412, 49.321127671859287 ], [ 37.960866544910616, 49.320757880844099 ], [ 37.960446728354121, 49.320639547132785 ], [ 37.960480767534385, 49.320232772831439 ], [ 37.96070769540276, 49.319818599181581 ], [ 37.95913054671756, 49.319308273287277 ], [ 37.95936882097935, 49.318990241432161 ], [ 37.959198625078088, 49.318694396002165 ], [ 37.95891496524262, 49.318657415198459 ], [ 37.958132064096723, 49.318805338246669 ], [ 37.957167620656143, 49.318050926055697 ], [ 37.95657760819838, 49.317141178337948 ], [ 37.955431622463102, 49.316386740655524 ], [ 37.953741009843732, 49.315743240559101 ], [ 37.952992147878099, 49.315469565556263 ], [ 37.952719834436046, 49.315047955143704 ], [ 37.952697141649224, 49.314611547582381 ], [ 37.952526945747941, 49.314293485398373 ], [ 37.952288671486151, 49.313280110790949 ], [ 37.953185036566218, 49.31225192108694 ], [ 37.954637374923806, 49.311319874465632 ], [ 37.955250080168405, 49.311164531647599 ], [ 37.955533740003879, 49.311401244317686 ], [ 37.955840092626183, 49.311416038821783 ], [ 37.956146445248471, 49.311364258037955 ], [ 37.956271255576077, 49.311297682664481 ], [ 37.956407412297104, 49.310950009807854 ], [ 37.959051121963626, 49.311127545190153 ], [ 37.95891496524262, 49.310846447206053 ], [ 37.955193348201313, 49.310550552858409 ], [ 37.953718317056904, 49.310446989416846 ], [ 37.953945244925272, 49.309403945474564 ], [ 37.954149480006798, 49.30904886164717 ], [ 37.9545125645962, 49.306629784967583 ], [ 37.95517065541447, 49.303959045551558 ], [ 37.95540892967626, 49.302827081843667 ], [ 37.952731180829481, 49.302989849467735 ], [ 37.949009563788167, 49.30317481202426 ], [ 37.948907446247397, 49.302901067193972 ], [ 37.948866004946467, 49.302474113659287 ], [ 37.948850714280304, 49.302316579898978 ], [ 37.948804766337169, 49.30200198263438 ], [ 37.948623786411936, 49.300762845786373 ], [ 37.94849748598179, 49.30018990649431 ], [ 37.948362819363297, 49.299579015486472 ], [ 37.948498976084323, 49.299142470886785 ], [ 37.948453590510645, 49.298617132428397 ], [ 37.948544361657994, 49.298387757542422 ], [ 37.948850714280304, 49.298039993582343 ], [ 37.949486112311746, 49.297729223712039 ], [ 37.949894582474819, 49.297381455105253 ], [ 37.950212281490543, 49.296907893907672 ], [ 37.950189588703701, 49.296767304551231 ], [ 37.94990592886824, 49.296597116898994 ], [ 37.94980381132747, 49.296478725142158 ], [ 37.950132856736609, 49.295990356139193 ], [ 37.950598058866767, 49.295442785139166 ], [ 37.951051914603518, 49.295413186533438 ], [ 37.951517116733683, 49.294910007516627 ], [ 37.951982318863841, 49.294073831025415 ], [ 37.951948279683585, 49.293948033334601 ], [ 37.951721351815209, 49.293570638335957 ], [ 37.951807214064814, 49.293368056617453 ], [ 37.95297480798871, 49.293545889016713 ], [ 37.955729977013448, 49.294209017588834 ], [ 37.955852975630627, 49.293979062723402 ], [ 37.954057195819864, 49.29355658470962 ], [ 37.951904932673195, 49.293137501237098 ], [ 37.951914240503335, 49.293115540524042 ], [ 37.952254632305895, 49.292575337667678 ], [ 37.953150997385961, 49.291568916558319 ], [ 37.95378639541741, 49.291206303917626 ], [ 37.954036016072614, 49.290858489286691 ], [ 37.954251597547568, 49.29007404728106 ], [ 37.955306812135497, 49.288771549967684 ], [ 37.957178967049565, 49.286632715529919 ], [ 37.95835899196512, 49.285441144683169 ], [ 37.958744769341365, 49.285100690580691 ], [ 37.959998545814123, 49.284205137043372 ], [ 37.960174414912096, 49.284231041712964 ], [ 37.960270859256156, 49.284171831019592 ], [ 37.960219800485774, 49.284068212135132 ], [ 37.961989837859086, 49.282865477008855 ], [ 37.963022359660179, 49.282473193977218 ], [ 37.963657757691621, 49.28211051443585 ], [ 37.964054881461273, 49.281710823688492 ], [ 37.96481508982032, 49.28117049586168 ], [ 37.965268945557064, 49.280548741447696 ], [ 37.967844576863087, 49.278713039822833 ], [ 37.971464076363624, 49.276159228354246 ], [ 37.973585851932903, 49.274693502918886 ], [ 37.979270395035613, 49.277661921839524 ], [ 37.982038915029761, 49.279060940136461 ], [ 37.982538156340169, 49.279245992494907 ], [ 37.984024533878014, 49.279416240051425 ], [ 37.988529052065189, 49.279171971634852 ], [ 37.990911794683107, 49.279090548560475 ], [ 37.990843716322594, 49.278831474247681 ], [ 37.983990494697764, 49.279164569542736 ], [ 37.982731045028288, 49.279060940136461 ], [ 37.981312745850964, 49.278394745896804 ], [ 37.973835472588092, 49.274508433479156 ], [ 37.978681590881848, 49.271110797328888 ], [ 37.982248823307984, 49.268611757651392 ], [ 37.984223095762822, 49.267264270146754 ], [ 37.988387222147452, 49.264428503153646 ], [ 37.989476475915637, 49.264576589014062 ], [ 37.990429572962796, 49.26494680172074 ], [ 37.992467160735011, 49.265818115764823 ], [ 37.993425020825306, 49.266227716254342 ], [ 37.992596734105753, 49.266783015690571 ], [ 37.991439401977054, 49.267279077901733 ], [ 37.990996892633738, 49.267530809056474 ], [ 37.990849389519305, 49.267841769297945 ], [ 37.991076317387673, 49.26790099959792 ], [ 37.992142878369023, 49.267634462688065 ], [ 37.99293712590832, 49.267516001377039 ], [ 37.993980994102834, 49.267530809056474 ], [ 37.994480235413242, 49.267441962913225 ], [ 37.995433332460422, 49.267205039082391 ], [ 37.996908363604831, 49.267086576740326 ], [ 37.997089905899536, 49.266583108613489 ], [ 37.998133774094043, 49.266064827234253 ], [ 37.999359184583255, 49.265857513158203 ], [ 37.999835733106821, 49.265576156947461 ], [ 38.000584595072453, 49.264806121219394 ], [ 38.002105011790547, 49.264332247106061 ], [ 38.002740409821996, 49.262999451763605 ], [ 38.001968855069514, 49.262170138715831 ], [ 37.99189230196739, 49.256760770294896 ], [ 37.982827489372326, 49.257956716986335 ], [ 37.972944584945857, 49.254698897315976 ], [ 37.969469792603796, 49.250041718850113 ], [ 37.963304729366619, 49.251018362531262 ], [ 37.939315918948694, 49.249319409460938 ], [ 37.935515429029117, 49.246502887551586 ], [ 37.929610522367391, 49.25019431942529 ], [ 37.918025, 49.248896 ], [ 37.911384, 49.244321 ], [ 37.912943232907786, 49.234341782468491 ], [ 37.911494793453961, 49.230078481105032 ], [ 37.900151593333078, 49.229218089220318 ], [ 37.885782167408642, 49.230683435177305 ], [ 37.878062203624026, 49.228492121912652 ], [ 37.8740301, 49.2273114 ], [ 37.8753096, 49.2213529 ], [ 37.879173878408992, 49.218663625963245 ], [ 37.880223793483701, 49.216175940136381 ], [ 37.879009185848247, 49.213728472980137 ], [ 37.876933687797745, 49.211717012523344 ], [ 37.874837089250299, 49.206367434234259 ], [ 37.882033351296684, 49.200529739531397 ], [ 37.88203983639869, 49.197028279033404 ], [ 37.874816742506944, 49.194769790520766 ], [ 37.863848517980543, 49.198015024071239 ], [ 37.851759, 49.197487 ], [ 37.844052466551133, 49.200792426554436 ], [ 37.831694641800254, 49.202014249679792 ], [ 37.830797605244058, 49.208364698950696 ], [ 37.825259559479193, 49.215038754103226 ], [ 37.81617148437789, 49.216979436807151 ], [ 37.800598689022003, 49.215748759970516 ], [ 37.794124568764765, 49.217505037274336 ], [ 37.791940745658728, 49.215789145295915 ], [ 37.787743274129525, 49.217544408253623 ], [ 37.784079364509928, 49.217177753000826 ], [ 37.782924172857527, 49.216471859580366 ], [ 37.782183541354406, 49.216877383438501 ], [ 37.779710027589154, 49.217662989500582 ], [ 37.777939990215842, 49.218092844135896 ], [ 37.777077664316032, 49.216729154479346 ], [ 37.776555730218767, 49.216714331558997 ], [ 37.776306109563571, 49.216165880380466 ], [ 37.775262241369056, 49.216121411099266 ], [ 37.774218373174548, 49.215632246365629 ], [ 37.773968752519337, 49.214224017832017 ], [ 37.773696439077284, 49.213482828805169 ], [ 37.773900674158824, 49.213141878120943 ], [ 37.773628360716785, 49.211807700664757 ], [ 37.773719131864119, 49.210844105663732 ], [ 37.772788727603803, 49.210236289926236 ], [ 37.773478347237692, 49.208548015539954 ], [ 37.773292001781556, 49.20843641957628 ], [ 37.772345019557292, 49.207145260865815 ], [ 37.77028636254807, 49.20518155902738 ], [ 37.767898320417366, 49.203594400554593 ], [ 37.768907062351893, 49.202585586910089 ], [ 37.773477280912388, 49.201913033047028 ], [ 37.778938140415029, 49.197102863349834 ], [ 37.789617151864782, 49.196976207728113 ], [ 37.789864190705885, 49.197097280183335 ], [ 37.794804967528059, 49.196074881246162 ], [ 37.802916076144442, 49.194204912728686 ], [ 37.801783814789353, 49.192052343462287 ], [ 37.80213378648093, 49.191541094496827 ], [ 37.803765622512437, 49.191109220340785 ], [ 37.802356940940442, 49.188448377371458 ], [ 37.801317658409822, 49.185818677634899 ], [ 37.801994766725223, 49.185676957289814 ], [ 37.802530154695546, 49.185330529779606 ], [ 37.803537943816146, 49.185299036369585 ], [ 37.804215052131546, 49.185283289664575 ], [ 37.805522028647331, 49.18509432920446 ], [ 37.806813258458099, 49.184511701119114 ], [ 37.807458873363487, 49.184432967594063 ], [ 37.809716018015628, 49.185219569425811 ], [ 37.8102401500037, 49.185259887271044 ], [ 37.810225047146453, 49.184693530124392 ], [ 37.80801488334405, 49.183699287094896 ], [ 37.804557963445134, 49.182144190359857 ], [ 37.795972, 49.184165 ], [ 37.796184267724222, 49.1856613516428 ], [ 37.790083547098519, 49.187053191111062 ], [ 37.789649349997887, 49.188019279659962 ], [ 37.786783449686183, 49.188633401155329 ], [ 37.785633940220499, 49.188617654450319 ], [ 37.783400007696876, 49.188608037807228 ], [ 37.781526629818465, 49.189455682146473 ], [ 37.774177224295507, 49.191204743611863 ], [ 37.771212758202203, 49.191944712540206 ], [ 37.770183429697589, 49.1925097722687 ], [ 37.769545246024734, 49.192899928790602 ], [ 37.765160306595043, 49.194648868488244 ], [ 37.765160306595043, 49.195133179318034 ], [ 37.76396628552969, 49.195442597643442 ], [ 37.762072321081199, 49.195308068174562 ], [ 37.761928215090549, 49.195012102055138 ], [ 37.763369274997018, 49.193599512089818 ], [ 37.763286928716646, 49.192899928790602 ], [ 37.756122802324505, 49.193236268150095 ], [ 37.753467134782603, 49.193693686009162 ], [ 37.751120265792075, 49.193814766499166 ], [ 37.749555686465058, 49.193626418942209 ], [ 37.748835156511824, 49.192590494560172 ], [ 37.748135213128684, 49.191863989194971 ], [ 37.743317955727072, 49.190141859784546 ], [ 37.741712203259873, 49.189886226090515 ], [ 37.741671030119683, 49.18325274265959 ], [ 37.740188797073031, 49.181611053710746 ], [ 37.739612373110454, 49.18053450680187 ], [ 37.736442041316231, 49.179296448905838 ], [ 37.731254225652961, 49.178946557365592 ], [ 37.726684007092459, 49.176524163477247 ], [ 37.722978424475848, 49.172890350349142 ], [ 37.714455584457625, 49.171436750405647 ], [ 37.712973351410973, 49.170225384515277 ], [ 37.708773691112135, 49.16602575327898 ], [ 37.70803257458882, 49.164962328596445 ], [ 37.706879726663644, 49.155727073031635 ], [ 37.706426822121628, 49.149910401534108 ], [ 37.705521013037568, 49.144739453501472 ], [ 37.703894674000267, 49.144806787021587 ], [ 37.70181543042095, 49.144995320391139 ], [ 37.701239006458351, 49.145089586806925 ], [ 37.700827275056511, 49.145533983208772 ], [ 37.700518476505131, 49.145560916195947 ], [ 37.700499042077396, 49.143368681656945 ], [ 37.685460286788526, 49.142739053929617 ], [ 37.68297384226323, 49.142708932173171 ], [ 37.67657354987405, 49.141353434183429 ], [ 37.670956027057635, 49.140781101678144 ], [ 37.66335855767479, 49.139787034775622 ], [ 37.655668997753956, 49.130839535403268 ], [ 37.648439890523015, 49.126530904123889 ], [ 37.642822367706614, 49.120926110189309 ], [ 37.668607815365107, 49.117792379982347 ], [ 37.673761416190125, 49.110599574466569 ], [ 37.674756694666478, 49.105809593769472 ], [ 37.663752584213242, 49.10019761179057 ], [ 37.663204607238811, 49.100368546689268 ], [ 37.645773387979183, 49.104921171282719 ], [ 37.642014634500036, 49.107566423450926 ], [ 37.634661573006426, 49.11360998786261 ], [ 37.632591447702282, 49.111964111880503 ], [ 37.630057099994431, 49.113025655006467 ], [ 37.627613910232974, 49.112841127411421 ], [ 37.623056421639482, 49.111887723902498 ], [ 37.621599904666304, 49.111703192074742 ], [ 37.619203699323322, 49.112164520357162 ], [ 37.612296989805344, 49.115578216317452 ], [ 37.610386282263107, 49.113887193486072 ], [ 37.605548722461712, 49.116548807755301 ], [ 37.59458994844281, 49.10482387126617 ], [ 37.595678923452098, 49.103178265412943 ], [ 37.597747751818325, 49.1000519530185 ], [ 37.59790520780988, 49.099849732200305 ], [ 37.598089388885818, 49.093337378431613 ], [ 37.593160791231476, 49.090998621022919 ], [ 37.593116499835226, 49.089357186063701 ], [ 37.592396274183109, 49.076337221676269 ], [ 37.592373170895719, 49.075607006428193 ], [ 37.592195594455482, 49.06999442748382 ], [ 37.594089862166093, 49.055330506452307 ], [ 37.604732041607491, 49.056450735867188 ], [ 37.609600730987573, 49.058820451937137 ], [ 37.616106678743243, 49.060759310539822 ], [ 37.626059486237025, 49.061534853980895 ], [ 37.635969207984083, 49.057527879535336 ], [ 37.642044298272495, 49.054037934050505 ], [ 37.643853899635005, 49.051538960740373 ], [ 37.646352872945137, 49.045808556425783 ], [ 37.656995052386542, 49.04020740935136 ], [ 37.666775516893416, 49.039647294643906 ], [ 37.677073010361006, 49.04391278356983 ], [ 37.684532105522692, 49.056319620245809 ], [ 37.701990538354835, 49.049454720335163 ], [ 37.706410884177593, 49.047493085110787 ], [ 37.7255964, 49.0483269 ], [ 37.731066509665915, 49.051766691213523 ], [ 37.729920245599708, 49.058814522674922 ], [ 37.749475190665493, 49.059386422404913 ], [ 37.758918692695779, 49.059463840368345 ], [ 37.759578164997045, 49.058919346049287 ], [ 37.761029004059907, 49.058046414138481 ], [ 37.767214854246056, 49.052557827658475 ], [ 37.768837864974948, 49.051878886101271 ], [ 37.769074566135721, 49.051779868730762 ], [ 37.76865992892062, 49.051655013206513 ], [ 37.768098547129803, 49.051485969967651 ], [ 37.768401904388405, 49.051330375801442 ], [ 37.771514613650517, 49.050258491646765 ], [ 37.774442670668272, 49.049394052108298 ], [ 37.776790392060882, 49.048062785824158 ], [ 37.777687274390644, 49.046921672067718 ], [ 37.777225643779737, 49.046593164768062 ], [ 37.778043389433329, 49.045564404184304 ], [ 37.777410296024094, 49.045417436649174 ], [ 37.778689672288607, 49.043852637725351 ], [ 37.781551782076221, 49.040939041138991 ], [ 37.785205258625403, 49.037212501199221 ], [ 37.787117728299165, 49.038276020186224 ], [ 37.787671685032244, 49.038388423303324 ], [ 37.80302420020638, 49.046428910304343 ], [ 37.806018204454261, 49.047803444088132 ], [ 37.817756811417325, 49.049912717634889 ], [ 37.827806105426014, 49.050072533569619 ], [ 37.831184024153899, 49.047647742944307 ], [ 37.828063859075158, 49.044780286110282 ], [ 37.824942917170951, 49.041912115367396 ], [ 37.82783827608057, 49.040267217756039 ], [ 37.836041792991168, 49.043198471743956 ], [ 37.849068556282852, 49.050621551771066 ], [ 37.848305902158096, 49.057001347668091 ], [ 37.850014113180094, 49.05678133023541 ], [ 37.866617114220588, 49.05223367958488 ], [ 37.871800566508782, 49.053646949705488 ], [ 37.879059993367598, 49.05710609710242 ], [ 37.886173771379084, 49.056613165135531 ], [ 37.889719914496609, 49.056542745884073 ], [ 37.890837486873039, 49.056725835730361 ], [ 37.89163268260242, 49.056472326532841 ], [ 37.899197787919789, 49.055852631940397 ], [ 37.903238241896091, 49.055627286536797 ], [ 37.904054929401944, 49.055951220233233 ], [ 37.904721174472506, 49.055613202415152 ], [ 37.905408911319554, 49.055570950026265 ], [ 37.905709796190116, 49.055444192644153 ], [ 37.907171236990067, 49.055401940111622 ], [ 37.907727474946107, 49.055255083017784 ], [ 37.909515787419636, 49.052281221434377 ], [ 37.913973820176381, 49.05036222338132 ], [ 37.918516598701032, 49.05022611731178 ], [ 37.919275977478797, 49.048823513779645 ], [ 37.920146480916522, 49.044172517752379 ], [ 37.921492806051432, 49.041464117472039 ], [ 37.9199808, 49.0408082 ], [ 37.9152605, 49.0350485 ], [ 37.916625481168268, 49.031821740049125 ], [ 37.917169818999859, 49.028910715993234 ], [ 37.917832491142661, 49.027159368187249 ], [ 37.918906398371092, 49.025081253874468 ], [ 37.8597928, 49.0182889 ], [ 37.858101722030348, 49.02061566682282 ], [ 37.847883500977538, 49.022999182748748 ], [ 37.842321963817049, 49.022557790910604 ], [ 37.837742523496416, 49.020152205392748 ], [ 37.83629144782855, 49.01962805258497 ], [ 37.836936983391823, 49.018734234112742 ], [ 37.837869423649877, 49.018623886153215 ], [ 37.848722708004395, 49.009978289655173 ], [ 37.853981588744382, 49.005939027351246 ], [ 37.865478483125166, 49.005299370039538 ], [ 37.87346989215402, 49.006742085875644 ], [ 37.877245373056127, 49.005028392416527 ], [ 37.8920661438314, 49.006380603661633 ], [ 37.905106279996822, 49.005349709940127 ], [ 37.917490392884936, 49.003381640108181 ], [ 37.912837982908052, 48.982904342094798 ], [ 37.905005868270713, 48.982730295102854 ], [ 37.896008977610364, 48.982154601206432 ], [ 37.893535772750397, 48.982587250620576 ], [ 37.889496510665985, 48.982068955499805 ], [ 37.886161934335568, 48.978841014244495 ], [ 37.879976572006591, 48.9752797450248 ], [ 37.879194434179929, 48.974851908948672 ], [ 37.865190388167655, 48.972535634862773 ], [ 37.865242387546466, 48.970836988488244 ], [ 37.854331800973142, 48.964179681426558 ], [ 37.8604697, 48.9557719 ], [ 37.8705467, 48.9512797 ], [ 37.861652, 48.9408098 ], [ 37.8442347, 48.92487 ], [ 37.8442415, 48.9115211 ], [ 37.8801558, 48.90441 ], [ 37.880177672836659, 48.904416779509731 ], [ 37.880220388590573, 48.904374269494795 ], [ 37.88302913038347, 48.904121987297835 ], [ 37.885619227605659, 48.901632802954431 ], [ 37.890059394272271, 48.901010506868566 ], [ 37.891270348817706, 48.899496813686767 ], [ 37.894079090610603, 48.900186385025144 ], [ 37.893490432151026, 48.898302677954462 ], [ 37.892969048943961, 48.897394462045384 ], [ 37.895155494651, 48.897428099671643 ], [ 37.896938288842897, 48.89705808578276 ], [ 37.899881581140839, 48.897747657121137 ], [ 37.902051208034756, 48.89813448982315 ], [ 37.904355385433718, 48.898168127449416 ], [ 37.907433228236705, 48.898386772020125 ], [ 37.907580894330032, 48.898395721480327 ], [ 37.908156437201349, 48.898050395757537 ], [ 37.910292426468999, 48.897613106616127 ], [ 37.913639370282084, 48.897444918484815 ], [ 37.916229467504273, 48.897529012550436 ], [ 37.9120854, 48.8878266 ], [ 37.918244, 48.880588 ], [ 37.925929275415292, 48.877385159488348 ], [ 37.922671639912835, 48.868736673606215 ], [ 37.916689436535599, 48.869730156769634 ], [ 37.886067662812493, 48.867207450188779 ], [ 37.893471379863527, 48.863301387171454 ], [ 37.907955646864302, 48.859536603326298 ], [ 37.917429808240712, 48.857904479339723 ], [ 37.936845945140576, 48.848944797308945 ], [ 37.959437784115892, 48.849112852886797 ], [ 37.966588425342771, 48.849280855754117 ], [ 37.970351068328085, 48.844064739637993 ], [ 37.974210882298003, 48.840955042931391 ], [ 37.973302867326623, 48.838861134750623 ], [ 37.969109926938778, 48.830219493579563 ], [ 37.956386200789495, 48.826603099504005 ], [ 37.952265985259679, 48.823917329380862 ], [ 37.945398959376682, 48.823566348057952 ], [ 37.933793685634434, 48.818950180658838 ], [ 37.933312993822611, 48.818934920601315 ], [ 37.93185167019282, 48.817891882971672 ], [ 37.93063737370349, 48.816633203441718 ], [ 37.930884737170103, 48.815089386106848 ], [ 37.931390226575374, 48.813952511821775 ], [ 37.933366404023936, 48.813319219434803 ], [ 37.944094224458929, 48.811900034085625 ], [ 37.945516623820133, 48.810691992816011 ], [ 37.946612133949351, 48.810629634297271 ], [ 37.949229233813682, 48.811388822158783 ], [ 37.964524367167613, 48.81777205164645 ], [ 37.9729605, 48.8167345 ], [ 37.966832779965536, 48.796712736238504 ], [ 37.956492475735885, 48.793192871122734 ], [ 37.956145627798449, 48.778096135878755 ], [ 37.949602687410852, 48.775698187195886 ], [ 37.945809695365661, 48.774896113744575 ], [ 37.941482036149615, 48.774365364984888 ], [ 37.935376418372442, 48.775261167652992 ], [ 37.921674582994349, 48.780054991949434 ], [ 37.90827881396563, 48.781447555234962 ], [ 37.900204376080431, 48.776793181707099 ], [ 37.8924502, 48.7809388 ], [ 37.87483226051436, 48.783972635412596 ], [ 37.873547710534346, 48.784446832326445 ], [ 37.870170484897827, 48.783899816906413 ], [ 37.866127327445646, 48.782195348568735 ], [ 37.860052091533859, 48.777625829141172 ], [ 37.854213967375323, 48.771420358779466 ], [ 37.847511767015611, 48.76778525319618 ], [ 37.846417688767957, 48.764131800807647 ], [ 37.847355612732287, 48.761085091858348 ], [ 37.832961920595331, 48.756387497787507 ], [ 37.826595703008344, 48.746598526339582 ], [ 37.842782173136129, 48.736926998711994 ], [ 37.840120194793776, 48.729713125134161 ], [ 37.840120194793784, 48.729713125134161 ], [ 37.839853660979948, 48.724692553799748 ], [ 37.847130198691524, 48.71851951314153 ], [ 37.842420695061897, 48.716450957219969 ], [ 37.835790085565144, 48.714191085154503 ], [ 37.813382904616802, 48.709178361417315 ], [ 37.809239541789026, 48.710908651216087 ], [ 37.80425165358718, 48.703869090365778 ], [ 37.803007829122613, 48.701771285345117 ], [ 37.802474761494935, 48.699647331560676 ], [ 37.801979181462144, 48.696578724966443 ], [ 37.801145865718702, 48.693357034220526 ], [ 37.801288719846148, 48.692335479472213 ], [ 37.80176490027096, 48.691306045643515 ], [ 37.813645601870149, 48.681411406127516 ], [ 37.814069121380768, 48.67736898980354 ], [ 37.797896069930232, 48.662595976944971 ], [ 37.792694519973999, 48.658957898651884 ], [ 37.790952918410063, 48.654313302350808 ], [ 37.786967621949927, 48.652264217883953 ], [ 37.7819024, 48.6447567 ], [ 37.774365030502466, 48.633479942053569 ], [ 37.780198059389846, 48.628464155907842 ], [ 37.780581788231736, 48.626276470612275 ], [ 37.7785837, 48.6235806 ], [ 37.764620180459083, 48.622112215546288 ], [ 37.75304505300943, 48.620514311575654 ], [ 37.745593080651915, 48.607601763156246 ], [ 37.746783807368558, 48.605194427457285 ], [ 37.751126829309065, 48.598676396709365 ], [ 37.768801726960703, 48.595692858330281 ], [ 37.77509553524613, 48.594734928627361 ], [ 37.7765813, 48.5873279 ], [ 37.776830531235611, 48.585861410464716 ], [ 37.7777827, 48.5802588 ], [ 37.790839503204808, 48.580317096104466 ], [ 37.794151263110038, 48.585406505444951 ], [ 37.798627940184339, 48.585202303763104 ], [ 37.808959919157225, 48.584152223540464 ], [ 37.817314619135296, 48.584041687511011 ], [ 37.820062387128075, 48.585469425952745 ], [ 37.821306309124815, 48.585260640913503 ], [ 37.822457401121795, 48.585727335692781 ], [ 37.824982377115163, 48.582534074753674 ], [ 37.82992174271731, 48.578695750194235 ], [ 37.826644034110785, 48.577943408686352 ], [ 37.828780921074731, 48.575215492385439 ], [ 37.827316949262105, 48.571333743003024 ], [ 37.823962065186208, 48.567251459225794 ], [ 37.822359176127726, 48.564303623449931 ], [ 37.8216478, 48.5617316 ], [ 37.818154888372078, 48.554679786514072 ], [ 37.815280819062522, 48.549956741981546 ], [ 37.803416219505095, 48.546001755052956 ], [ 37.801520278783897, 48.545108534420116 ], [ 37.798024545185932, 48.539011938146288 ], [ 37.778174781346145, 48.538785694694042 ], [ 37.769689739227488, 48.537591278933789 ], [ 37.762345871210897, 48.535676726307102 ], [ 37.76101415802745, 48.530128232704755 ], [ 37.7605973, 48.5251257 ], [ 37.759908547285995, 48.524406064633752 ], [ 37.75717934529316, 48.524000285782783 ], [ 37.753484711302846, 48.523705171849237 ], [ 37.753521843302757, 48.523151828589086 ], [ 37.753763201302128, 48.522623072714502 ], [ 37.753169089303675, 48.521959045890618 ], [ 37.755062821298715, 48.520606371728974 ], [ 37.755304829122217, 48.520096131464165 ], [ 37.755658198354233, 48.519351100960968 ], [ 37.748527589315891, 48.516966269145698 ], [ 37.742523053677736, 48.514871584066576 ], [ 37.737387989345159, 48.512913887843581 ], [ 37.732003849359302, 48.509746778495639 ], [ 37.74124971733503, 48.503547280877996 ], [ 37.742345806999296, 48.502533907758355 ], [ 37.740432813337129, 48.50111155646632 ], [ 37.743626165328777, 48.499758325661489 ], [ 37.747265101319236, 48.497691503439192 ], [ 37.749199414425746, 48.495459143242165 ], [ 37.750606981310469, 48.49446807679147 ], [ 37.753354749303256, 48.493336137899369 ], [ 37.754245917300906, 48.492696335173164 ], [ 37.754357313300623, 48.490358525801085 ], [ 37.756176781295842, 48.488463590697329 ], [ 37.756622365294675, 48.48779911616564 ], [ 37.7555455372975, 48.486297863872018 ], [ 37.752712208620196, 48.485245656451525 ], [ 37.750681245310254, 48.48506729606278 ], [ 37.74986434131241, 48.483959759505773 ], [ 37.749790077312603, 48.482926036898832 ], [ 37.748601853315726, 48.481769227097217 ], [ 37.743963038372854, 48.47666471106681 ], [ 37.731795722894326, 48.478720592809026 ], [ 37.730988482640427, 48.480311330956411 ], [ 37.718120123298938, 48.483296932777804 ], [ 37.714950518184381, 48.483338481908532 ], [ 37.709151038552967, 48.483302040909287 ], [ 37.702071828620376, 48.489260898279944 ], [ 37.688455133769565, 48.485629104547257 ], [ 37.677531204998949, 48.484537956911083 ], [ 37.666482151377394, 48.48920104151042 ], [ 37.663230498314981, 48.494393979983201 ], [ 37.657116854841689, 48.497422068293069 ], [ 37.648440330094587, 48.493641731886676 ], [ 37.648243520445945, 48.474080156970238 ], [ 37.649565079685011, 48.466435929984662 ], [ 37.637934108129578, 48.464642043956815 ], [ 37.635829287926512, 48.465236625935077 ], [ 37.63330933184087, 48.457985286672177 ], [ 37.630642151143434, 48.456959223640297 ], [ 37.624323365029142, 48.461930002050188 ], [ 37.620818544997761, 48.462401804746719 ], [ 37.616639721114183, 48.462561880661589 ], [ 37.615368952807515, 48.461580527504722 ], [ 37.612553572760262, 48.46090214617557 ], [ 37.609133003210403, 48.461028521897852 ], [ 37.600227727313332, 48.46034609299749 ], [ 37.597582768635746, 48.459773484353953 ], [ 37.589570041400577, 48.457852278744369 ], [ 37.585058428114984, 48.45411998241287 ], [ 37.572251859161199, 48.450255490036781 ], [ 37.558534610733837, 48.449679306371728 ], [ 37.545274575731405, 48.448015068726548 ], [ 37.525259196786003, 48.447226559784582 ], [ 37.513012217679893, 48.448381812900223 ], [ 37.493909141918458, 48.453378438388235 ], [ 37.479035835464565, 48.457916231795579 ], [ 37.479523176604012, 48.462537640983619 ], [ 37.470425466969047, 48.479265685301947 ], [ 37.463063230028894, 48.485104661403724 ], [ 37.446082287969155, 48.493665210577625 ], [ 37.439050936128474, 48.494751057565935 ], [ 37.437157204133442, 48.495415441003026 ], [ 37.43424234214109, 48.496411999834493 ], [ 37.43188446014728, 48.497802228194466 ], [ 37.429746667036298, 48.498993114749553 ], [ 37.427855638157865, 48.498638807417933 ], [ 37.424458060166792, 48.497691503439192 ], [ 37.425534888163959, 48.495046340168393 ], [ 37.42115331217547, 48.495759932691023 ], [ 37.396237740240885, 48.49796216352518 ], [ 37.389111480464265, 48.496717677671469 ], [ 37.385595818657471, 48.496558357411438 ], [ 37.3664563, 48.4964784 ], [ 37.358626610750029, 48.490616003666034 ], [ 37.3523037, 48.4786336 ], [ 37.351920698357198, 48.474052384681364 ], [ 37.3471827, 48.473211 ], [ 37.3393595, 48.4721198 ], [ 37.330581, 48.481417 ], [ 37.3248091, 48.4809477 ], [ 37.3236933, 48.4852146 ], [ 37.3162906, 48.4889549 ], [ 37.303899739483263, 48.48771913253308 ], [ 37.291486850625972, 48.48359343088098 ], [ 37.283365743537146, 48.471030558010895 ], [ 37.2805704, 48.4661347 ], [ 37.233036303393114, 48.460178077877735 ], [ 37.223694619693745, 48.454755142900318 ], [ 37.20302482799115, 48.450490006514947 ], [ 37.173677140654554, 48.452692902095301 ], [ 37.174139952050403, 48.448305073058037 ], [ 37.185414009105685, 48.444512845163338 ], [ 37.202018843059939, 48.439963840244936 ], [ 37.205504012359491, 48.434717784397861 ], [ 37.207995428690573, 48.423145555042261 ], [ 37.220352739702527, 48.419145258542883 ], [ 37.21893194800144, 48.405622679731572 ], [ 37.219729839678671, 48.405556188758467 ], [ 37.221073511426781, 48.40513784971936 ], [ 37.252333245445179, 48.399026322358715 ], [ 37.254538818743391, 48.397809393839786 ], [ 37.254620351264066, 48.388716020499089 ], [ 37.246506687448402, 48.378868475046197 ], [ 37.2332215, 48.3714437 ], [ 37.201968836331027, 48.370781510264472 ], [ 37.20026463462991, 48.371221035025926 ], [ 37.196783739539022, 48.380639723675721 ], [ 37.177085697964039, 48.378519316976153 ], [ 37.181019328223037, 48.360405533623549 ], [ 37.1638695, 48.3585962 ], [ 37.17542879725746, 48.344776216588023 ], [ 37.184566651584881, 48.345662938265413 ], [ 37.200644644686008, 48.343936287018927 ], [ 37.203570360516515, 48.33235819436203 ], [ 37.200762014298917, 48.332069201202131 ], [ 37.188832222156428, 48.326659888947681 ], [ 37.176407629701622, 48.328981154147613 ], [ 37.171995216477654, 48.329805517707364 ], [ 37.157846188732599, 48.324984427824532 ], [ 37.157413067804768, 48.324909246761763 ], [ 37.14575657483666, 48.325033558327796 ], [ 37.145328868437474, 48.32503395746668 ], [ 37.129345953500099, 48.340401031822346 ], [ 37.128370787705244, 48.346900093087214 ], [ 37.125166093488225, 48.348200783610423 ], [ 37.113174613139208, 48.35259007878323 ], [ 37.112317601057292, 48.353876081975336 ], [ 37.104922416156882, 48.354179206572205 ], [ 37.1046597834221, 48.353113669714396 ], [ 37.105401015634229, 48.351057791138402 ], [ 37.11233859023622, 48.347583331836688 ], [ 37.119749031867947, 48.340416881971834 ], [ 37.122069890681473, 48.333528614533108 ], [ 37.111324247491616, 48.329520135827046 ], [ 37.087339795941197, 48.337162917559112 ], [ 37.065985343962502, 48.343818151904038 ], [ 37.059013309786444, 48.345902659976318 ], [ 37.055974841921135, 48.345086636610567 ], [ 37.048207568219723, 48.341731243703435 ], [ 37.054400171650343, 48.331053889927844 ], [ 37.064445492066611, 48.324632554636516 ], [ 37.072108824602807, 48.320541965710213 ], [ 37.063408430152244, 48.318673315717845 ], [ 37.06276619174642, 48.317225009412304 ], [ 37.061475863908818, 48.313671088385568 ], [ 37.061105422915404, 48.305640763377184 ], [ 37.065912472867872, 48.304937402612317 ], [ 37.064204790415246, 48.296894916932665 ], [ 37.040699205679886, 48.297256540051116 ], [ 37.041192462644034, 48.289517150148185 ], [ 37.028032631305962, 48.282333365035413 ], [ 37.043843718826352, 48.276196089731314 ], [ 37.047039612906588, 48.268275660984131 ], [ 37.04706970256214, 48.268067688164003 ], [ 37.043540792997909, 48.263168801507192 ], [ 37.032413075073457, 48.262488149202724 ], [ 37.022168419598984, 48.263887848957012 ], [ 37.011838577059386, 48.263962702888477 ], [ 37.005762932957005, 48.265023133583966 ], [ 36.998511078743491, 48.278558271387276 ], [ 36.99825698837401, 48.279737764164139 ], [ 36.980130398809386, 48.285723771036103 ], [ 36.973267988141416, 48.289800671976558 ], [ 36.959344423732709, 48.289095713243867 ], [ 36.956647186679248, 48.273474905962274 ], [ 36.936201618223414, 48.273249894201811 ], [ 36.942995806311515, 48.264192068540211 ], [ 36.970952075867579, 48.255545744658505 ], [ 36.963738991462208, 48.242880287631245 ], [ 36.935247411360464, 48.24547527613322 ], [ 36.926056255768877, 48.246002339162949 ], [ 36.914222642944722, 48.245670800148929 ], [ 36.913763085165144, 48.242746362944906 ], [ 36.914886448626355, 48.238776001841757 ], [ 36.915422599369194, 48.236327317176674 ], [ 36.919759482888367, 48.234456890497427 ], [ 36.922021562617303, 48.224557152937798 ], [ 36.917064358377409, 48.213942160675714 ], [ 36.923022756952392, 48.195170959581489 ], [ 36.924957587485963, 48.191917171453404 ], [ 36.925196741156398, 48.190390258745346 ], [ 36.925062800702698, 48.188541411898861 ], [ 36.924749361247976, 48.186098403898683 ], [ 36.921947830106689, 48.182743999754386 ], [ 36.913363787527182, 48.179620066080041 ], [ 36.909512894728032, 48.175927499720707 ], [ 36.908357405231058, 48.175416195494762 ], [ 36.903512720079377, 48.173272421797186 ], [ 36.90257644901137, 48.172858121749499 ], [ 36.901802412772881, 48.173699141893245 ], [ 36.901502372040369, 48.173532452597406 ], [ 36.900913403195055, 48.173254637104336 ], [ 36.900580024603371, 48.173354650681844 ], [ 36.898957582123856, 48.172710118737918 ], [ 36.898235261841876, 48.172810132315426 ], [ 36.897535166799344, 48.172487866343467 ], [ 36.897768531813526, 48.172204494540551 ], [ 36.897235126066832, 48.171987798455959 ], [ 36.896907303785007, 48.171965573216511 ], [ 36.89667949508069, 48.171915566427749 ], [ 36.8957571476437, 48.171637750934678 ], [ 36.895531918320906, 48.171584064934564 ], [ 36.8860968, 48.1688318 ], [ 36.889357378176676, 48.160447971230639 ], [ 36.891659129828071, 48.154828774341965 ], [ 36.891605384203508, 48.154580245425407 ], [ 36.894152074028888, 48.14808665977862 ], [ 36.898770012606313, 48.133523679233377 ], [ 36.900742281410317, 48.127972826201457 ], [ 36.901488172178603, 48.124468451773588 ], [ 36.902069892773554, 48.121735388349606 ], [ 36.888879877902454, 48.112838838277405 ], [ 36.896488989834005, 48.098834275432488 ], [ 36.89706447975631, 48.097608992362126 ], [ 36.896001496121649, 48.097457985938554 ], [ 36.89427815444823, 48.097202216284202 ], [ 36.890974088652186, 48.096714958805599 ], [ 36.889431689842034, 48.095486745186705 ], [ 36.884679962684096, 48.095132893164305 ], [ 36.874586754997537, 48.094088187193407 ], [ 36.863044439028798, 48.092874980259481 ], [ 36.850840756780073, 48.092874980259481 ], [ 36.83513720713821, 48.096676972027495 ], [ 36.826543647467439, 48.103706633478026 ], [ 36.818166067410743, 48.116215862574371 ], [ 36.812744129029284, 48.124310165703911 ], [ 36.805669719809337, 48.131148880793113 ], [ 36.800047106069769, 48.13303393046003 ], [ 36.793000480871399, 48.135775208897222 ], [ 36.791832128506911, 48.136018871008993 ], [ 36.791634608534814, 48.13608265337114 ], [ 36.783291095931339, 48.137682350185891 ], [ 36.782229770823477, 48.136718850215516 ], [ 36.780753129415245, 48.135107233733798 ], [ 36.777157013850136, 48.132611636832365 ], [ 36.774763230681828, 48.131913010010713 ], [ 36.773503600788864, 48.133082665576673 ], [ 36.772444781458539, 48.133350707891488 ], [ 36.769962032683978, 48.132887724832521 ], [ 36.769962032683978, 48.131535303043449 ], [ 36.770966085497214, 48.130658037432227 ], [ 36.771850351201238, 48.128250007364493 ], [ 36.771895440633912, 48.127797093041394 ], [ 36.77168216190293, 48.127590026749665 ], [ 36.768635892486898, 48.128309777593387 ], [ 36.76431569193052, 48.129857809766285 ], [ 36.760501750098648, 48.131279957568005 ], [ 36.75326172492629, 48.13459522419668 ], [ 36.75157177007101, 48.13574033021883 ], [ 36.747850175498996, 48.135500227343215 ], [ 36.743029648534744, 48.13560180932906 ], [ 36.741644439636971, 48.134807622894336 ], [ 36.740545507244732, 48.133145372217001 ], [ 36.7401532, 48.1299954 ], [ 36.746904443843, 48.120453046219374 ], [ 36.746409558245304, 48.119007006733725 ], [ 36.746640426394933, 48.118443688448629 ], [ 36.746501905505156, 48.117492511672161 ], [ 36.746649661120919, 48.116901489209113 ], [ 36.747342265569806, 48.116476691813794 ], [ 36.74796593883957, 48.116320468329107 ], [ 36.746502804821326, 48.11493799102287 ], [ 36.739495936581754, 48.10885910055903 ], [ 36.727783572635907, 48.100560669130004 ], [ 36.722509708928776, 48.097677424286054 ], [ 36.706986370094469, 48.110100491268611 ], [ 36.701507984540982, 48.111351048816708 ], [ 36.68619659927608, 48.110045778681055 ], [ 36.678045164007365, 48.097119369682481 ], [ 36.676427000666422, 48.094497968058192 ], [ 36.671743155379936, 48.096525104814631 ], [ 36.659181000785381, 48.101610717853298 ], [ 36.648586224283534, 48.104782984056321 ], [ 36.635921106628878, 48.107635397701614 ], [ 36.6307501414326, 48.10673465259962 ], [ 36.621532333908789, 48.103707032529947 ], [ 36.617185725482933, 48.103006400823595 ], [ 36.616511251761686, 48.105233375682403 ], [ 36.606900001233797, 48.102080551421217 ], [ 36.601729036037518, 48.099728318481773 ], [ 36.596520600078932, 48.095974532366668 ], [ 36.577017068305999, 48.093434314952276 ], [ 36.568511205265743, 48.088779009557129 ], [ 36.56530745508978, 48.086288498434001 ], [ 36.565476073520102, 48.084536307788142 ], [ 36.567124787060941, 48.083597609674015 ], [ 36.574056878084953, 48.079567271113852 ], [ 36.583911688567717, 48.074222204707887 ], [ 36.601504902730873, 48.06519155400256 ], [ 36.622900016732416, 48.065483640435708 ], [ 36.625073320945361, 48.057369719593218 ], [ 36.625235031852505, 48.055922157739104 ], [ 36.621356297366525, 48.052908276212861 ], [ 36.61995053225673, 48.034243583791124 ], [ 36.61392740750086, 48.027285346820449 ], [ 36.61265191174882, 48.023668731470416 ], [ 36.621982285221314, 47.988553521227793 ], [ 36.624779755306484, 47.979386922217259 ], [ 36.619755867525093, 47.972320206805342 ], [ 36.608894983783713, 47.962791556093485 ], [ 36.597329010346698, 47.959307678405224 ], [ 36.584190733957001, 47.963949997637108 ], [ 36.570392017124092, 47.970650582716289 ], [ 36.570193243786818, 47.97032356851625 ], [ 36.569988058406402, 47.970182503567216 ], [ 36.569648220120087, 47.970176091524074 ], [ 36.569244261402396, 47.970278684214286 ], [ 36.568865950857258, 47.970156855394663 ], [ 36.56850046439839, 47.9698426652809 ], [ 36.568006737076772, 47.969457942692628 ], [ 36.567698959006144, 47.969380998174969 ], [ 36.567262940072766, 47.969400234304381 ], [ 36.566660208017794, 47.969060396018072 ], [ 36.565916411013788, 47.96884238655138 ], [ 36.565499628209821, 47.968912919025897 ], [ 36.564839187766616, 47.969009099672967 ], [ 36.564415992919507, 47.969207873010241 ], [ 36.56409539076261, 47.969483590865181 ], [ 36.564037682374369, 47.969631067857357 ], [ 36.564140275064581, 47.969861901410319 ], [ 36.564159511193992, 47.970220975826045 ], [ 36.563992798072405, 47.970522341853531 ], [ 36.563870969252783, 47.970919888528087 ], [ 36.563947913770441, 47.971067365520263 ], [ 36.564197983452821, 47.971202018426155 ], [ 36.564358284531266, 47.971323847245777 ], [ 36.564371108617543, 47.971689333704646 ], [ 36.564492937437166, 47.971952227473302 ], [ 36.564480113350889, 47.972215121241959 ], [ 36.564313400229302, 47.972612667916493 ], [ 36.564018446244972, 47.972920445987114 ], [ 36.563313121499789, 47.973459057610704 ], [ 36.562370551158509, 47.973991257191159 ], [ 36.561331800170159, 47.974408039995126 ], [ 36.560427702087708, 47.974677345806917 ], [ 36.559651844868014, 47.97479917462654 ], [ 36.559061936899319, 47.97479917462654 ], [ 36.558523325275729, 47.974972299791268 ], [ 36.558055246126663, 47.9752993139913 ], [ 36.557176796216766, 47.975453203026611 ], [ 36.556881842232421, 47.975722508838402 ], [ 36.556304758350002, 47.975857161744301 ], [ 36.55570202629503, 47.975908458089407 ], [ 36.554656863263546, 47.976107231426681 ], [ 36.55400924690661, 47.976145703685511 ], [ 36.553534755714402, 47.976299592720821 ], [ 36.552053573749532, 47.976870264560105 ], [ 36.551883654606371, 47.977062625854245 ], [ 36.55146393589672, 47.977409146299578 ], [ 36.550793607272922, 47.977892985440612 ], [ 36.550556361676811, 47.977944281785717 ], [ 36.550127055664419, 47.978202783691103 ], [ 36.549751082192586, 47.978258779740102 ], [ 36.549081591755083, 47.978643194487752 ], [ 36.548485271743246, 47.978893264170132 ], [ 36.547914599903969, 47.978938148472096 ], [ 36.547202863115665, 47.978986238795656 ], [ 36.546776462246989, 47.978797083523084 ], [ 36.546116021803769, 47.978765023307389 ], [ 36.545205511678184, 47.978482893409314 ], [ 36.544397594242795, 47.978059698562213 ], [ 36.543256250564234, 47.978239235770076 ], [ 36.542691990768091, 47.978149467166141 ], [ 36.542371388611194, 47.978136643079864 ], [ 36.541666063866018, 47.97803405038966 ], [ 36.54065296105022, 47.978021226303383 ], [ 36.539986108563873, 47.978162291252417 ], [ 36.539511617371659, 47.978021226303383 ], [ 36.538819116712759, 47.978046874475936 ], [ 36.538318977347998, 47.977828865009243 ], [ 36.538024023363654, 47.977521086938623 ], [ 36.537382819049853, 47.977315901558207 ], [ 36.537126337324338, 47.977123540264067 ], [ 36.536626197959578, 47.976969651228757 ], [ 36.535741336006538, 47.97645668777772 ], [ 36.534984714916256, 47.976533632295371 ], [ 36.53474105727701, 47.976892706711098 ], [ 36.534330686516192, 47.97698247531504 ], [ 36.533633427429351, 47.970594161265623 ], [ 36.530105, 47.965724 ], [ 36.529959738513803, 47.964900771307221 ], [ 36.530007243111847, 47.964116158125428 ], [ 36.530577298288399, 47.96285439031287 ], [ 36.530862325876676, 47.962207589821574 ], [ 36.531099848866909, 47.961528970764206 ], [ 36.5302328, 47.9613779 ], [ 36.529106487688615, 47.957632069416185 ], [ 36.528137547801698, 47.95465881194135 ], [ 36.526471309764759, 47.955127058176899 ], [ 36.522119345528886, 47.954425128461438 ], [ 36.519873170439404, 47.951810440271331 ], [ 36.519258981938378, 47.950546966783484 ], [ 36.519327165108301, 47.950352775970607 ], [ 36.521211254348337, 47.950485608909773 ], [ 36.521892997165452, 47.950576931357382 ], [ 36.522847437109412, 47.950568629323357 ], [ 36.52314492488415, 47.950560327288009 ], [ 36.523516784602585, 47.950651649603586 ], [ 36.524570387138127, 47.951091654862147 ], [ 36.525177758011566, 47.950145223819689 ], [ 36.525809919532882, 47.949622188702314 ], [ 36.526132197955519, 47.949323309115741 ], [ 36.527024661279761, 47.948816870314964 ], [ 36.52734693970239, 47.94832703134373 ], [ 36.527495683589763, 47.947911909937154 ], [ 36.527582450857395, 47.946367629032537 ], [ 36.527731232035954, 47.946111365795893 ], [ 36.529392148691215, 47.945774629665394 ], [ 36.52930143765996, 47.938111386724195 ], [ 36.529059541576608, 47.936855451790628 ], [ 36.530208547972514, 47.934208435252863 ], [ 36.529223431509159, 47.934067329093814 ], [ 36.527315873975787, 47.934120649219636 ], [ 36.524171296016547, 47.933980194348948 ], [ 36.515038383022457, 47.922292469510197 ], [ 36.513238503351658, 47.92179944431544 ], [ 36.509012403669004, 47.923646030572968 ], [ 36.507883555280046, 47.923639276427203 ], [ 36.504446615095787, 47.924456521660659 ], [ 36.501271729001829, 47.925476371568713 ], [ 36.496756335445966, 47.925057627681987 ], [ 36.494538954681929, 47.924827992498422 ], [ 36.494236377118852, 47.924842357644152 ], [ 36.481905682110494, 47.928546943202576 ], [ 36.4635922563237, 47.923525599546551 ], [ 36.460446640366818, 47.926199829478648 ], [ 36.456224004060523, 47.954130864755463 ], [ 36.451180772180201, 47.955283973169735 ], [ 36.439199585398654, 47.951896189321161 ], [ 36.436544624276415, 47.94652111074091 ], [ 36.432490555665154, 47.928673235319451 ], [ 36.423229148072124, 47.920257624849931 ], [ 36.424179352296584, 47.908848876199364 ], [ 36.427922418273234, 47.892427231002877 ], [ 36.397398349717399, 47.889257058659602 ], [ 36.396825026139183, 47.887738678530589 ], [ 36.380956503204978, 47.8847696304491 ], [ 36.367328052144025, 47.884759282346565 ], [ 36.362761158459755, 47.884496685959711 ], [ 36.349563695550202, 47.883804706747028 ], [ 36.319928978858698, 47.882920067724662 ], [ 36.318252375658204, 47.881729436466337 ], [ 36.31867072215649, 47.881269255318216 ], [ 36.311082998312543, 47.880631582536566 ], [ 36.3048995, 47.8756558 ], [ 36.280756677760088, 47.876259812717826 ], [ 36.275814700332063, 47.876591286883858 ], [ 36.274995557885354, 47.877138704750955 ], [ 36.274687843682372, 47.877396692703265 ], [ 36.274490714271082, 47.877525686197693 ], [ 36.273707004660345, 47.877668499474808 ], [ 36.272995415565951, 47.877538585529472 ], [ 36.272283826471543, 47.877467639164941 ], [ 36.271206826761087, 47.877615981452713 ], [ 36.270350996634036, 47.877944912836654 ], [ 36.26980288070996, 47.878318989127557 ], [ 36.269461510266026, 47.878847850999314 ], [ 36.26905282734019, 47.879286415286131 ], [ 36.268264282626212, 47.87956093364118 ], [ 36.2676344571858, 47.879602437250199 ], [ 36.266456488752489, 47.87946055007621 ], [ 36.265693150407344, 47.879243003871288 ], [ 36.265370021113974, 47.879064527180184 ], [ 36.264733266329976, 47.878484473687834 ], [ 36.264059982129091, 47.877606001214993 ], [ 36.263523587755287, 47.877306397066086 ], [ 36.263148561070395, 47.877267698887685 ], [ 36.262619677284007, 47.877370893965853 ], [ 36.26170615074389, 47.877803021123221 ], [ 36.260428934975181, 47.87839292318688 ], [ 36.246497759754618, 47.877349755141211 ], [ 36.235659046957664, 47.877426440099377 ], [ 36.235194738085518, 47.876756500068069 ], [ 36.233161, 47.8738391 ], [ 36.233062181442726, 47.867040160934224 ], [ 36.23512805427319, 47.859079440834158 ], [ 36.249415552986896, 47.852949799261772 ], [ 36.263287388853357, 47.853226082903021 ], [ 36.274985152336782, 47.850997393988486 ], [ 36.283691705528298, 47.838006123159332 ], [ 36.285608592649602, 47.827280683313866 ], [ 36.275390371037368, 47.815728020560059 ], [ 36.264705, 47.8099415 ], [ 36.225869255890487, 47.811023199812993 ], [ 36.217891427437877, 47.811461422492378 ], [ 36.215963172199736, 47.811299697859496 ], [ 36.212044459941588, 47.81165424801619 ], [ 36.210458314503768, 47.811635587481625 ], [ 36.20567312899697, 47.800862272386752 ], [ 36.201724253700334, 47.791683854784466 ], [ 36.187091161823069, 47.787163693898648 ], [ 36.184568214947681, 47.780684111042568 ], [ 36.1843439530032, 47.772395095254559 ], [ 36.187567718455085, 47.762503063309254 ], [ 36.178258807385689, 47.756594135765759 ], [ 36.175411092649419, 47.746651160520514 ], [ 36.176886088308287, 47.74552042941999 ], [ 36.181724072692631, 47.739034481049544 ], [ 36.181733330829012, 47.739031262790469 ], [ 36.181710806387102, 47.738726765705358 ], [ 36.181440118589421, 47.736022757074558 ], [ 36.185263722351273, 47.733068443928445 ], [ 36.183333574230168, 47.732523798171499 ], [ 36.182827149228096, 47.731912266093524 ], [ 36.183094694512214, 47.730225775284737 ], [ 36.18347212446659, 47.728964490373912 ], [ 36.18391166314764, 47.728644391551846 ], [ 36.185521712446686, 47.726972233526119 ], [ 36.186142799713394, 47.726016714654278 ], [ 36.18641990018623, 47.725433848142451 ], [ 36.187155649717546, 47.72389546275879 ], [ 36.188359603496068, 47.722127752845886 ], [ 36.188703590289926, 47.72044603963144 ], [ 36.186133244524676, 47.719012761323683 ], [ 36.185817923296966, 47.716695628059469 ], [ 36.185703261032344, 47.712462679457211 ], [ 36.185703261032323, 47.712462679457211 ], [ 36.185703261032337, 47.712462679457204 ], [ 36.188172048132664, 47.708495177097859 ], [ 36.180832028520427, 47.70636404111896 ], [ 36.176297078042104, 47.704243563883665 ], [ 36.17164502790353, 47.703219113234901 ], [ 36.167328184619208, 47.700713210779853 ], [ 36.167328184619201, 47.700713210779845 ], [ 36.167328184619208, 47.700713210779845 ], [ 36.169312283459092, 47.698741749512195 ], [ 36.171435395593491, 47.696896663966818 ], [ 36.176029046683432, 47.693401294133672 ], [ 36.17867701777957, 47.691102107428492 ], [ 36.178359006582035, 47.685674268801527 ], [ 36.178114374752568, 47.684138858770375 ], [ 36.176940661722305, 47.681675955213635 ], [ 36.176741050500681, 47.675518471595083 ], [ 36.177499353955874, 47.671651994273276 ], [ 36.174764432794596, 47.666408960039163 ], [ 36.168961547583315, 47.659478571224639 ], [ 36.165206717814861, 47.658310712151675 ], [ 36.149534350455092, 47.657743733872643 ], [ 36.146055057341044, 47.65594304708555 ], [ 36.14329995694969, 47.650708678132858 ], [ 36.12611094779168, 47.637776479231398 ], [ 36.132398095791139, 47.637821982341272 ], [ 36.134376967549514, 47.631666138991768 ], [ 36.125696264526219, 47.628997298238588 ], [ 36.125786112567063, 47.628792355443316 ], [ 36.140403697673953, 47.633268309506406 ], [ 36.154577929138732, 47.624788685943471 ], [ 36.152924594130646, 47.619747054550039 ], [ 36.153050402283498, 47.612100297759198 ], [ 36.167008117907585, 47.591081270024958 ], [ 36.170013534892213, 47.587541136634748 ], [ 36.171802806399349, 47.579936818300617 ], [ 36.154992718179408, 47.57816863928894 ], [ 36.144495942391451, 47.580241546881709 ], [ 36.141002729650047, 47.577914804406724 ], [ 36.128526641272337, 47.568905747321793 ], [ 36.103650736910119, 47.566280275059945 ], [ 36.080425037223804, 47.568730463181183 ], [ 36.075380495552409, 47.562237649621821 ], [ 36.074109730058034, 47.551416460227074 ], [ 36.074664245910121, 47.55090964946077 ], [ 36.075334285898066, 47.550418428194668 ], [ 36.076200716916972, 47.55010653928683 ], [ 36.076963176213589, 47.550051958537146 ], [ 36.077182672071721, 47.549825837682874 ], [ 36.073786262477654, 47.54156785957052 ], [ 36.071560497460197, 47.536332194314852 ], [ 36.071883965040577, 47.536191806817939 ], [ 36.071822352168134, 47.536041019828509 ], [ 36.071452674933404, 47.536035820269419 ], [ 36.060385462718692, 47.538261184447606 ], [ 36.060146712837934, 47.538385968427392 ], [ 36.059923366175283, 47.538588741761139 ], [ 36.057731237032691, 47.53882809065 ], [ 36.046087059395795, 47.534956818374056 ], [ 36.037685361951347, 47.532897055635665 ], [ 36.036439482862626, 47.532961761455141 ], [ 36.029363528551066, 47.53040582087818 ], [ 36.026232858020428, 47.53041660569928 ], [ 36.023134133107462, 47.528259597347656 ], [ 36.023277888386922, 47.527731116772031 ], [ 36.023134133107462, 47.527181059905338 ], [ 36.02174449873926, 47.527191845389545 ], [ 36.019736632890371, 47.525764838399603 ], [ 36.007692884768304, 47.530265728429157 ], [ 36.003143464880949, 47.530991344475602 ], [ 35.999368782904384, 47.531044311683445 ], [ 35.981254825982781, 47.529543261568122 ], [ 35.978545845766902, 47.528521280812242 ], [ 35.977988795233223, 47.52827514879808 ], [ 35.956655020377518, 47.527029514990026 ], [ 35.95139008469441, 47.529063917199707 ], [ 35.940979672338862, 47.537283045960621 ], [ 35.933277893726434, 47.53802469871588 ], [ 35.927378901811444, 47.536997794900891 ], [ 35.920583772482537, 47.53244744749562 ], [ 35.912106, 47.5273193 ], [ 35.9032024, 47.5289574 ], [ 35.902025787623565, 47.526580426199921 ], [ 35.912232653960508, 47.524243745446398 ], [ 35.927603787787483, 47.521482234926587 ], [ 35.932687824307692, 47.516980833445103 ], [ 35.932738834707564, 47.515281224291414 ], [ 35.931934500837905, 47.508843883174393 ], [ 35.926437323874623, 47.500909067033021 ], [ 35.916712, 47.495457 ], [ 35.916699803142656, 47.494679396021638 ], [ 35.901453359342767, 47.482051133252661 ], [ 35.891939014598641, 47.47785956170533 ], [ 35.886766277723574, 47.477846640584694 ], [ 35.870042746878802, 47.478775056197215 ], [ 35.867279450951244, 47.478947782873291 ], [ 35.839104, 47.480344 ], [ 35.831739951305025, 47.483891843210763 ], [ 35.8264689243912, 47.486029087690106 ], [ 35.823625764419504, 47.485856384294991 ], [ 35.812380907003352, 47.486935771198524 ], [ 35.81025652342899, 47.484140113447474 ], [ 35.805784136956653, 47.482574911901516 ], [ 35.799746415219012, 47.480388948942078 ], [ 35.799594673535125, 47.480723596081496 ], [ 35.799299176571765, 47.483605791265852 ], [ 35.798005379056555, 47.489456053256035 ], [ 35.797542167600497, 47.491388007721405 ], [ 35.789066, 47.491322 ], [ 35.776928, 47.490931 ], [ 35.767002407591477, 47.491297687208338 ], [ 35.753749556490661, 47.491804163801199 ], [ 35.746174220422198, 47.492515378005351 ], [ 35.741453589945849, 47.492224427904183 ], [ 35.740066107339629, 47.493711489263838 ], [ 35.738981638176135, 47.500672100627483 ], [ 35.737067869064106, 47.503268624883027 ], [ 35.724915435202718, 47.513486478228145 ], [ 35.716112097287372, 47.516437812523939 ], [ 35.715298745414756, 47.516793253994813 ], [ 35.706862213245891, 47.519367440054538 ], [ 35.68979777199695, 47.522824620936191 ], [ 35.674118, 47.519805 ], [ 35.657774035522316, 47.51432665598697 ], [ 35.650326284061336, 47.512161555200208 ], [ 35.63975197571591, 47.514958421566377 ], [ 35.629857333480089, 47.516503288592851 ], [ 35.622596641541719, 47.514267898111676 ], [ 35.614352551199957, 47.512978992962374 ], [ 35.613481787222916, 47.514185970997097 ], [ 35.612701999305912, 47.515251013509705 ], [ 35.608907236607919, 47.520689948066348 ], [ 35.608907236607919, 47.524486194923078 ], [ 35.601629010884388, 47.53553243551351 ], [ 35.595460022029833, 47.541472327660614 ], [ 35.58778344320239, 47.547531435569887 ], [ 35.585184150145693, 47.549660145058212 ], [ 35.582151641579557, 47.551297555064245 ], [ 35.576346553752941, 47.55178876809039 ], [ 35.57327938794603, 47.552537274324528 ], [ 35.561461268848269, 47.553519672532772 ], [ 35.561114696440711, 47.553344245632012 ], [ 35.56079411696372, 47.55340856889714 ], [ 35.556730555485082, 47.555168656694796 ], [ 35.550752181454683, 47.555355772186758 ], [ 35.544461892257488, 47.555531192353627 ], [ 35.535728267586983, 47.552116240883308 ], [ 35.532609115918952, 47.551110425081326 ], [ 35.526897429154957, 47.551007350056615 ], [ 35.511248535055273, 47.551501883717435 ], [ 35.506056084977992, 47.554481542943186 ], [ 35.505836534470973, 47.557614232672947 ], [ 35.504343978896443, 47.563179617284405 ], [ 35.503815308255071, 47.566275963670499 ], [ 35.503717303735435, 47.569482783296117 ], [ 35.504521882689048, 47.574619125141602 ], [ 35.505197198454688, 47.578039175539175 ], [ 35.507272551098872, 47.582672194583182 ], [ 35.5067851, 47.5860809 ], [ 35.500004354097229, 47.585787136155332 ], [ 35.477372535019086, 47.584509211407791 ], [ 35.446614181508181, 47.566548332340687 ], [ 35.446122505239316, 47.566492836736046 ], [ 35.424260191248763, 47.566176805953674 ], [ 35.423789296258157, 47.566280222405311 ], [ 35.4086302, 47.5777697 ], [ 35.4313682, 47.5908487 ], [ 35.447183649170711, 47.604107467564106 ], [ 35.446897940915825, 47.605793028444296 ], [ 35.437863656887401, 47.605284862198602 ], [ 35.432826809362503, 47.604990387179953 ], [ 35.428898320857755, 47.606290659843069 ], [ 35.416350966663849, 47.606370922528527 ], [ 35.411279645139551, 47.605423814992342 ], [ 35.405438489009583, 47.60313364733819 ], [ 35.397424215075588, 47.594779038936423 ], [ 35.395275816104302, 47.592605820434393 ], [ 35.384075193812052, 47.588876906179863 ], [ 35.382412191423256, 47.588837246752888 ], [ 35.381462388318219, 47.590111873298156 ], [ 35.378130984703695, 47.59380858348095 ], [ 35.3763788, 47.5957528 ], [ 35.360108181101232, 47.602704022574819 ], [ 35.359901971487986, 47.608457590024145 ], [ 35.357506639027029, 47.610497746327582 ], [ 35.361430614720021, 47.617384861548878 ], [ 35.361655027697751, 47.623597446147095 ], [ 35.363498420014871, 47.631742916602711 ], [ 35.355066903851394, 47.632218209896578 ], [ 35.350867175268064, 47.63191575102789 ], [ 35.337938336109353, 47.617681913519533 ], [ 35.315298337811463, 47.627028046645705 ], [ 35.293727364567275, 47.629646718306319 ], [ 35.281041918050164, 47.630095987022813 ], [ 35.279048172140243, 47.621877810335853 ], [ 35.2797956, 47.6085017 ], [ 35.288629289375955, 47.596109696155835 ], [ 35.295273762845817, 47.596954194226029 ], [ 35.29721589979836, 47.596997108243933 ], [ 35.298310651159362, 47.596698539690934 ], [ 35.300986710041812, 47.59073269767822 ], [ 35.302971638014533, 47.590362251510598 ], [ 35.3041126, 47.5892719 ], [ 35.307593921538768, 47.581537892055259 ], [ 35.3222993, 47.5799417 ], [ 35.327261653163028, 47.579019980841821 ], [ 35.329674, 47.5785719 ], [ 35.3327835, 47.580389 ], [ 35.331196489946066, 47.58493832836966 ], [ 35.33324452563334, 47.586117034481269 ], [ 35.335418686916071, 47.587751408829682 ], [ 35.338302722919899, 47.588950959127601 ], [ 35.340794917934971, 47.58945142616335 ], [ 35.342115571706515, 47.589433564750749 ], [ 35.3482804, 47.5899744 ], [ 35.3510423, 47.5889502 ], [ 35.3534724, 47.58514 ], [ 35.3552158, 47.5799691 ], [ 35.36113801927614, 47.578553709406101 ], [ 35.362494560538209, 47.580136746824294 ], [ 35.3658037, 47.581767 ], [ 35.366390700186329, 47.585881865993358 ], [ 35.370084732573972, 47.586177320342649 ], [ 35.375179682917775, 47.585996791265238 ], [ 35.376530043698203, 47.575714724852027 ], [ 35.37706883736292, 47.56858220224467 ], [ 35.391649975531671, 47.566456956056498 ], [ 35.402343693344839, 47.566861242694308 ], [ 35.402801401111169, 47.56068991667658 ], [ 35.403023858038608, 47.558208184699446 ], [ 35.400357085194372, 47.557861301193554 ], [ 35.399144081767908, 47.55698423349012 ], [ 35.397757, 47.546647 ], [ 35.397281255077282, 47.540173856276013 ], [ 35.399222060559623, 47.53910931970956 ], [ 35.402618470153691, 47.537541721021782 ], [ 35.403138328765031, 47.537424734165754 ], [ 35.404784547700942, 47.537459830249965 ], [ 35.406188165951562, 47.536640915497436 ], [ 35.407765070405951, 47.53610276455327 ], [ 35.40887410211014, 47.535529510733149 ], [ 35.409636561406771, 47.535424218533919 ], [ 35.409861833471673, 47.536559023318759 ], [ 35.412842356176697, 47.536442034270173 ], [ 35.414505903732973, 47.536137861522334 ], [ 35.418959359170117, 47.535412519387627 ], [ 35.419999076392791, 47.535693298178401 ], [ 35.423932673218587, 47.536032570544656 ], [ 35.430569534823341, 47.53807985719758 ], [ 35.434139230621192, 47.538746670448944 ], [ 35.440256233614619, 47.539904799624551 ], [ 35.441763823587493, 47.539822912543507 ], [ 35.449423073794556, 47.542361352583427 ], [ 35.449847785270336, 47.542248589814548 ], [ 35.450012246887404, 47.540583287661576 ], [ 35.450289504813455, 47.539881403328742 ], [ 35.450428133776477, 47.537705502181716 ], [ 35.4511212785916, 47.533224733147577 ], [ 35.456562465390277, 47.533599120153937 ], [ 35.457030338140477, 47.533798012163906 ], [ 35.465452047644163, 47.534230892166271 ], [ 35.470286732729619, 47.534570173994481 ], [ 35.474982788852046, 47.534839258021464 ], [ 35.480683904956393, 47.535260430248215 ], [ 35.497210214408298, 47.536097469437429 ], [ 35.520643703547961, 47.537284349594003 ], [ 35.531422105423069, 47.530779452275397 ], [ 35.549235927171601, 47.532569549454919 ], [ 35.565750102391796, 47.534464879868949 ], [ 35.578365338026948, 47.532709946649611 ], [ 35.579370398008869, 47.524917333883408 ], [ 35.592800078801773, 47.516854388392055 ], [ 35.596778950293441, 47.513161963473195 ], [ 35.603041293445145, 47.507350458388849 ], [ 35.610665886411446, 47.506179904625412 ], [ 35.618983624192865, 47.507022705966399 ], [ 35.622812325845459, 47.507165215247618 ], [ 35.627474648178065, 47.507338752980438 ], [ 35.634562053912646, 47.510042632979612 ], [ 35.639240781414692, 47.508860434186552 ], [ 35.639206124173953, 47.506589601411982 ], [ 35.633420142781688, 47.504721720847037 ], [ 35.630975029494422, 47.503932368224078 ], [ 35.631027015355549, 47.500490641613965 ], [ 35.639881940368689, 47.500525762412721 ], [ 35.650250311813451, 47.500844917161871 ], [ 35.661402755121372, 47.501528703385738 ], [ 35.670830787027057, 47.50236443000923 ], [ 35.681889512323984, 47.507416493996537 ], [ 35.696678214458352, 47.507922939761308 ], [ 35.701570294632077, 47.50665681618699 ], [ 35.710829634117985, 47.505605910425629 ], [ 35.714315944126845, 47.501275450267173 ], [ 35.721644692586338, 47.493803933664033 ], [ 35.732131738016221, 47.490675711844801 ], [ 35.738729485989985, 47.490302085851198 ], [ 35.743640309765908, 47.490042445883532 ], [ 35.743921463798877, 47.48980180281616 ], [ 35.744905502914271, 47.489782804632299 ], [ 35.74581456762089, 47.489630818914044 ], [ 35.752993367262803, 47.483424359767938 ], [ 35.764014605355328, 47.486198357654601 ], [ 35.784117118712878, 47.484634043524892 ], [ 35.799393154504394, 47.473093412580603 ], [ 35.810867470705546, 47.470812238893565 ], [ 35.818145168462671, 47.469648518429956 ], [ 35.823577967156815, 47.470027364836497 ], [ 35.841957237763815, 47.471031566500052 ], [ 35.851192459236003, 47.470346391271285 ], [ 35.85845406775713, 47.469715587131489 ], [ 35.860127348302605, 47.469385680801793 ], [ 35.870161668496856, 47.468493835742706 ], [ 35.875707091843104, 47.468167547183945 ], [ 35.886147254911016, 47.467254925383713 ], [ 35.917651237617108, 47.47243701380318 ], [ 35.924745884809042, 47.494115911621336 ], [ 35.932181169035019, 47.493354007605909 ], [ 35.932087200198033, 47.493584167275849 ], [ 35.932591, 47.493496 ], [ 35.941260907908145, 47.512287220148139 ], [ 35.951010174744731, 47.514500674620578 ], [ 35.968109700373532, 47.517350217485053 ], [ 35.970669919603573, 47.516798170213576 ], [ 35.970909940156396, 47.51751023118694 ], [ 35.990472304193226, 47.517330707557967 ], [ 35.992224497836844, 47.523321846197028 ], [ 35.994587967691722, 47.525918951220589 ], [ 35.997808243441995, 47.525742936148525 ], [ 35.9987761, 47.5257009 ], [ 36.020703729907197, 47.515783130565566 ], [ 36.030393774720565, 47.523055449535491 ], [ 36.030345856294076, 47.524220360631922 ], [ 36.030936850220776, 47.525600962507859 ], [ 36.031975082794709, 47.526420677679383 ], [ 36.035664801634383, 47.526248107128865 ], [ 36.03786904925289, 47.52652853398515 ], [ 36.039067009915115, 47.526280464150339 ], [ 36.049784764639881, 47.525751963633553 ], [ 36.055487057392099, 47.526226535770135 ], [ 36.066963520536277, 47.526264285642092 ], [ 36.07613268603756, 47.53292292500997 ], [ 36.076690961113584, 47.534536245121231 ], [ 36.079981359732514, 47.542278565954064 ], [ 36.082920356557189, 47.549297425734338 ], [ 36.083511350483896, 47.549631633709751 ], [ 36.083846779469326, 47.5516583977153 ], [ 36.083766915425166, 47.551949469087987 ], [ 36.083399540822093, 47.552251319174324 ], [ 36.083000220601342, 47.555765588648313 ], [ 36.087248987750058, 47.556002739449042 ], [ 36.086630388705991, 47.562975628597627 ], [ 36.104464724410953, 47.564036214778696 ], [ 36.129429678651391, 47.565795676175682 ], [ 36.151014465006291, 47.570715337886291 ], [ 36.150315982519643, 47.575577458170706 ], [ 36.1506945305198, 47.575461378850257 ], [ 36.15482259297427, 47.574907173394614 ], [ 36.157471946489821, 47.574727055358586 ], [ 36.161415170326912, 47.574214408326576 ], [ 36.167555919948228, 47.573563200805985 ], [ 36.174086884428426, 47.573036686677234 ], [ 36.175545055743193, 47.573105965154518 ], [ 36.177249678547774, 47.573466211758983 ], [ 36.180124945928995, 47.573757178361092 ], [ 36.181767955861112, 47.573854166869189 ], [ 36.183965481645323, 47.57370175627581 ], [ 36.187539028247699, 47.573258377481935 ], [ 36.19776676507518, 47.572066778372047 ], [ 36.19932028810684, 47.576117686210075 ], [ 36.199831500033703, 47.583068642409422 ], [ 36.198229193994322, 47.593727792585589 ], [ 36.206044710301995, 47.602075194212432 ], [ 36.20575122022484, 47.606701114642654 ], [ 36.198393056527735, 47.61391581386922 ], [ 36.22024761211361, 47.619800827752371 ], [ 36.223043161089102, 47.626072129496563 ], [ 36.217410380066831, 47.634949604231267 ], [ 36.218917062597953, 47.636453874711101 ], [ 36.2299545488465, 47.637362004656154 ], [ 36.239519909502732, 47.638908117788787 ], [ 36.239229631216922, 47.646395873731628 ], [ 36.238372619135006, 47.649580638585512 ], [ 36.229042245662519, 47.655809924158078 ], [ 36.226429741090229, 47.655325761180706 ], [ 36.221696758401535, 47.658158004726154 ], [ 36.220707112027092, 47.659804097428385 ], [ 36.233410242725185, 47.663062520621132 ], [ 36.239022289584192, 47.663909677338559 ], [ 36.2393974, 47.6658125 ], [ 36.2457947, 47.6653951 ], [ 36.2405878, 47.6733101 ], [ 36.230255534054962, 47.673543944109127 ], [ 36.223901397944445, 47.676731390891106 ], [ 36.216150889402698, 47.683755755896463 ], [ 36.216606055422574, 47.684578846469464 ], [ 36.220426479759013, 47.685410313482265 ], [ 36.222173867189397, 47.686201665274403 ], [ 36.222920478182395, 47.687570461652037 ], [ 36.224048337342005, 47.687869881071371 ], [ 36.226983518166641, 47.688930359427239 ], [ 36.226764511622406, 47.690405869651009 ], [ 36.226105172734528, 47.691276694597263 ], [ 36.224201798209144, 47.692110198474396 ], [ 36.223480257539386, 47.692645133798521 ], [ 36.222970202928011, 47.69336667446828 ], [ 36.220979745907997, 47.694685352244036 ], [ 36.214532747775493, 47.700592388285564 ], [ 36.216030392438917, 47.703109497169976 ], [ 36.2198122, 47.7063386 ], [ 36.222288081159618, 47.708680980066624 ], [ 36.222376339236824, 47.712703936212655 ], [ 36.223360153382039, 47.713039158026284 ], [ 36.243561472419088, 47.744305786846262 ], [ 36.246241068232216, 47.745688597714 ], [ 36.257175027834101, 47.748533455154643 ], [ 36.250005824110445, 47.786703426582719 ], [ 36.250338986953196, 47.786656906925003 ], [ 36.265192772465035, 47.786059769819005 ], [ 36.272410445783017, 47.784498995972328 ], [ 36.275521031412453, 47.785738607586175 ], [ 36.281831811665356, 47.78686697297092 ], [ 36.29425117071618, 47.787179356577241 ], [ 36.303637129436261, 47.800102348888778 ], [ 36.32444661667266, 47.8095523833043 ], [ 36.330154603663992, 47.810915957974458 ], [ 36.335167756575402, 47.817231349522565 ], [ 36.356633375051771, 47.822615382314275 ], [ 36.378362778161012, 47.82314903709085 ], [ 36.405151317108661, 47.820271876832358 ], [ 36.421655711073313, 47.818007161124072 ], [ 36.440150084730561, 47.825597854589418 ], [ 36.448310020601795, 47.824165096465187 ], [ 36.460262195712538, 47.820888773825203 ], [ 36.467887065672372, 47.832558043239409 ], [ 36.477994402043286, 47.836196007175644 ], [ 36.488625012226834, 47.837580260430791 ], [ 36.496375608854301, 47.849250412796998 ] ] ] ] } }
]
}
