{
"type": "FeatureCollection",
"name": "newditches230526",
"crs": { "type": "name", "properties": { "name": "urn:ogc:def:crs:OGC:1.3:CRS84" } },
"features": [
{ "type": "Feature", "properties": { "id": null }, "geometry": { "type": "MultiLineString", "coordinates": [ [ [ 35.820404839351774, 47.692850635552169 ], [ 35.821253343509674, 47.69304296316129 ] ] ] } },
{ "type": "Feature", "properties": { "id": null }, "geometry": { "type": "MultiLineString", "coordinates": [ [ [ 35.825722132074645, 47.695396148025885 ], [ 35.826990273767038, 47.697013408283112 ] ] ] } },
{ "type": "Feature", "properties": { "id": null }, "geometry": { "type": "MultiLineString", "coordinates": [ [ [ 35.830428501803816, 47.700690813971207 ], [ 35.831867447778194, 47.702353777591419 ] ] ] } },
{ "type": "Feature", "properties": { "id": null }, "geometry": { "type": "MultiLineString", "coordinates": [ [ [ 35.834946334165124, 47.70559614467146 ], [ 35.835654750501945, 47.706331807790463 ], [ 35.835709244066315, 47.706985730562913 ] ] ] } },
{ "type": "Feature", "properties": { "id": null }, "geometry": { "type": "MultiLineString", "coordinates": [ [ [ 35.884789334853537, 47.772344161759065 ], [ 35.885925063633692, 47.772378007807461 ] ] ] } },
{ "type": "Feature", "properties": { "id": null }, "geometry": { "type": "MultiLineString", "coordinates": [ [ [ 35.876926529656956, 47.768260028412342 ], [ 35.877369574027526, 47.769217381073979 ] ] ] } },
{ "type": "Feature", "properties": { "id": null }, "geometry": { "type": "MultiLineString", "coordinates": [ [ [ 35.865884662215436, 47.785003843795018 ], [ 35.866116652985035, 47.783576435285596 ] ] ] } },
{ "type": "Feature", "properties": { "id": null }, "geometry": { "type": "MultiLineString", "coordinates": [ [ [ 35.86810566808456, 47.792063807936302 ], [ 35.870312657441559, 47.796545903605775 ] ] ] } },
{ "type": "Feature", "properties": { "id": null }, "geometry": { "type": "MultiLineString", "coordinates": [ [ [ 35.875478415894143, 47.80967834470686 ], [ 35.875435052492392, 47.80689968083616 ] ] ] } },
{ "type": "Feature", "properties": { "id": null }, "geometry": { "type": "MultiLineString", "coordinates": [ [ [ 35.83748805639766, 47.941445383735093 ], [ 35.838406675502654, 47.94194835673725 ] ] ] } },
{ "type": "Feature", "properties": { "id": null }, "geometry": { "type": "MultiLineString", "coordinates": [ [ [ 35.837386235898713, 47.941773472009466 ], [ 35.838161454462991, 47.94226169473238 ] ] ] } },
{ "type": "Feature", "properties": { "id": null }, "geometry": { "type": "MultiLineString", "coordinates": [ [ [ 35.833620705400605, 47.938894591575867 ], [ 35.834728359907658, 47.940599641019084 ], [ 35.837480284908366, 47.941587336873297 ], [ 35.83829768837392, 47.942070967257088 ] ] ] } },
{ "type": "Feature", "properties": { "id": null }, "geometry": { "type": "MultiLineString", "coordinates": [ [ [ 35.83648116479695, 47.959659939658103 ], [ 35.83768463577475, 47.961593286692811 ] ] ] } },
{ "type": "Feature", "properties": { "id": null }, "geometry": { "type": "MultiLineString", "coordinates": [ [ [ 35.836243583632744, 47.959693879824421 ], [ 35.837453038126178, 47.961620533474992 ] ] ] } },
{ "type": "Feature", "properties": { "id": null }, "geometry": { "type": "MultiLineString", "coordinates": [ [ [ 35.835677914194136, 47.959433671882664 ], [ 35.836853608918098, 47.961293572088771 ] ] ] } },
{ "type": "Feature", "properties": { "id": null }, "geometry": { "type": "MultiLineString", "coordinates": [ [ [ 35.847638994473385, 47.98718824288774 ], [ 35.849387128723293, 47.988662964793839 ], [ 35.850585987139446, 47.98908528991771 ] ] ] } },
{ "type": "Feature", "properties": { "id": null }, "geometry": { "type": "MultiLineString", "coordinates": [ [ [ 35.842493692830431, 47.982164607242645 ], [ 35.842548186394801, 47.982723166277438 ], [ 35.849346258550007, 47.988880939051299 ], [ 35.850551882170528, 47.989280992439916 ] ] ] } },
{ "type": "Feature", "properties": { "id": null }, "geometry": { "type": "MultiLineString", "coordinates": [ [ [ 35.873060179044188, 47.994977511057336 ], [ 35.868841331203548, 47.993867100191203 ] ] ] } },
{ "type": "Feature", "properties": { "id": null }, "geometry": { "type": "MultiLineString", "coordinates": [ [ [ 35.872969671934008, 47.995124585111398 ], [ 35.868664227119339, 47.994003334102125 ] ] ] } },
{ "type": "Feature", "properties": { "id": null }, "geometry": { "type": "MultiLineString", "coordinates": [ [ [ 35.871457022293328, 47.995052335216258 ], [ 35.876069540457557, 47.99623329721102 ] ] ] } },
{ "type": "Feature", "properties": { "id": null }, "geometry": { "type": "MultiLineString", "coordinates": [ [ [ 36.166437562507411, 48.097680454329968 ], [ 36.170299729300986, 48.096737326331528 ] ] ] } },
{ "type": "Feature", "properties": { "id": null }, "geometry": { "type": "MultiLineString", "coordinates": [ [ [ 36.183042788877579, 48.091970021347251 ], [ 36.188187241805601, 48.090538683384388 ] ] ] } },
{ "type": "Feature", "properties": { "id": null }, "geometry": { "type": "MultiLineString", "coordinates": [ [ [ 36.246578780221412, 48.08891540637881 ], [ 36.2433619757307, 48.088576915067044 ] ] ] } },
{ "type": "Feature", "properties": { "id": null }, "geometry": { "type": "MultiLineString", "coordinates": [ [ [ 36.254452898806761, 48.089933611368295 ], [ 36.252557764718219, 48.089871137220854 ] ] ] } },
{ "type": "Feature", "properties": { "id": null }, "geometry": { "type": "MultiLineString", "coordinates": [ [ [ 36.277924518932672, 48.109720418042798 ], [ 36.279899910641099, 48.112424661174678 ], [ 36.283639531496021, 48.117540244529955 ], [ 36.284608736578662, 48.118731842487556 ] ] ] } },
{ "type": "Feature", "properties": { "id": null }, "geometry": { "type": "MultiLineString", "coordinates": [ [ [ 36.303997056586766, 48.145926400748351 ], [ 36.303727221662079, 48.146394586864105 ] ] ] } },
{ "type": "Feature", "properties": { "id": null }, "geometry": { "type": "MultiLineString", "coordinates": [ ] } },
{ "type": "Feature", "properties": { "id": null }, "geometry": { "type": "MultiLineString", "coordinates": [ [ [ 36.304879500910999, 48.143211187443072 ], [ 36.3044356379989, 48.143996870031799 ] ] ] } },
{ "type": "Feature", "properties": { "id": null }, "geometry": { "type": "MultiLineString", "coordinates": [ [ [ 36.290430791955671, 48.133322943110741 ], [ 36.292767203528051, 48.134746587479924 ] ] ] } },
{ "type": "Feature", "properties": { "id": null }, "geometry": { "type": "MultiLineString", "coordinates": [ [ [ 36.293754899382265, 48.135311958210266 ], [ 36.294395198763617, 48.135720659943047 ] ] ] } },
{ "type": "Feature", "properties": { "id": null }, "geometry": { "type": "MultiLineString", "coordinates": [ [ [ 36.290005223022931, 48.174410685329192 ], [ 36.29187487141148, 48.177251567688863 ] ] ] } },
{ "type": "Feature", "properties": { "id": null }, "geometry": { "type": "MultiLineString", "coordinates": [ [ [ 36.299186038011449, 48.184176968186662 ], [ 36.298632073393421, 48.184063263235174 ], [ 36.298250618442829, 48.183818042195504 ] ] ] } },
{ "type": "Feature", "properties": { "id": null }, "geometry": { "type": "MultiLineString", "coordinates": [ [ [ 36.30651711393574, 48.185619425255098 ], [ 36.30814120037607, 48.187469111008312 ] ] ] } },
{ "type": "Feature", "properties": { "id": null }, "geometry": { "type": "MultiLineString", "coordinates": [ [ [ 36.314832454683184, 48.197515453548917 ], [ 36.313181855080337, 48.196133587743219 ] ] ] } },
{ "type": "Feature", "properties": { "id": null }, "geometry": { "type": "MultiLineString", "coordinates": [ [ [ 36.317233721450059, 48.199653684026835 ], [ 36.321594299080026, 48.202052951172959 ], [ 36.322322230581221, 48.202124764050268 ] ] ] } },
{ "type": "Feature", "properties": { "id": null }, "geometry": { "type": "MultiLineString", "coordinates": [ [ [ 36.322346427450718, 48.201955385963728 ], [ 36.321628586988751, 48.201915057847899 ] ] ] } },
{ "type": "Feature", "properties": { "id": null }, "geometry": { "type": "MultiLineString", "coordinates": [ [ [ 36.322159735587491, 48.202452034090491 ], [ 36.321800288867529, 48.202354886328337 ] ] ] } },
{ "type": "Feature", "properties": { "id": null }, "geometry": { "type": "MultiLineString", "coordinates": [ [ [ 36.319312556636923, 48.201087656053687 ], [ 36.317384671232411, 48.199968572335791 ] ] ] } },
{ "type": "Feature", "properties": { "id": null }, "geometry": { "type": "MultiLineString", "coordinates": [ [ [ 36.358486442158828, 48.272554000077257 ], [ 36.36198765366963, 48.273316909978448 ], [ 36.365243874556718, 48.274890416036477 ] ] ] } },
{ "type": "Feature", "properties": { "id": null }, "geometry": { "type": "MultiLineString", "coordinates": [ [ [ 36.365392519007145, 48.274640067488399 ], [ 36.362226063013765, 48.273078500634327 ], [ 36.35780527260421, 48.272213415299944 ] ] ] } },
{ "type": "Feature", "properties": { "id": null }, "geometry": { "type": "MultiLineString", "coordinates": [ [ [ 36.369276723975055, 48.283846509094715 ], [ 36.368322530527706, 48.285101143273565 ], [ 36.36671497037878, 48.286381742036269 ], [ 36.364652376314467, 48.287045369770013 ] ] ] } },
{ "type": "Feature", "properties": { "id": null }, "geometry": { "type": "MultiLineString", "coordinates": [ [ [ 36.364652376314467, 48.286850213813693 ], [ 36.366592359858949, 48.286163767778788 ], [ 36.368308907136615, 48.284746935105161 ], [ 36.369153557384358, 48.28361619364447 ], [ 36.36949414216167, 48.282839660352195 ], [ 36.369668197975209, 48.281783973063554 ] ] ] } },
{ "type": "Feature", "properties": { "id": null }, "geometry": { "type": "MultiLineString", "coordinates": [ [ [ 36.369157933392948, 48.283006489978391 ], [ 36.368458764438635, 48.28417475267927 ], [ 36.366674100205501, 48.285809559610385 ], [ 36.365984527842379, 48.286078075030005 ] ] ] } },
{ "type": "Feature", "properties": { "id": null }, "geometry": { "type": "MultiLineString", "coordinates": [ [ [ 36.371016157498758, 48.278526388024645 ], [ 36.370091287966645, 48.281097355623096 ] ] ] } },
{ "type": "Feature", "properties": { "id": null }, "geometry": { "type": "MultiLineString", "coordinates": [ [ [ 36.370812516500862, 48.278466992733591 ], [ 36.370543143275803, 48.27917496814829 ] ] ] } },
{ "type": "Feature", "properties": { "id": null }, "geometry": { "type": "MultiLineString", "coordinates": [ [ [ 36.252004964311148, 48.284618647878375 ], [ 36.252244426723031, 48.285162448533491 ] ] ] } },
{ "type": "Feature", "properties": { "id": null }, "geometry": { "type": "MultiLineString", "coordinates": [ [ [ 36.255466861275387, 48.296871047918515 ], [ 36.254151701475998, 48.293227496060318 ] ] ] } },
{ "type": "Feature", "properties": { "id": null }, "geometry": { "type": "MultiLineString", "coordinates": [ [ [ 36.256349305599606, 48.298109863989055 ], [ 36.255405053456521, 48.295652459674805 ] ] ] } },
{ "type": "Feature", "properties": { "id": null }, "geometry": { "type": "MultiLineString", "coordinates": [ [ [ 36.256722647429086, 48.297974103323803 ], [ 36.255922742318035, 48.295788693585727 ] ] ] } },
{ "type": "Feature", "properties": { "id": null }, "geometry": { "type": "MultiLineString", "coordinates": [ [ [ 36.256909318343823, 48.300485675631187 ], [ 36.257061011631158, 48.300838284493985 ] ] ] } },
{ "type": "Feature", "properties": { "id": null }, "geometry": { "type": "MultiLineString", "coordinates": [ [ [ 36.257299630256455, 48.300468705548028 ], [ 36.257461872121091, 48.300948626521013 ] ] ] } },
{ "type": "Feature", "properties": { "id": null }, "geometry": { "type": "MultiLineString", "coordinates": [ [ [ 36.257622061836457, 48.300163244051184 ], [ 36.257876613083823, 48.30094386787647 ] ] ] } },
{ "type": "Feature", "properties": { "id": null }, "geometry": { "type": "MultiLineString", "coordinates": [ [ [ 36.257418420838555, 48.304303944341768 ], [ 36.256835509521238, 48.305938119949722 ] ] ] } },
{ "type": "Feature", "properties": { "id": null }, "geometry": { "type": "MultiLineString", "coordinates": [ [ [ 36.255365040776432, 48.307647050723908 ], [ 36.255214325981228, 48.30869685664598 ] ] ] } },
{ "type": "Feature", "properties": { "id": null }, "geometry": { "type": "MultiLineString", "coordinates": [ [ [ 36.254889878448012, 48.30835979421655 ], [ 36.25454677981768, 48.310052384059695 ] ] ] } },
{ "type": "Feature", "properties": { "id": null }, "geometry": { "type": "MultiLineString", "coordinates": [ [ [ 36.248712768178471, 48.344166669680099 ], [ 36.249567430373347, 48.340085149723372 ] ] ] } },
{ "type": "Feature", "properties": { "id": null }, "geometry": { "type": "MultiLineString", "coordinates": [ [ [ 36.249036118120735, 48.340643708758165 ], [ 36.248237605850044, 48.344573951675898 ] ] ] } },
{ "type": "Feature", "properties": { "id": null }, "geometry": { "type": "MultiLineString", "coordinates": [ [ [ 36.248050934935307, 48.344811532840104 ], [ 36.247987117006602, 48.344131296877876 ], [ 36.248545676041402, 48.341284008139525 ] ] ] } },
{ "type": "Feature", "properties": { "id": null }, "geometry": { "type": "MultiLineString", "coordinates": [ [ [ 36.399303164862822, 48.321774644952995 ], [ 36.401045915932144, 48.321366610362105 ] ] ] } },
{ "type": "Feature", "properties": { "id": null }, "geometry": { "type": "MultiLineString", "coordinates": [ [ [ 36.400419239941883, 48.321802558877074 ], [ 36.399438355783218, 48.322020533134555 ], [ 36.398607391453339, 48.321978285950891 ] ] ] } },
{ "type": "Feature", "properties": { "id": null }, "geometry": { "type": "MultiLineString", "coordinates": [ [ [ 36.397852222752803, 48.322207382073529 ], [ 36.399424732392127, 48.322388364694056 ], [ 36.400487356897351, 48.322156767045485 ] ] ] } },
{ "type": "Feature", "properties": { "id": null }, "geometry": { "type": "MultiLineString", "coordinates": [ [ [ 36.424529193477298, 48.320374613092461 ], [ 36.421453755788875, 48.319963401079569 ] ] ] } },
{ "type": "Feature", "properties": { "id": null }, "geometry": { "type": "MultiLineString", "coordinates": [ [ [ 36.42314305628436, 48.320481089941083 ], [ 36.424520708435708, 48.320671589547736 ] ] ] } },
{ "type": "Feature", "properties": { "id": null }, "geometry": { "type": "MultiLineString", "coordinates": [ [ [ 36.42449525331098, 48.320934625836678 ], [ 36.423265666804198, 48.320780804545123 ] ] ] } },
{ "type": "Feature", "properties": { "id": null }, "geometry": { "type": "MultiLineString", "coordinates": [ [ [ 36.373255262608424, 48.347611103217858 ], [ 36.372681617424568, 48.347078268899928 ] ] ] } },
{ "type": "Feature", "properties": { "id": null }, "geometry": { "type": "MultiLineString", "coordinates": [ [ [ 36.422798244995171, 48.391318045734771 ], [ 36.419437493907182, 48.390096618424394 ] ] ] } },
{ "type": "Feature", "properties": { "id": null }, "geometry": { "type": "MultiLineString", "coordinates": [ [ [ 36.423918270483604, 48.391241680360544 ], [ 36.423279290195303, 48.391131996147429 ], [ 36.42253000368521, 48.390968515454318 ] ] ] } },
{ "type": "Feature", "properties": { "id": null }, "geometry": { "type": "MultiLineString", "coordinates": [ [ [ 36.425479518134146, 48.391538656815818 ], [ 36.423851472621195, 48.39137040549155 ], [ 36.422979575591263, 48.39122054818953 ], [ 36.422509568598571, 48.39107069088751 ] ] ] } },
{ "type": "Feature", "properties": { "id": null }, "geometry": { "type": "MultiLineString", "coordinates": [ [ [ 36.667414072471146, 48.392156177991936 ], [ 36.666742710347556, 48.392295241976733 ] ] ] } },
{ "type": "Feature", "properties": { "id": null }, "geometry": { "type": "MultiLineString", "coordinates": [ [ [ 36.665027090733133, 48.39214109476778 ], [ 36.664670718986827, 48.391903513603552 ] ] ] } },
{ "type": "Feature", "properties": { "id": null }, "geometry": { "type": "MultiLineString", "coordinates": [ [ [ 36.665027090733155, 48.391818663187763 ], [ 36.664857389901563, 48.39163199227302 ] ] ] } },
{ "type": "Feature", "properties": { "id": null }, "geometry": { "type": "MultiLineString", "coordinates": [ [ [ 36.725932719187448, 48.375790419644957 ], [ 36.728416003887723, 48.375812492863766 ] ] ] } },
{ "type": "Feature", "properties": { "id": null }, "geometry": { "type": "MultiLineString", "coordinates": [ [ [ 36.722267181225305, 48.375493443189704 ], [ 36.722374029938138, 48.375192628569053 ] ] ] } },
{ "type": "Feature", "properties": { "id": null }, "geometry": { "type": "MultiLineString", "coordinates": [ [ [ 36.674672983255576, 48.437014444856388 ], [ 36.679779070873586, 48.438048970232678 ] ] ] } },
{ "type": "Feature", "properties": { "id": null }, "geometry": { "type": "MultiLineString", "coordinates": [ [ [ 36.693094646667817, 48.440077390211805 ], [ 36.691523860808907, 48.44021026255853 ], [ 36.68971194979359, 48.440223885949621 ], [ 36.685406958208333, 48.439460976048451 ], [ 36.669245854200518, 48.436243608330777 ] ] ] } },
{ "type": "Feature", "properties": { "id": null }, "geometry": { "type": "MultiLineString", "coordinates": [ [ [ 36.909896905662528, 48.52106281651966 ], [ 36.91013841767213, 48.519593762455152 ] ] ] } },
{ "type": "Feature", "properties": { "id": null }, "geometry": { "type": "MultiLineString", "coordinates": [ [ [ 37.07697161687458, 48.629862262166824 ], [ 37.077616480034578, 48.630150753580509 ] ] ] } },
{ "type": "Feature", "properties": { "id": null }, "geometry": { "type": "MultiLineString", "coordinates": [ [ [ 37.080467454005131, 48.631135018403675 ], [ 37.081061406915666, 48.631253808985782 ] ] ] } },
{ "type": "Feature", "properties": { "id": null }, "geometry": { "type": "MultiLineString", "coordinates": [ [ [ 37.082571744316731, 48.63172897131421 ], [ 37.083369338225161, 48.632051402894213 ] ] ] } },
{ "type": "Feature", "properties": { "id": null }, "geometry": { "type": "MultiLineString", "coordinates": [ [ [ 36.309665064361639, 48.049943610406388 ], [ 36.311362072677447, 48.049858759990592 ] ] ] } },
{ "type": "Feature", "properties": { "id": null }, "geometry": { "type": "MultiLineString", "coordinates": [ [ [ 36.331004943932896, 48.063528161974411 ], [ 36.33084458163183, 48.064272785357659 ] ] ] } },
{ "type": "Feature", "properties": { "id": null }, "geometry": { "type": "MultiLineString", "coordinates": [ [ [ 36.336634522846182, 48.118630115817197 ], [ 36.337288445618626, 48.11977448066898 ] ] ] } },
{ "type": "Feature", "properties": { "id": null }, "geometry": { "type": "MultiLineString", "coordinates": [ [ [ 36.337424679529555, 48.120210429183942 ], [ 36.337669900569217, 48.122662639580611 ], [ 36.337833381262335, 48.124242952947355 ] ] ] } },
{ "type": "Feature", "properties": { "id": null }, "geometry": { "type": "MultiLineString", "coordinates": [ [ [ 37.037100406494602, 48.84044402407536 ], [ 37.03550426835379, 48.839489717472134 ] ] ] } },
{ "type": "Feature", "properties": { "id": null }, "geometry": { "type": "MultiLineString", "coordinates": [ [ [ 37.17697614785888, 48.872323860352054 ], [ 37.177689097189727, 48.87212974494264 ], [ 37.178310030763328, 48.87215799721595 ] ] ] } },
{ "type": "Feature", "properties": { "id": null }, "geometry": { "type": "MultiLineString", "coordinates": [ [ [ 37.184280945044236, 48.877819514520432 ], [ 37.184997144660777, 48.878352143487696 ] ] ] } },
{ "type": "Feature", "properties": { "id": null }, "geometry": { "type": "MultiLineString", "coordinates": [ [ [ 37.184014539084139, 48.877971497531824 ], [ 37.184649748187915, 48.878454318920895 ] ] ] } },
{ "type": "Feature", "properties": { "id": null }, "geometry": { "type": "MultiLineString", "coordinates": [ [ [ 37.183601771522198, 48.878115711907441 ], [ 37.184210393825175, 48.878576929440726 ] ] ] } },
{ "type": "Feature", "properties": { "id": null }, "geometry": { "type": "MultiLineString", "coordinates": [ ] } },
{ "type": "Feature", "properties": { "id": null }, "geometry": { "type": "MultiLineString", "coordinates": [ [ [ 37.222142193250235, 48.994744505190127 ], [ 37.22229117777681, 48.996007154811267 ], [ 37.223568370691737, 48.998122186278394 ] ] ] } },
{ "type": "Feature", "properties": { "id": null }, "geometry": { "type": "MultiLineString", "coordinates": [ [ [ 37.227021092158189, 49.003959260344949 ], [ 37.227890391515871, 49.005407294665176 ], [ 37.231160005378094, 49.007665371738781 ] ] ] } },
{ "type": "Feature", "properties": { "id": null }, "geometry": { "type": "MultiLineString", "coordinates": [ [ [ 37.174982332153945, 49.129478480423657 ], [ 37.175545917090282, 49.129366530216835 ] ] ] } },
{ "type": "Feature", "properties": { "id": null }, "geometry": { "type": "MultiLineString", "coordinates": [ [ [ 37.201252020882642, 49.125202019467842 ], [ 37.200170196490177, 49.125269295345731 ], [ 37.19803472993641, 49.125596256731953 ] ] ] } },
{ "type": "Feature", "properties": { "id": null }, "geometry": { "type": "MultiLineString", "coordinates": [ [ [ 37.272340347844576, 49.108081498834174 ], [ 37.269557533172616, 49.109360580397365 ], [ 37.266461617546817, 49.110545815422419 ], [ 37.263835708913717, 49.111598222384323 ], [ 37.263406572094304, 49.111720832904155 ] ] ] } },
{ "type": "Feature", "properties": { "id": null }, "geometry": { "type": "MultiLineString", "coordinates": [ [ [ 37.661565526545473, 48.903598188548067 ], [ 37.660797484418012, 48.903650780746638 ] ] ] } },
{ "type": "Feature", "properties": { "id": null }, "geometry": { "type": "MultiLineString", "coordinates": [ [ [ 37.295231280781707, 50.004466574356087 ], [ 37.29264918107458, 50.00478520674141 ], [ 37.291933953042218, 50.005163255844231 ] ] ] } },
{ "type": "Feature", "properties": { "id": null }, "geometry": { "type": "MultiLineString", "coordinates": [ [ [ 37.28783656704546, 50.029877152624984 ], [ 37.28789802343104, 50.027876854643367 ] ] ] } },
{ "type": "Feature", "properties": { "id": null }, "geometry": { "type": "MultiLineString", "coordinates": [ [ [ 37.279758807462187, 50.056384422518015 ], [ 37.279723988775473, 50.054258551494229 ] ] ] } },
{ "type": "Feature", "properties": { "id": null }, "geometry": { "type": "MultiLineString", "coordinates": [ [ [ 37.283872311363176, 50.097381693074013 ], [ 37.282595118448242, 50.098709973705539 ] ] ] } },
{ "type": "Feature", "properties": { "id": null }, "geometry": { "type": "MultiLineString", "coordinates": [ [ [ 37.224337312011492, 50.105439925090913 ], [ 37.224707626771831, 50.105315615461585 ] ] ] } },
{ "type": "Feature", "properties": { "id": null }, "geometry": { "type": "MultiLineString", "coordinates": [ [ [ 37.219839553902993, 50.106850333189129 ], [ 37.219537549852191, 50.106945313621033 ] ] ] } },
{ "type": "Feature", "properties": { "id": null }, "geometry": { "type": "MultiLineString", "coordinates": [ [ [ 37.185261960026388, 50.120686188864639 ], [ 37.186657495450177, 50.120401818172752 ], [ 37.187035544552998, 50.12008507432985 ] ] ] } },
{ "type": "Feature", "properties": { "id": null }, "geometry": { "type": "MultiLineString", "coordinates": [ [ [ 37.118213161468546, 50.115849715164572 ], [ 37.116488516703789, 50.116181972781796 ] ] ] } },
{ "type": "Feature", "properties": { "id": null }, "geometry": { "type": "MultiLineString", "coordinates": [ [ [ 37.035721587236814, 50.106219192972304 ], [ 37.03790539103381, 50.107793369716504 ] ] ] } },
{ "type": "Feature", "properties": { "id": null }, "geometry": { "type": "MultiLineString", "coordinates": [ [ [ 36.999206210801312, 50.100025112619591 ], [ 37.000815708784174, 50.1002068438018 ] ] ] } },
{ "type": "Feature", "properties": { "id": null }, "geometry": { "type": "MultiLineString", "coordinates": [ [ [ 36.949051130027392, 50.090789144860771 ], [ 36.946100764308468, 50.091036598672559 ] ] ] } },
{ "type": "Feature", "properties": { "id": null }, "geometry": { "type": "MultiLineString", "coordinates": [ [ [ 35.299958340715456, 47.716422794840831 ], [ 35.298361964037142, 47.71543992858809 ] ] ] } },
{ "type": "Feature", "properties": { "id": null }, "geometry": { "type": "MultiLineString", "coordinates": [ [ [ 35.248106885049729, 47.693822714848622 ], [ 35.255306523565849, 47.695031775718185 ] ] ] } },
{ "type": "Feature", "properties": { "id": null }, "geometry": { "type": "MultiLineString", "coordinates": [ [ [ 35.327613023300692, 47.722366191578736 ], [ 35.329338115113536, 47.72208399612682 ], [ 35.333710316961557, 47.721155993170477 ] ] ] } },
{ "type": "Feature", "properties": { "id": null }, "geometry": { "type": "MultiLineString", "coordinates": [ [ [ 35.683150806769262, 47.756143389037305 ], [ 35.683751163632756, 47.756214574655523 ] ] ] } },
{ "type": "Feature", "properties": { "id": null }, "geometry": { "type": "MultiLineString", "coordinates": [ [ [ 35.686516539928952, 47.756047225232741 ], [ 35.687105053511893, 47.756093124604192 ] ] ] } },
{ "type": "Feature", "properties": { "id": null }, "geometry": { "type": "MultiLineString", "coordinates": [ [ [ 35.684842158390687, 47.756007628372032 ], [ 35.687030315018767, 47.756251943902086 ] ] ] } },
{ "type": "Feature", "properties": { "id": null }, "geometry": { "type": "MultiLineString", "coordinates": [ [ [ 35.689220439845464, 47.756318746563274 ], [ 35.689972780198794, 47.756307433174506 ] ] ] } },
{ "type": "Feature", "properties": { "id": null }, "geometry": { "type": "MultiLineString", "coordinates": [ [ [ 35.688236175022297, 47.756318746563274 ], [ 35.690057223990472, 47.756504186316391 ], [ 35.690216043288366, 47.756093124604185 ], [ 35.690524339572519, 47.755271001179771 ], [ 35.691094220582634, 47.754308743080735 ] ] ] } },
{ "type": "Feature", "properties": { "id": null }, "geometry": { "type": "MultiLineString", "coordinates": [ [ [ 35.692167577620573, 47.752098852551299 ], [ 35.693750507790966, 47.749036454866868 ], [ 35.694668383410743, 47.748641929381179 ] ] ] } },
{ "type": "Feature", "properties": { "id": null }, "geometry": { "type": "MultiLineString", "coordinates": [ [ [ 35.730361578115044, 47.74670236610703 ], [ 35.722475045384961, 47.745938031850343 ] ] ] } },
{ "type": "Feature", "properties": { "id": null }, "geometry": { "type": "MultiLineString", "coordinates": [ [ [ 35.739225810157379, 47.750226152893589 ], [ 35.738973567743066, 47.751711580444521 ], [ 35.738963954631686, 47.752175627481719 ] ] ] } },
{ "type": "Feature", "properties": { "id": null }, "geometry": { "type": "MultiLineString", "coordinates": [ [ [ 35.738668392673759, 47.754615001902742 ], [ 35.738088622646359, 47.757088056999791 ] ] ] } },
{ "type": "Feature", "properties": { "id": null }, "geometry": { "type": "MultiLineString", "coordinates": [ [ [ 35.736955628428596, 47.761016522839014 ], [ 35.736052212667389, 47.765482591468668 ] ] ] } },
{ "type": "Feature", "properties": { "id": null }, "geometry": { "type": "MultiLineString", "coordinates": [ ] } },
{ "type": "Feature", "properties": { "id": null }, "geometry": { "type": "MultiLineString", "coordinates": [ [ [ 35.839275571823613, 47.852046985658255 ], [ 35.839338021702972, 47.851319307161511 ] ] ] } },
{ "type": "Feature", "properties": { "id": null }, "geometry": { "type": "MultiLineString", "coordinates": [ [ [ 35.839328679391322, 47.862361919521241 ], [ 35.839151175470143, 47.862922458219707 ] ] ] } },
{ "type": "Feature", "properties": { "id": null }, "geometry": { "type": "MultiLineString", "coordinates": [ [ [ 35.831867447778194, 47.702353777591419 ], [ 35.834946334165124, 47.70559614467146 ] ] ] } },
{ "type": "Feature", "properties": { "id": null }, "geometry": { "type": "MultiLineString", "coordinates": [ [ [ 35.835709244066315, 47.706985730562913 ], [ 35.837462552641114, 47.710486294750794 ] ] ] } },
{ "type": "Feature", "properties": { "id": null }, "geometry": { "type": "MultiLineString", "coordinates": [ [ [ 35.826990273767038, 47.697013408283112 ], [ 35.828662095075252, 47.699415655456157 ] ] ] } },
{ "type": "Feature", "properties": { "id": null }, "geometry": { "type": "MultiLineString", "coordinates": [ ] } },
{ "type": "Feature", "properties": { "id": null }, "geometry": { "type": "MultiLineString", "coordinates": [ [ [ 35.877369574027526, 47.769217381073979 ], [ 35.877814332196664, 47.770239720006877 ] ] ] } },
{ "type": "Feature", "properties": { "id": null }, "geometry": { "type": "MultiLineString", "coordinates": [ [ [ 35.877253793498213, 47.756023057267129 ], [ 35.876314891178289, 47.760002882026214 ] ] ] } },
{ "type": "Feature", "properties": { "id": null }, "geometry": { "type": "MultiLineString", "coordinates": [ [ [ 35.876258837308434, 47.760409272582599 ], [ 35.87466130201782, 47.764080801057524 ], [ 35.877576103249837, 47.77027475367553 ] ] ] } },
{ "type": "Feature", "properties": { "id": null }, "geometry": { "type": "MultiLineString", "coordinates": [ [ [ 35.87797548707249, 47.770975427048619 ], [ 35.878045554409795, 47.771157602125619 ] ] ] } },
{ "type": "Feature", "properties": { "id": null }, "geometry": { "type": "MultiLineString", "coordinates": [ [ [ 35.885925063633692, 47.772378007807461 ], [ 35.886725420610247, 47.772385624023904 ] ] ] } },
{ "type": "Feature", "properties": { "id": null }, "geometry": { "type": "MultiLineString", "coordinates": [ [ [ 35.866116652985035, 47.783576435285596 ], [ 35.86635131581312, 47.782480483834561 ] ] ] } },
{ "type": "Feature", "properties": { "id": null }, "geometry": { "type": "MultiLineString", "coordinates": [ [ [ 35.86810566808456, 47.792063807936302 ], [ 35.867920824168806, 47.791659305021888 ] ] ] } },
{ "type": "Feature", "properties": { "id": null }, "geometry": { "type": "MultiLineString", "coordinates": [ [ [ 35.875435052492392, 47.80689968083616 ], [ 35.875390002325808, 47.806653715205776 ], [ 35.875193813781344, 47.806401472791464 ] ] ] } },
{ "type": "Feature", "properties": { "id": null }, "geometry": { "type": "MultiLineString", "coordinates": [ [ [ 35.83768463577475, 47.961593286692811 ], [ 35.839800437114505, 47.964886621240673 ] ] ] } },
{ "type": "Feature", "properties": { "id": null }, "geometry": { "type": "MultiLineString", "coordinates": [ [ [ 35.839515357550376, 47.964913347449823 ], [ 35.837453038126178, 47.961620533474992 ] ] ] } },
{ "type": "Feature", "properties": { "id": null }, "geometry": { "type": "MultiLineString", "coordinates": [ [ [ 35.836853608918098, 47.961293572088771 ], [ 35.838615575176078, 47.964075926230166 ] ] ] } },
{ "type": "Feature", "properties": { "id": null }, "geometry": { "type": "MultiLineString", "coordinates": [ [ [ 35.846677356427769, 47.986837527835803 ], [ 35.84825482793827, 47.988361141599604 ] ] ] } },
{ "type": "Feature", "properties": { "id": null }, "geometry": { "type": "MultiLineString", "coordinates": [ [ [ 35.868841331203548, 47.993867100191203 ], [ 35.863773846710671, 47.99254824769779 ] ] ] } },
{ "type": "Feature", "properties": { "id": null }, "geometry": { "type": "MultiLineString", "coordinates": [ [ [ 35.863764937974295, 47.992726422425385 ], [ 35.868664227119339, 47.994003334102125 ] ] ] } },
{ "type": "Feature", "properties": { "id": null }, "geometry": { "type": "MultiLineString", "coordinates": [ [ [ 35.871457022293328, 47.995052335216258 ], [ 35.865261605685994, 47.993403486390164 ] ] ] } },
{ "type": "Feature", "properties": { "id": null }, "geometry": { "type": "MultiLineString", "coordinates": [ [ [ 35.891364203276773, 47.999238708718494 ], [ 35.891105849921779, 47.999185256300215 ] ] ] } },
{ "type": "Feature", "properties": { "id": null }, "geometry": { "type": "MultiLineString", "coordinates": [ [ [ 35.890856405303168, 48.000396844447778 ], [ 35.890687139311964, 48.000396844447778 ] ] ] } },
{ "type": "Feature", "properties": { "id": null }, "geometry": { "type": "MultiLineString", "coordinates": [ [ [ 36.170299729300986, 48.096737326331528 ], [ 36.172173420304446, 48.096219212941207 ], [ 36.17394737243594, 48.095657962549325 ] ] ] } },
{ "type": "Feature", "properties": { "id": null }, "geometry": { "type": "MultiLineString", "coordinates": [ [ [ 36.173497117101178, 48.095533738810452 ], [ 36.176142262361346, 48.094585573407691 ] ] ] } },
{ "type": "Feature", "properties": { "id": null }, "geometry": { "type": "MultiLineString", "coordinates": [ [ [ 36.188187241805601, 48.090538683384388 ], [ 36.192057719902607, 48.089434096596477 ] ] ] } },
{ "type": "Feature", "properties": { "id": null }, "geometry": { "type": "MultiLineString", "coordinates": [ [ [ 36.2419476776832, 48.088457708827121 ], [ 36.239262886791359, 48.088231417185291 ] ] ] } },
{ "type": "Feature", "properties": { "id": null }, "geometry": { "type": "MultiLineString", "coordinates": [ [ [ 36.252557764718219, 48.089871137220854 ], [ 36.251730663353904, 48.089794900419832 ] ] ] } },
{ "type": "Feature", "properties": { "id": null }, "geometry": { "type": "MultiLineString", "coordinates": [ [ [ 36.251429993501105, 48.089774855762982 ], [ 36.250247358746783, 48.089694677135569 ] ] ] } },
{ "type": "Feature", "properties": { "id": null }, "geometry": { "type": "MultiLineString", "coordinates": [ [ [ 36.257177798853704, 48.089965280003106 ], [ 36.263381620149701, 48.090396240125429 ] ] ] } },
{ "type": "Feature", "properties": { "id": null }, "geometry": { "type": "MultiLineString", "coordinates": [ [ [ 36.265075393653781, 48.090576642037107 ], [ 36.265736867329927, 48.09078711093408 ], [ 36.266428407991356, 48.091278205026967 ] ] ] } },
{ "type": "Feature", "properties": { "id": null }, "geometry": { "type": "MultiLineString", "coordinates": [ [ [ 36.33084458163183, 48.064272785357659 ], [ 36.330410952666028, 48.065470709328778 ] ] ] } },
{ "type": "Feature", "properties": { "id": null }, "geometry": { "type": "MultiLineString", "coordinates": [ [ [ 36.333297383252841, 48.106762702445891 ], [ 36.333457740507669, 48.108025515827634 ] ] ] } },
{ "type": "Feature", "properties": { "id": null }, "geometry": { "type": "MultiLineString", "coordinates": [ [ [ 36.333793387509722, 48.108769563787341 ], [ 36.333688254061471, 48.108366274994133 ] ] ] } },
{ "type": "Feature", "properties": { "id": null }, "geometry": { "type": "MultiLineString", "coordinates": [ [ [ 36.333006735728475, 48.10743419845047 ], [ 36.333066869699032, 48.1078250692591 ] ] ] } },
{ "type": "Feature", "properties": { "id": null }, "geometry": { "type": "MultiLineString", "coordinates": [ [ [ 36.333076892027456, 48.108326185680426 ], [ 36.333187137640152, 48.108847346758608 ], [ 36.33336753955183, 48.109158038939825 ] ] ] } },
{ "type": "Feature", "properties": { "id": null }, "geometry": { "type": "MultiLineString", "coordinates": [ [ [ 36.336634522846182, 48.118630115817197 ], [ 36.335983367271133, 48.117366325921125 ] ] ] } },
{ "type": "Feature", "properties": { "id": null }, "geometry": { "type": "MultiLineString", "coordinates": [ [ [ 36.337833381262335, 48.124242952947355 ], [ 36.338148190211257, 48.127178185450646 ] ] ] } },
{ "type": "Feature", "properties": { "id": null }, "geometry": { "type": "MultiLineString", "coordinates": [ [ [ 36.3044356379989, 48.143996870031799 ], [ 36.302839527164736, 48.146992328749818 ] ] ] } },
{ "type": "Feature", "properties": { "id": null }, "geometry": { "type": "MultiLineString", "coordinates": [ [ [ 36.303551112483021, 48.146390989044228 ], [ 36.303310576600786, 48.14679188218129 ] ] ] } },
{ "type": "Feature", "properties": { "id": null }, "geometry": { "type": "MultiLineString", "coordinates": [ [ [ 36.303300554272354, 48.147172730661495 ], [ 36.303727221662079, 48.146394586864105 ] ] ] } },
{ "type": "Feature", "properties": { "id": null }, "geometry": { "type": "MultiLineString", "coordinates": [ [ [ 36.290238762156676, 48.17382413455497 ], [ 36.291223648518432, 48.171627212022095 ] ] ] } },
{ "type": "Feature", "properties": { "id": null }, "geometry": { "type": "MultiLineString", "coordinates": [ [ [ 36.29187487141148, 48.177251567688863 ], [ 36.298250618442829, 48.183818042195504 ] ] ] } },
{ "type": "Feature", "properties": { "id": null }, "geometry": { "type": "MultiLineString", "coordinates": [ [ [ 36.313181855080337, 48.196133587743219 ], [ 36.312285571706717, 48.195189706152775 ], [ 36.311701878349496, 48.194336550518393 ] ] ] } },
{ "type": "Feature", "properties": { "id": null }, "geometry": { "type": "MultiLineString", "coordinates": [ [ [ 36.317384671232411, 48.199968572335791 ], [ 36.316063989523492, 48.199178592866517 ], [ 36.315382471190496, 48.19876767740103 ] ] ] } },
{ "type": "Feature", "properties": { "id": null }, "geometry": { "type": "MultiLineString", "coordinates": [ [ [ 36.315697928924251, 48.198584568787879 ], [ 36.313869099598094, 48.196973680612686 ] ] ] } },
{ "type": "Feature", "properties": { "id": null }, "geometry": { "type": "MultiLineString", "coordinates": [ [ [ 36.348819288728009, 48.266316413192442 ], [ 36.349017405389787, 48.267510828078308 ], [ 36.348085328846125, 48.269645584033142 ], [ 36.351372652570014, 48.271158955625552 ], [ 36.35780527260421, 48.272213415299944 ] ] ] } },
{ "type": "Feature", "properties": { "id": null }, "geometry": { "type": "MultiLineString", "coordinates": [ [ [ 36.358486442158828, 48.272554000077257 ], [ 36.352715644579156, 48.271640027389999 ] ] ] } },
{ "type": "Feature", "properties": { "id": null }, "geometry": { "type": "MultiLineString", "coordinates": [ [ [ 36.351172206001479, 48.271289245895076 ], [ 36.350555832803252, 48.271008620699135 ] ] ] } },
{ "type": "Feature", "properties": { "id": null }, "geometry": { "type": "MultiLineString", "coordinates": [ [ [ 36.3485135591635, 48.266363592568069 ], [ 36.348696690880139, 48.267580984377261 ], [ 36.347674413380638, 48.269575427734132 ] ] ] } },
{ "type": "Feature", "properties": { "id": null }, "geometry": { "type": "MultiLineString", "coordinates": [ [ [ 36.37008973398833, 48.277209055198398 ], [ 36.370735791089992, 48.277593290475345 ], [ 36.369613290306219, 48.280870591870787 ], [ 36.369563178664087, 48.281211351037285 ], [ 36.369526745720847, 48.281512004338808 ] ] ] } },
{ "type": "Feature", "properties": { "id": null }, "geometry": { "type": "MultiLineString", "coordinates": [ [ [ 36.370543143275803, 48.27917496814829 ], [ 36.369893915502168, 48.280990859811901 ], [ 36.369790258008393, 48.281530605206157 ] ] ] } },
{ "type": "Feature", "properties": { "id": null }, "geometry": { "type": "MultiLineString", "coordinates": [ [ [ 36.401045915932144, 48.321366610362105 ], [ 36.40369922928469, 48.320869704620868 ] ] ] } },
{ "type": "Feature", "properties": { "id": null }, "geometry": { "type": "MultiLineString", "coordinates": [ [ [ 36.400419239941883, 48.321802558877074 ], [ 36.403438648745606, 48.321210463787374 ] ] ] } },
{ "type": "Feature", "properties": { "id": null }, "geometry": { "type": "MultiLineString", "coordinates": [ [ [ 36.400487356897351, 48.322156767045485 ], [ 36.403739318598397, 48.321410910355901 ] ] ] } },
{ "type": "Feature", "properties": { "id": null }, "geometry": { "type": "MultiLineString", "coordinates": [ [ [ 36.421453755788875, 48.319963401079569 ], [ 36.418852989865542, 48.319586846582268 ] ] ] } },
{ "type": "Feature", "properties": { "id": null }, "geometry": { "type": "MultiLineString", "coordinates": [ [ [ 36.420005557634582, 48.320087963003601 ], [ 36.42314305628436, 48.320481089941083 ] ] ] } },
{ "type": "Feature", "properties": { "id": null }, "geometry": { "type": "MultiLineString", "coordinates": [ [ [ 36.423265666804198, 48.320780804545123 ], [ 36.420576830354896, 48.320428722170099 ] ] ] } },
{ "type": "Feature", "properties": { "id": null }, "geometry": { "type": "MultiLineString", "coordinates": [ [ [ 36.42253000368521, 48.390968515454318 ], [ 36.419674820796523, 48.389783234881378 ], [ 36.418692632610728, 48.389392364072748 ] ] ] } },
{ "type": "Feature", "properties": { "id": null }, "geometry": { "type": "MultiLineString", "coordinates": [ [ [ 36.419419251421644, 48.389833346523517 ], [ 36.422110246604156, 48.39093079148622 ], [ 36.422509568598571, 48.39107069088751 ] ] ] } },
{ "type": "Feature", "properties": { "id": null }, "geometry": { "type": "MultiLineString", "coordinates": [ [ [ 36.419437493907182, 48.390096618424394 ], [ 36.417033937256136, 48.389061627234668 ] ] ] } },
{ "type": "Feature", "properties": { "id": null }, "geometry": { "type": "MultiLineString", "coordinates": [ [ [ 36.660173646949936, 48.388967689217182 ], [ 36.661242762188898, 48.389646492543505 ] ] ] } },
{ "type": "Feature", "properties": { "id": null }, "geometry": { "type": "MultiLineString", "coordinates": [ [ [ 36.661497313436271, 48.389765283125612 ], [ 36.661904595432055, 48.389968924123529 ] ] ] } },
{ "type": "Feature", "properties": { "id": null }, "geometry": { "type": "MultiLineString", "coordinates": [ [ [ 36.661276702355217, 48.389968924123508 ], [ 36.66170095443416, 48.390189535204584 ] ] ] } },
{ "type": "Feature", "properties": { "id": null }, "geometry": { "type": "MultiLineString", "coordinates": [ [ [ 36.728416003887723, 48.375812492863766 ], [ 36.729941053059441, 48.37583215371172 ] ] ] } },
{ "type": "Feature", "properties": { "id": null }, "geometry": { "type": "MultiLineString", "coordinates": [ [ [ 36.91013841767213, 48.519593762455152 ], [ 36.910363009393031, 48.518309574622599 ], [ 36.909280597922972, 48.518189306681478 ] ] ] } },
{ "type": "Feature", "properties": { "id": null }, "geometry": { "type": "MultiLineString", "coordinates": [ [ [ 36.948911126842951, 48.536030429865079 ], [ 36.948888839864445, 48.534986729124284 ], [ 36.948588170011654, 48.534064674909047 ] ] ] } },
{ "type": "Feature", "properties": { "id": null }, "geometry": { "type": "MultiLineString", "coordinates": [ [ [ 36.965915150167341, 48.541087514646193 ], [ 36.964263091670681, 48.540939992209609 ], [ 36.963521439367121, 48.540559143729396 ], [ 36.962599385151883, 48.540037982651221 ], [ 36.960113847702118, 48.539757357455279 ] ] ] } },
{ "type": "Feature", "properties": { "id": null }, "geometry": { "type": "MultiLineString", "coordinates": [ [ [ 37.056777217916483, 48.563441356686127 ], [ 37.057390567409584, 48.563590454453468 ] ] ] } },
{ "type": "Feature", "properties": { "id": null }, "geometry": { "type": "MultiLineString", "coordinates": [ [ [ 37.08420087229991, 48.632373834474215 ], [ 37.084746512849691, 48.632594185669774 ] ] ] } },
{ "type": "Feature", "properties": { "id": null }, "geometry": { "type": "MultiLineString", "coordinates": [ [ [ 37.086049415545133, 48.633035168120543 ], [ 37.086590621280166, 48.63321557003222 ] ] ] } },
{ "type": "Feature", "properties": { "id": null }, "geometry": { "type": "MultiLineString", "coordinates": [ [ [ 37.089136292700488, 48.634017356306337 ], [ 37.089998212945169, 48.634257892188572 ] ] ] } },
{ "type": "Feature", "properties": { "id": null }, "geometry": { "type": "MultiLineString", "coordinates": [ [ [ 37.09164187480711, 48.634799097923604 ], [ 37.091902455346201, 48.634899321207868 ] ] ] } },
{ "type": "Feature", "properties": { "id": null }, "geometry": { "type": "MultiLineString", "coordinates": [ [ [ 37.03550426835379, 48.839489717472134 ], [ 37.035115942481752, 48.839134329882796 ], [ 37.034775183315254, 48.83863321346147 ], [ 37.034517190529883, 48.838043542719547 ] ] ] } },
{ "type": "Feature", "properties": { "id": null }, "geometry": { "type": "MultiLineString", "coordinates": [ [ [ 37.224510388339169, 48.849747975686412 ], [ 37.224609898442225, 48.849712647649355 ], [ 37.224437726458085, 48.849382160698845 ], [ 37.22424229105377, 48.849211781115592 ] ] ] } },
{ "type": "Feature", "properties": { "id": null }, "geometry": { "type": "MultiLineString", "coordinates": [ [ [ 37.223999249589419, 48.84918672529453 ], [ 37.223841397916708, 48.849362116041995 ], [ 37.223976699350466, 48.84953249562524 ], [ 37.224066900306305, 48.849843187806464 ], [ 37.224219740814803, 48.849858221299108 ] ] ] } },
{ "type": "Feature", "properties": { "id": null }, "geometry": { "type": "MultiLineString", "coordinates": [ [ [ 37.228862346180833, 48.942162702524861 ], [ 37.231119367240851, 48.944767610289624 ] ] ] } },
{ "type": "Feature", "properties": { "id": null }, "geometry": { "type": "MultiLineString", "coordinates": [ [ [ 37.236346146854487, 48.949966938698708 ], [ 37.236592163589748, 48.950224138012842 ] ] ] } },
{ "type": "Feature", "properties": { "id": null }, "geometry": { "type": "MultiLineString", "coordinates": [ [ [ 37.237890196788534, 48.952351562952543 ], [ 37.239453680023061, 48.954295894667283 ], [ 37.23780765140647, 48.955732905634555 ] ] ] } },
{ "type": "Feature", "properties": { "id": null }, "geometry": { "type": "MultiLineString", "coordinates": [ [ [ 37.235089669592831, 48.957549068597586 ], [ 37.239102898528138, 48.954335983981004 ] ] ] } },
{ "type": "Feature", "properties": { "id": null }, "geometry": { "type": "MultiLineString", "coordinates": [ [ [ 37.223568370691737, 48.998122186278394 ], [ 37.226198043125024, 49.002542258401249 ] ] ] } },
{ "type": "Feature", "properties": { "id": null }, "geometry": { "type": "MultiLineString", "coordinates": [ [ [ 37.231160005378094, 49.007665371738781 ], [ 37.233194735920719, 49.009017807875892 ] ] ] } },
{ "type": "Feature", "properties": { "id": null }, "geometry": { "type": "MultiLineString", "coordinates": [ [ [ 37.175545917090282, 49.129366530216835 ], [ 37.17723005398723, 49.129045213111453 ] ] ] } },
{ "type": "Feature", "properties": { "id": null }, "geometry": { "type": "MultiLineString", "coordinates": [ [ [ 37.198401046912082, 49.125846882627847 ], [ 37.195530825693993, 49.12627905046574 ] ] ] } },
{ "type": "Feature", "properties": { "id": null }, "geometry": { "type": "MultiLineString", "coordinates": [ [ [ 37.210082560582315, 49.127419500487321 ], [ 37.210333804779907, 49.127712243430722 ], [ 37.211506417205804, 49.12817327053834 ] ] ] } },
{ "type": "Feature", "properties": { "id": null }, "geometry": { "type": "MultiLineString", "coordinates": [ [ [ 37.263406572094304, 49.111720832904155 ], [ 37.262008930146862, 49.112237768340229 ] ] ] } },
{ "type": "Feature", "properties": { "id": null }, "geometry": { "type": "MultiLineString", "coordinates": [ [ [ 37.61591311454216, 48.783981393208975 ], [ 37.615401241628938, 48.784257070583458 ], [ 37.614639544668528, 48.784998722887018 ] ] ] } },
{ "type": "Feature", "properties": { "id": null }, "geometry": { "type": "MultiLineString", "coordinates": [ [ [ 37.597300916490688, 48.775277064313322 ], [ 37.596819844726213, 48.775116707058501 ] ] ] } },
{ "type": "Feature", "properties": { "id": null }, "geometry": { "type": "MultiLineString", "coordinates": [ [ [ 37.596118281736359, 48.775036528431087 ], [ 37.595737433256154, 48.774976394460531 ] ] ] } },
{ "type": "Feature", "properties": { "id": null }, "geometry": { "type": "MultiLineString", "coordinates": [ [ [ 37.600187347077515, 48.771648981422942 ], [ 37.599165069578014, 48.773573268480824 ], [ 37.598704042470395, 48.774695769264589 ] ] ] } },
{ "type": "Feature", "properties": { "id": null }, "geometry": { "type": "MultiLineString", "coordinates": [ [ [ 37.594594887815539, 48.77988733538951 ], [ 37.595096004236865, 48.780849478918469 ] ] ] } },
{ "type": "Feature", "properties": { "id": null }, "geometry": { "type": "MultiLineString", "coordinates": [ [ [ 37.704890148848051, 48.811068810128674 ], [ 37.70280282861961, 48.810814258881308 ] ] ] } },
{ "type": "Feature", "properties": { "id": null }, "geometry": { "type": "MultiLineString", "coordinates": [ [ [ 37.672350617330395, 48.806692052766202 ], [ 37.673312760859332, 48.807293392471792 ] ] ] } },
{ "type": "Feature", "properties": { "id": null }, "geometry": { "type": "MultiLineString", "coordinates": [ [ [ 37.669133449905488, 48.872493650050394 ], [ 37.667509832700389, 48.873515927549903 ] ] ] } },
{ "type": "Feature", "properties": { "id": null }, "geometry": { "type": "MultiLineString", "coordinates": [ [ [ 37.660797484418012, 48.903650780746638 ], [ 37.660398990681792, 48.903673113785239 ] ] ] } },
{ "type": "Feature", "properties": { "id": null }, "geometry": { "type": "MultiLineString", "coordinates": [ [ [ 37.625758651081917, 48.886908111762125 ], [ 37.622394321288517, 48.888459219233816 ] ] ] } },
{ "type": "Feature", "properties": { "id": null }, "geometry": { "type": "MultiLineString", "coordinates": [ [ [ 37.627014437235616, 48.88329348404946 ], [ 37.626423297315974, 48.882385688207357 ], [ 37.626453364301248, 48.881513745634251 ] ] ] } },
{ "type": "Feature", "properties": { "id": null }, "geometry": { "type": "MultiLineString", "coordinates": [ [ [ 37.597147090877407, 48.89868534947383 ], [ 37.594717661338741, 48.898080654523255 ] ] ] } },
{ "type": "Feature", "properties": { "id": null }, "geometry": { "type": "MultiLineString", "coordinates": [ [ [ 35.466553150380967, 48.336211943199437 ], [ 35.466396041344474, 48.335467225973403 ], [ 35.463419409801801, 48.334956087223652 ], [ 35.461615390685033, 48.334475015459184 ] ] ] } },
{ "type": "Feature", "properties": { "id": null }, "geometry": { "type": "MultiLineString", "coordinates": [ [ [ 35.445875104052853, 48.328609345944614 ], [ 35.449257859735162, 48.328852489211911 ] ] ] } },
{ "type": "Feature", "properties": { "id": null }, "geometry": { "type": "MultiLineString", "coordinates": [ [ [ 37.416445402889316, 49.203205006703968 ], [ 37.417212202576707, 49.205054551898428 ], [ 37.417973899537117, 49.206738303074076 ] ] ] } },
{ "type": "Feature", "properties": { "id": null }, "geometry": { "type": "MultiLineString", "coordinates": [ [ [ 37.425541367462039, 49.232605675775353 ], [ 37.425681070097113, 49.230070283650917 ] ] ] } },
{ "type": "Feature", "properties": { "id": null }, "geometry": { "type": "MultiLineString", "coordinates": [ [ [ 37.474210782113929, 49.289565085277374 ], [ 37.47305912215122, 49.289873517371745 ], [ 37.472919472147133, 49.289627677590509 ] ] ] } },
{ "type": "Feature", "properties": { "id": null }, "geometry": { "type": "MultiLineString", "coordinates": [ [ [ 37.473751518085955, 49.289557653022747 ], [ 37.473813085534736, 49.289671594483927 ] ] ] } },
{ "type": "Feature", "properties": { "id": null }, "geometry": { "type": "MultiLineString", "coordinates": [ [ [ 37.443716279964534, 49.311436646406875 ], [ 37.44317253878345, 49.311559330504551 ] ] ] } },
{ "type": "Feature", "properties": { "id": null }, "geometry": { "type": "MultiLineString", "coordinates": [ [ [ 37.403157827776518, 49.315580897376741 ], [ 37.404559012938307, 49.315392871127678 ], [ 37.405957127753801, 49.315287636679201 ] ] ] } },
{ "type": "Feature", "properties": { "id": null }, "geometry": { "type": "MultiLineString", "coordinates": [ [ [ 37.345544395454844, 49.310464417304587 ], [ 37.349957367670811, 49.311108325725343 ] ] ] } },
{ "type": "Feature", "properties": { "id": null }, "geometry": { "type": "MultiLineString", "coordinates": [ [ [ 37.357559214330763, 49.311974754705652 ], [ 37.35643680299853, 49.311875033849972 ] ] ] } },
{ "type": "Feature", "properties": { "id": null }, "geometry": { "type": "MultiLineString", "coordinates": [ [ [ 37.319936539969305, 49.314842698759371 ], [ 37.319274009193123, 49.314851665392645 ] ] ] } },
{ "type": "Feature", "properties": { "id": null }, "geometry": { "type": "MultiLineString", "coordinates": [ [ [ 37.210055251520814, 49.287953601995376 ], [ 37.209815149283273, 49.285994876270692 ], [ 37.209524140352798, 49.286038042163106 ] ] ] } },
{ "type": "Feature", "properties": { "id": null }, "geometry": { "type": "MultiLineString", "coordinates": [ [ [ 37.209815149283273, 49.285994876270692 ], [ 37.210454072720459, 49.285919708807491 ], [ 37.210491656452064, 49.285701723164216 ] ] ] } },
{ "type": "Feature", "properties": { "id": null }, "geometry": { "type": "MultiLineString", "coordinates": [ [ [ 37.210461589466782, 49.285453670535659 ], [ 37.210529240183661, 49.285250718385029 ], [ 37.209564220464827, 49.285244315494175 ] ] ] } },
{ "type": "Feature", "properties": { "id": null }, "geometry": { "type": "MultiLineString", "coordinates": [ [ [ 37.209920310791667, 49.285246678147963 ], [ 37.210491656452056, 49.284183340407601 ] ] ] } },
{ "type": "Feature", "properties": { "id": null }, "geometry": { "type": "MultiLineString", "coordinates": [ [ [ 37.291933953042218, 50.005163255844231 ], [ 37.290740440162942, 50.006813264614053 ] ] ] } },
{ "type": "Feature", "properties": { "id": null }, "geometry": { "type": "MultiLineString", "coordinates": [ [ [ 37.29238457888458, 50.005469296441767 ], [ 37.291191444942129, 50.006993666525752 ] ] ] } },
{ "type": "Feature", "properties": { "id": null }, "geometry": { "type": "MultiLineString", "coordinates": [ [ [ 37.28789802343104, 50.027876854643367 ], [ 37.28804944498043, 50.024071714164485 ] ] ] } },
{ "type": "Feature", "properties": { "id": null }, "geometry": { "type": "MultiLineString", "coordinates": [ [ [ 37.279723988775473, 50.054258551494229 ], [ 37.27973592355066, 50.050741130107369 ] ] ] } },
{ "type": "Feature", "properties": { "id": null }, "geometry": { "type": "MultiLineString", "coordinates": [ [ [ 37.283872311363176, 50.097381693074013 ], [ 37.285087846930409, 50.09626254582048 ] ] ] } },
{ "type": "Feature", "properties": { "id": null }, "geometry": { "type": "MultiLineString", "coordinates": [ [ [ 37.195369963309339, 50.117572516960372 ], [ 37.19511897063466, 50.117787688500734 ], [ 37.192497505355611, 50.11857412808444 ] ] ] } },
{ "type": "Feature", "properties": { "id": null }, "geometry": { "type": "MultiLineString", "coordinates": [ [ [ 37.195137980175083, 50.117262354491928 ], [ 37.194873736785979, 50.117440978576724 ], [ 37.192548243393269, 50.118185136462372 ] ] ] } },
{ "type": "Feature", "properties": { "id": null }, "geometry": { "type": "MultiLineString", "coordinates": [ [ [ 37.193918170410072, 50.117254939105287 ], [ 37.191939386941364, 50.117863795557192 ] ] ] } },
{ "type": "Feature", "properties": { "id": null }, "geometry": { "type": "MultiLineString", "coordinates": [ [ [ 37.192548243393269, 50.118185136462372 ], [ 37.18874289056884, 50.119284460611645 ], [ 37.188336986267565, 50.119571976158383 ] ] ] } },
{ "type": "Feature", "properties": { "id": null }, "geometry": { "type": "MultiLineString", "coordinates": [ [ [ 37.188578276745062, 50.120294861132706 ], [ 37.189081144153235, 50.11969036491292 ], [ 37.191262879772573, 50.118980032385693 ] ] ] } },
{ "type": "Feature", "properties": { "id": null }, "geometry": { "type": "MultiLineString", "coordinates": [ [ [ 37.189537786492167, 50.118675604159741 ], [ 37.18823551019225, 50.119081508461008 ], [ 37.187423701589708, 50.119707277592141 ] ] ] } },
{ "type": "Feature", "properties": { "id": null }, "geometry": { "type": "MultiLineString", "coordinates": [ [ [ 37.116488516703789, 50.116181972781796 ], [ 37.11465689924696, 50.116536150238474 ] ] ] } },
{ "type": "Feature", "properties": { "id": null }, "geometry": { "type": "MultiLineString", "coordinates": [ [ [ 37.094771693533296, 50.120558650044025 ], [ 37.094479788910903, 50.120516191189857 ] ] ] } },
{ "type": "Feature", "properties": { "id": null }, "geometry": { "type": "MultiLineString", "coordinates": [ [ [ 37.03790539103381, 50.107793369716504 ], [ 37.041222831368749, 50.1103574478037 ] ] ] } },
{ "type": "Feature", "properties": { "id": null }, "geometry": { "type": "MultiLineString", "coordinates": [ [ [ 37.000815708784174, 50.1002068438018 ], [ 37.004090258848223, 50.100536755696638 ] ] ] } },
{ "type": "Feature", "properties": { "id": null }, "geometry": { "type": "MultiLineString", "coordinates": [ [ [ 36.946100764308468, 50.091036598672559 ], [ 36.940523954001002, 50.09148847231409 ] ] ] } },
{ "type": "Feature", "properties": { "id": null }, "geometry": { "type": "MultiLineString", "coordinates": [ [ [ 36.855104749663894, 50.106520411948381 ], [ 36.845533891163569, 50.107462497837076 ] ] ] } },
{ "type": "Feature", "properties": { "id": null }, "geometry": { "type": "MultiLineString", "coordinates": [ [ [ 36.673588497685977, 49.750804135090313 ], [ 36.674267301012293, 49.751245357252422 ] ] ] } },
{ "type": "Feature", "properties": { "id": null }, "geometry": { "type": "MultiLineString", "coordinates": [ [ [ 36.668480502655392, 49.749005306275556 ], [ 36.663813729786924, 49.748513173863969 ] ] ] } },
{ "type": "Feature", "properties": { "id": null }, "geometry": { "type": "MultiLineString", "coordinates": [ [ [ 36.663253717042707, 49.748394383281862 ], [ 36.660771327027994, 49.748034239060118 ] ] ] } },
{ "type": "Feature", "properties": { "id": null }, "geometry": { "type": "MultiLineString", "coordinates": [ [ [ 36.657591743334692, 49.748440143361393 ], [ 36.656238728997117, 49.749657856265209 ] ] ] } },
{ "type": "Feature", "properties": { "id": null }, "geometry": { "type": "MultiLineString", "coordinates": [ [ [ 36.654412159641389, 49.751315298828736 ], [ 36.65383712854792, 49.751924155280648 ] ] ] } },
{ "type": "Feature", "properties": { "id": null }, "geometry": { "type": "MultiLineString", "coordinates": [ [ [ 36.463828089805773, 49.997353859765859 ], [ 36.463780895816576, 49.998384173209658 ] ] ] } },
{ "type": "Feature", "properties": { "id": null }, "geometry": { "type": "MultiLineString", "coordinates": [ [ [ 36.252244426723031, 48.285162448533491 ], [ 36.255922742318035, 48.295788693585727 ] ] ] } },
{ "type": "Feature", "properties": { "id": null }, "geometry": { "type": "MultiLineString", "coordinates": [ [ [ 36.252773565647225, 48.288165327975221 ], [ 36.255405053456521, 48.295652459674805 ] ] ] } },
{ "type": "Feature", "properties": { "id": null }, "geometry": { "type": "MultiLineString", "coordinates": [ [ [ 36.254151701475998, 48.293227496060318 ], [ 36.2519982082881, 48.287319560596124 ] ] ] } },
{ "type": "Feature", "properties": { "id": null }, "geometry": { "type": "MultiLineString", "coordinates": [ [ [ 36.25454677981768, 48.310052384059695 ], [ 36.253700038543833, 48.314186249755586 ] ] ] } },
{ "type": "Feature", "properties": { "id": null }, "geometry": { "type": "MultiLineString", "coordinates": [ [ [ 36.253501656585328, 48.31799454025078 ], [ 36.252583780965558, 48.322680536835975 ] ] ] } },
{ "type": "Feature", "properties": { "id": null }, "geometry": { "type": "MultiLineString", "coordinates": [ [ [ 36.249567430373347, 48.340085149723372 ], [ 36.250768441782462, 48.334014977491677 ] ] ] } },
{ "type": "Feature", "properties": { "id": null }, "geometry": { "type": "MultiLineString", "coordinates": [ [ [ 36.249036118120735, 48.340643708758165 ], [ 36.250134683340256, 48.335043304121562 ] ] ] } },
{ "type": "Feature", "properties": { "id": null }, "geometry": { "type": "MultiLineString", "coordinates": [ [ [ 36.248545676041402, 48.341284008139525 ], [ 36.249595237959959, 48.335918583498511 ] ] ] } },
{ "type": "Feature", "properties": { "id": null }, "geometry": { "type": "MultiLineString", "coordinates": [ [ [ 36.418852989865542, 48.319586846582268 ], [ 36.41430702393798, 48.318960725113712 ] ] ] } },
{ "type": "Feature", "properties": { "id": null }, "geometry": { "type": "MultiLineString", "coordinates": [ [ [ 36.420005557634582, 48.320087963003601 ], [ 36.417845147252358, 48.319714527686962 ], [ 36.414725704045246, 48.319298889815734 ] ] ] } },
{ "type": "Feature", "properties": { "id": null }, "geometry": { "type": "MultiLineString", "coordinates": [ [ [ 36.420576830354896, 48.320428722170099 ], [ 36.41733440317514, 48.319991322300829 ] ] ] } },
{ "type": "Feature", "properties": { "id": null }, "geometry": { "type": "MultiLineString", "coordinates": [ [ [ 36.40369922928469, 48.320869704620868 ], [ 36.405232937767018, 48.320498569353852 ] ] ] } },
{ "type": "Feature", "properties": { "id": null }, "geometry": { "type": "MultiLineString", "coordinates": [ [ [ 36.403438648745606, 48.321210463787374 ], [ 36.404002801204932, 48.321071337414232 ], [ 36.4082361623826, 48.320240920057081 ] ] ] } },
{ "type": "Feature", "properties": { "id": null }, "geometry": { "type": "MultiLineString", "coordinates": [ [ [ 36.403739318598397, 48.321410910355901 ], [ 36.407946306923726, 48.320603239380674 ] ] ] } },
{ "type": "Feature", "properties": { "id": null }, "geometry": { "type": "MultiLineString", "coordinates": [ [ [ 36.405232937767018, 48.320498569353852 ], [ 36.408397193193089, 48.319902755355059 ] ] ] } },
{ "type": "Feature", "properties": { "id": null }, "geometry": { "type": "MultiLineString", "coordinates": [ [ [ 35.739225810157379, 47.750226152893589 ], [ 35.739554201296507, 47.748324575606993 ] ] ] } },
{ "type": "Feature", "properties": { "id": null }, "geometry": { "type": "MultiLineString", "coordinates": [ [ [ 35.736955628428596, 47.761016522839014 ], [ 35.73705348549597, 47.760687421685851 ] ] ] } },
{ "type": "Feature", "properties": { "id": null }, "geometry": { "type": "MultiLineString", "coordinates": [ [ [ 35.737096787934078, 47.760167792428597 ], [ 35.737194218419809, 47.759637337561813 ] ] ] } },
{ "type": "Feature", "properties": { "id": null }, "geometry": { "type": "MultiLineString", "coordinates": [ [ [ 35.722475045384961, 47.745938031850343 ], [ 35.720078929758976, 47.745726429320712 ] ] ] } },
{ "type": "Feature", "properties": { "id": null }, "geometry": { "type": "MultiLineString", "coordinates": [ [ [ 35.839338021702972, 47.851319307161511 ], [ 35.839366321127628, 47.850799795381491 ], [ 35.839734391851515, 47.849121825904938 ] ] ] } },
{ "type": "Feature", "properties": { "id": null }, "geometry": { "type": "MultiLineString", "coordinates": [ [ [ 35.84865610840022, 47.84058442642543 ], [ 35.84536912160987, 47.842301691903465 ] ] ] } },
{ "type": "Feature", "properties": { "id": null }, "geometry": { "type": "MultiLineString", "coordinates": [ [ [ 35.875193813781344, 47.806401472791464 ], [ 35.87375386978745, 47.803567661018896 ] ] ] } },
{ "type": "Feature", "properties": { "id": null }, "geometry": { "type": "MultiLineString", "coordinates": [ [ [ 35.867920824168806, 47.791659305021888 ], [ 35.866284199214398, 47.788520063777547 ] ] ] } },
{ "type": "Feature", "properties": { "id": null }, "geometry": { "type": "MultiLineString", "coordinates": [ [ [ 35.86635131581312, 47.782480483834561 ], [ 35.866717223595451, 47.780747276137774 ] ] ] } },
{ "type": "Feature", "properties": { "id": null }, "geometry": { "type": "MultiLineString", "coordinates": [ [ [ 35.886992050730832, 47.772451761990126 ], [ 35.888043674361974, 47.772476510459789 ] ] ] } },
{ "type": "Feature", "properties": { "id": null }, "geometry": { "type": "MultiLineString", "coordinates": [ [ [ 35.837462552641114, 47.710486294750794 ], [ 35.83791027664634, 47.711582456875114 ] ] ] } },
{ "type": "Feature", "properties": { "id": null }, "geometry": { "type": "MultiLineString", "coordinates": [ [ [ 35.839800437114505, 47.964886621240673 ], [ 35.841136308285144, 47.967066841692272 ] ] ] } },
{ "type": "Feature", "properties": { "id": null }, "geometry": { "type": "MultiLineString", "coordinates": [ [ [ 35.839515357550376, 47.964913347449823 ], [ 35.840914383289864, 47.96711014413038 ] ] ] } },
{ "type": "Feature", "properties": { "id": null }, "geometry": { "type": "MultiLineString", "coordinates": [ [ [ 35.839913014408687, 47.965962629520611 ], [ 35.838615575176078, 47.964075926230166 ] ] ] } },
{ "type": "Feature", "properties": { "id": null }, "geometry": { "type": "MultiLineString", "coordinates": [ [ [ 35.84825482793827, 47.988361141599604 ], [ 35.848708822148694, 47.988728886354089 ] ] ] } },
{ "type": "Feature", "properties": { "id": null }, "geometry": { "type": "MultiLineString", "coordinates": [ [ [ 35.850585987139446, 47.98908528991771 ], [ 35.85304447876392, 47.98970319121144 ] ] ] } },
{ "type": "Feature", "properties": { "id": null }, "geometry": { "type": "MultiLineString", "coordinates": [ [ [ 35.863773846710671, 47.99254824769779 ], [ 35.859799659108234, 47.991465059161811 ] ] ] } },
{ "type": "Feature", "properties": { "id": null }, "geometry": { "type": "MultiLineString", "coordinates": [ [ [ 35.859864612765385, 47.99164368171899 ], [ 35.863764937974295, 47.992726422425385 ] ] ] } },
{ "type": "Feature", "properties": { "id": null }, "geometry": { "type": "MultiLineString", "coordinates": [ [ [ 35.865261605685994, 47.993403486390164 ], [ 35.861926891380115, 47.992520556090604 ] ] ] } },
{ "type": "Feature", "properties": { "id": null }, "geometry": { "type": "MultiLineString", "coordinates": [ [ [ 35.683751163632756, 47.756214574655523 ], [ 35.687200518061488, 47.756510325244882 ] ] ] } },
{ "type": "Feature", "properties": { "id": null }, "geometry": { "type": "MultiLineString", "coordinates": [ [ [ 35.687105053511893, 47.756093124604192 ], [ 35.68740186808752, 47.756133887839098 ] ] ] } },
{ "type": "Feature", "properties": { "id": null }, "geometry": { "type": "MultiLineString", "coordinates": [ [ [ 35.687030315018767, 47.756251943902086 ], [ 35.687345507303846, 47.75627076402801 ] ] ] } },
{ "type": "Feature", "properties": { "id": null }, "geometry": { "type": "MultiLineString", "coordinates": [ [ [ 35.691094220582634, 47.754308743080735 ], [ 35.692393823212633, 47.752067859874295 ], [ 35.693875306669085, 47.749209562988142 ] ] ] } },
{ "type": "Feature", "properties": { "id": null }, "geometry": { "type": "MultiLineString", "coordinates": [ [ [ 35.694668383410743, 47.748641929381179 ], [ 35.698170803538851, 47.746926951249492 ] ] ] } },
{ "type": "Feature", "properties": { "id": null }, "geometry": { "type": "MultiLineString", "coordinates": [ [ [ 35.720078929758976, 47.745726429320712 ], [ 35.714241678425466, 47.745127431942301 ] ] ] } },
{ "type": "Feature", "properties": { "id": null }, "geometry": { "type": "MultiLineString", "coordinates": [ [ [ 35.739554201296507, 47.748324575606993 ], [ 35.739620134158272, 47.747824698017943 ], [ 35.734096777358552, 47.747180574775996 ] ] ] } },
{ "type": "Feature", "properties": { "id": null }, "geometry": { "type": "MultiLineString", "coordinates": [ [ [ 35.737096787934078, 47.760167792428597 ], [ 35.73705348549597, 47.760687421685851 ] ] ] } },
{ "type": "Feature", "properties": { "id": null }, "geometry": { "type": "MultiLineString", "coordinates": [ [ [ 35.737194218419809, 47.759637337561813 ], [ 35.737695815972941, 47.757494598187698 ], [ 35.738050083756008, 47.755900393163849 ], [ 35.738452660782222, 47.754161260410584 ], [ 35.738806928565296, 47.751375427389156 ] ] ] } },
{ "type": "Feature", "properties": { "id": null }, "geometry": { "type": "MultiLineString", "coordinates": [ [ [ 35.83791027664634, 47.711582456875114 ], [ 35.838646031067448, 47.713436568438325 ], [ 35.840449576144906, 47.714757021084317 ], [ 35.842696328088039, 47.716393712365601 ], [ 35.844174177366291, 47.718845114212009 ], [ 35.846365471123697, 47.719805072319133 ] ] ] } },
{ "type": "Feature", "properties": { "id": null }, "geometry": { "type": "MultiLineString", "coordinates": [ [ [ 35.828662095075252, 47.699415655456157 ], [ 35.829338450221286, 47.700280351221515 ], [ 35.833058261943549, 47.7043383276458 ] ] ] } },
{ "type": "Feature", "properties": { "id": null }, "geometry": { "type": "MultiLineString", "coordinates": [ [ [ 35.83349304513186, 47.704837523158311 ], [ 35.834926219345199, 47.70627069737165 ], [ 35.835280487128273, 47.707204676072472 ], [ 35.836407702801687, 47.709652344391884 ] ] ] } },
{ "type": "Feature", "properties": { "id": null }, "geometry": { "type": "MultiLineString", "coordinates": [ [ [ 35.877253793498213, 47.756023057267129 ], [ 35.877414198692286, 47.755465609975509 ] ] ] } },
{ "type": "Feature", "properties": { "id": null }, "geometry": { "type": "MultiLineString", "coordinates": [ [ [ 35.888043674361974, 47.772476510459789 ], [ 35.891576858474622, 47.772381896617205 ] ] ] } },
{ "type": "Feature", "properties": { "id": null }, "geometry": { "type": "MultiLineString", "coordinates": [ [ [ 35.866717223595451, 47.780747276137774 ], [ 35.867084072199511, 47.778951953685088 ] ] ] } },
{ "type": "Feature", "properties": { "id": null }, "geometry": { "type": "MultiLineString", "coordinates": [ [ [ 35.866069578093423, 47.788605750773776 ], [ 35.868324009440244, 47.792961634197454 ] ] ] } },
{ "type": "Feature", "properties": { "id": null }, "geometry": { "type": "MultiLineString", "coordinates": [ [ [ 35.87375386978745, 47.803567661018896 ], [ 35.871351388677397, 47.798702382591323 ] ] ] } },
{ "type": "Feature", "properties": { "id": null }, "geometry": { "type": "MultiLineString", "coordinates": [ [ [ 35.839734391851515, 47.849121825904938 ], [ 35.840401266901722, 47.846657357954456 ] ] ] } },
{ "type": "Feature", "properties": { "id": null }, "geometry": { "type": "MultiLineString", "coordinates": [ [ [ 35.841646603675478, 47.844740169704906 ], [ 35.84130063780006, 47.844919863925526 ] ] ] } },
{ "type": "Feature", "properties": { "id": null }, "geometry": { "type": "MultiLineString", "coordinates": [ [ [ 35.840401266901722, 47.846657357954456 ], [ 35.840824989844705, 47.84474923670178 ], [ 35.84536912160987, 47.842301691903465 ] ] ] } },
{ "type": "Feature", "properties": { "id": null }, "geometry": { "type": "MultiLineString", "coordinates": [ [ [ 35.841087738956055, 47.844792986913646 ], [ 35.848732717168708, 47.840898655597933 ] ] ] } },
{ "type": "Feature", "properties": { "id": null }, "geometry": { "type": "MultiLineString", "coordinates": [ [ [ 35.838406675502654, 47.94194835673725 ], [ 35.839990638334982, 47.942498870586256 ], [ 35.840908513954759, 47.942353942856819 ] ] ] } },
{ "type": "Feature", "properties": { "id": null }, "geometry": { "type": "MultiLineString", "coordinates": [ [ [ 35.83829768837392, 47.942070967257088 ], [ 35.839805452902922, 47.942627695234656 ] ] ] } },
{ "type": "Feature", "properties": { "id": null }, "geometry": { "type": "MultiLineString", "coordinates": [ [ [ 35.838161454462991, 47.94226169473238 ], [ 35.839121071958346, 47.942651849856226 ] ] ] } },
{ "type": "Feature", "properties": { "id": null }, "geometry": { "type": "MultiLineString", "coordinates": [ [ [ 35.841136308285144, 47.967066841692272 ], [ 35.84323540916629, 47.970316943097941 ] ] ] } },
{ "type": "Feature", "properties": { "id": null }, "geometry": { "type": "MultiLineString", "coordinates": [ [ [ 35.840914383289864, 47.96711014413038 ], [ 35.843001914491083, 47.970349149260045 ] ] ] } },
{ "type": "Feature", "properties": { "id": null }, "geometry": { "type": "MultiLineString", "coordinates": [ [ [ 35.839913014408687, 47.965962629520611 ], [ 35.841810286493477, 47.968948181208809 ] ] ] } },
{ "type": "Feature", "properties": { "id": null }, "geometry": { "type": "MultiLineString", "coordinates": [ [ [ 35.85304447876392, 47.98970319121144 ], [ 35.859799659108234, 47.991465059161811 ] ] ] } },
{ "type": "Feature", "properties": { "id": null }, "geometry": { "type": "MultiLineString", "coordinates": [ [ [ 35.859864612765385, 47.99164368171899 ], [ 35.850551882170528, 47.989280992439916 ] ] ] } },
{ "type": "Feature", "properties": { "id": null }, "geometry": { "type": "MultiLineString", "coordinates": [ [ [ 35.848708822148694, 47.988728886354089 ], [ 35.849072776046476, 47.989044826357606 ], [ 35.850892424204979, 47.989624537275361 ] ] ] } },
{ "type": "Feature", "properties": { "id": null }, "geometry": { "type": "MultiLineString", "coordinates": [ [ [ 35.8563513686805, 47.9910577114887 ], [ 35.861926891380115, 47.992520556090604 ] ] ] } },
{ "type": "Feature", "properties": { "id": null }, "geometry": { "type": "MultiLineString", "coordinates": [ [ [ 35.449257859735162, 48.328852489211911 ], [ 35.451664838844806, 48.328980867296323 ] ] ] } },
{ "type": "Feature", "properties": { "id": null }, "geometry": { "type": "MultiLineString", "coordinates": [ [ [ 36.17394737243594, 48.095657962549325 ], [ 36.178042618791046, 48.094165739443717 ] ] ] } },
{ "type": "Feature", "properties": { "id": null }, "geometry": { "type": "MultiLineString", "coordinates": [ [ [ 36.176142262361346, 48.094585573407691 ], [ 36.177994309547898, 48.093900038606414 ] ] ] } },
{ "type": "Feature", "properties": { "id": null }, "geometry": { "type": "MultiLineString", "coordinates": [ [ [ 36.239262886791359, 48.088231417185291 ], [ 36.234258474732172, 48.087893589375227 ] ] ] } },
{ "type": "Feature", "properties": { "id": null }, "geometry": { "type": "MultiLineString", "coordinates": [ [ [ 36.291223648518432, 48.171627212022095 ], [ 36.292116844940246, 48.169133633266057 ], [ 36.292583834290653, 48.168151345322087 ], [ 36.293227957532608, 48.166702068027696 ] ] ] } },
{ "type": "Feature", "properties": { "id": null }, "geometry": { "type": "MultiLineString", "coordinates": [ [ [ 36.28969976152608, 48.173850672584976 ], [ 36.29047433067327, 48.171726229314906 ] ] ] } },
{ "type": "Feature", "properties": { "id": null }, "geometry": { "type": "MultiLineString", "coordinates": [ [ [ 36.30814120037607, 48.187469111008312 ], [ 36.309717512526518, 48.189632855441069 ], [ 36.310281120363229, 48.191259266626986 ], [ 36.31050656349791, 48.192708543921377 ], [ 36.311343923712442, 48.194866356781901 ], [ 36.311939737711249, 48.195687613915389 ], [ 36.31430689062541, 48.197764911370676 ], [ 36.315382471190496, 48.19876767740103 ] ] ] } },
{ "type": "Feature", "properties": { "id": null }, "geometry": { "type": "MultiLineString", "coordinates": [ [ [ 36.313869099598094, 48.196973680612686 ], [ 36.312092716981212, 48.195389706915989 ], [ 36.311432490658213, 48.194399367431494 ], [ 36.310941346686221, 48.193368770244376 ], [ 36.310699800470488, 48.192257657652014 ], [ 36.310603181984192, 48.191323678951186 ], [ 36.310216708039022, 48.190132050953579 ], [ 36.309951007201718, 48.189608700819505 ], [ 36.308558090691001, 48.187563609526315 ], [ 36.30755969966598, 48.186275363042412 ], [ 36.306665978667773, 48.185446054368406 ], [ 36.306094319290544, 48.18505152888271 ], [ 36.305466299129641, 48.184882446531695 ], [ 36.29869495354864, 48.183932364749822 ], [ 36.29742281014579, 48.182724633671171 ], [ 36.294451791692303, 48.179600635947722 ], [ 36.292126483417682, 48.17708347342657 ] ] ] } },
{ "type": "Feature", "properties": { "id": null }, "geometry": { "type": "MultiLineString", "coordinates": [ [ [ 36.291345859592411, 48.175912537688667 ], [ 36.290083830957833, 48.173839758702542 ], [ 36.290192526754915, 48.173461336297876 ], [ 36.291054041591018, 48.171448451166796 ], [ 36.291931659508158, 48.168984679766339 ], [ 36.29303472055998, 48.16660947531166 ] ] ] } },
{ "type": "Feature", "properties": { "id": null }, "geometry": { "type": "MultiLineString", "coordinates": [ [ [ 36.347674413380638, 48.269575427734132 ], [ 36.347938175395633, 48.269886585617698 ], [ 36.350555832803252, 48.271008620699135 ] ] ] } },
{ "type": "Feature", "properties": { "id": null }, "geometry": { "type": "MultiLineString", "coordinates": [ [ [ 36.351172206001479, 48.271289245895076 ], [ 36.352715644579156, 48.271640027389999 ] ] ] } },
{ "type": "Feature", "properties": { "id": null }, "geometry": { "type": "MultiLineString", "coordinates": [ [ [ 36.255214325981228, 48.30869685664598 ], [ 36.25450004761035, 48.311988091019614 ] ] ] } },
{ "type": "Feature", "properties": { "id": null }, "geometry": { "type": "MultiLineString", "coordinates": [ [ [ 36.253700038543833, 48.314186249755586 ], [ 36.252889739505477, 48.317302107765684 ] ] ] } },
{ "type": "Feature", "properties": { "id": null }, "geometry": { "type": "MultiLineString", "coordinates": [ [ [ 36.251367187589665, 48.329699360433317 ], [ 36.252583780965558, 48.322680536835975 ] ] ] } },
{ "type": "Feature", "properties": { "id": null }, "geometry": { "type": "MultiLineString", "coordinates": [ [ [ 36.252248220539308, 48.322448932525674 ], [ 36.251037885184871, 48.329894717145784 ] ] ] } },
{ "type": "Feature", "properties": { "id": null }, "geometry": { "type": "MultiLineString", "coordinates": [ [ [ 36.250651411239701, 48.329701480173199 ], [ 36.251343843724797, 48.324242535697678 ] ] ] } },
{ "type": "Feature", "properties": { "id": null }, "geometry": { "type": "MultiLineString", "coordinates": [ [ [ 36.418692632610728, 48.389392364072748 ], [ 36.415257105719853, 48.387688675029686 ], [ 36.411937421212727, 48.386167745229827 ] ] ] } },
{ "type": "Feature", "properties": { "id": null }, "geometry": { "type": "MultiLineString", "coordinates": [ [ [ 36.417033937256136, 48.389061627234668 ], [ 36.413984962317002, 48.387640365786538 ] ] ] } },
{ "type": "Feature", "properties": { "id": null }, "geometry": { "type": "MultiLineString", "coordinates": [ [ [ 36.419419251421644, 48.389833346523517 ], [ 36.418381103443295, 48.389419756242418 ], [ 36.415241002638787, 48.387906066623842 ], [ 36.411785187641598, 48.386311412507965 ] ] ] } },
{ "type": "Feature", "properties": { "id": null }, "geometry": { "type": "MultiLineString", "coordinates": [ [ [ 36.68433480174231, 48.387474584309487 ], [ 36.683555129680869, 48.387677631811925 ] ] ] } },
{ "type": "Feature", "properties": { "id": null }, "geometry": { "type": "MultiLineString", "coordinates": [ [ [ 36.909280597922972, 48.518189306681478 ], [ 36.907431674893267, 48.517954549173382 ] ] ] } },
{ "type": "Feature", "properties": { "id": null }, "geometry": { "type": "MultiLineString", "coordinates": [ [ [ 36.943285184848271, 48.531118817930725 ], [ 36.937447817968113, 48.530619622418207 ] ] ] } },
{ "type": "Feature", "properties": { "id": null }, "geometry": { "type": "MultiLineString", "coordinates": [ [ [ 36.948588170011654, 48.534064674909047 ], [ 36.94862335621594, 48.53298677533239 ] ] ] } },
{ "type": "Feature", "properties": { "id": null }, "geometry": { "type": "MultiLineString", "coordinates": [ [ [ 37.034340056638349, 48.837689274936473 ], [ 37.033824758044787, 48.83640102845257 ] ] ] } },
{ "type": "Feature", "properties": { "id": null }, "geometry": { "type": "MultiLineString", "coordinates": [ [ [ 36.250651411239701, 48.329701480173199 ], [ 36.250456178281176, 48.33150347198815 ] ] ] } },
{ "type": "Feature", "properties": { "id": null }, "geometry": { "type": "MultiLineString", "coordinates": [ [ [ 36.251037885184871, 48.329894717145784 ], [ 36.250883259115973, 48.330883519528818 ] ] ] } },
{ "type": "Feature", "properties": { "id": null }, "geometry": { "type": "MultiLineString", "coordinates": [ ] } },
{ "type": "Feature", "properties": { "id": null }, "geometry": { "type": "MultiLineString", "coordinates": [ [ [ 36.256835509521238, 48.305938119949722 ], [ 36.255719861000536, 48.307694460565486 ], [ 36.254789058847884, 48.311996275919604 ], [ 36.253501656585328, 48.31799454025078 ] ] ] } },
{ "type": "Feature", "properties": { "id": null }, "geometry": { "type": "MultiLineString", "coordinates": [ [ [ 36.25450004761035, 48.311988091019614 ], [ 36.252248220539308, 48.322448932525674 ] ] ] } },
{ "type": "Feature", "properties": { "id": null }, "geometry": { "type": "MultiLineString", "coordinates": [ [ [ 36.252889739505477, 48.317302107765684 ], [ 36.251795397870453, 48.322323148450991 ] ] ] } },
{ "type": "Feature", "properties": { "id": null }, "geometry": { "type": "MultiLineString", "coordinates": [ [ [ 36.251343843724797, 48.324242535697678 ], [ 36.251795397870453, 48.322323148450991 ] ] ] } },
{ "type": "Feature", "properties": { "id": null }, "geometry": { "type": "MultiLineString", "coordinates": [ [ [ 35.877340267561507, 47.770459982109209 ], [ 35.877134941408166, 47.769984645886971 ] ] ] } },
{ "type": "Feature", "properties": { "id": null }, "geometry": { "type": "MultiLineString", "coordinates": [ [ [ 35.891576858474622, 47.772381896617198 ], [ 35.894097139689499, 47.772296087195556 ] ] ] } },
{ "type": "Feature", "properties": { "id": null }, "geometry": { "type": "MultiLineString", "coordinates": [ [ [ 35.867084072199511, 47.778951953685088 ], [ 35.867233658013696, 47.778187419585549 ] ] ] } },
{ "type": "Feature", "properties": { "id": null }, "geometry": { "type": "MultiLineString", "coordinates": [ [ [ 35.867279286047768, 47.777972784050675 ], [ 35.867598682286307, 47.77656229992138 ] ] ] } },
{ "type": "Feature", "properties": { "id": null }, "geometry": { "type": "MultiLineString", "coordinates": [ ] } },
{ "type": "Feature", "properties": { "id": null }, "geometry": { "type": "MultiLineString", "coordinates": [ [ [ 35.871351388677397, 47.798702382591323 ], [ 35.870359178347897, 47.796910958839185 ] ] ] } },
{ "type": "Feature", "properties": { "id": null }, "geometry": { "type": "MultiLineString", "coordinates": [ [ [ 35.870142445186026, 47.796979923796002 ], [ 35.871191889969772, 47.798910905422652 ] ] ] } },
{ "type": "Feature", "properties": { "id": null }, "geometry": { "type": "MultiLineString", "coordinates": [ [ [ 35.868324009440236, 47.792961634197454 ], [ 35.870062596126388, 47.796535481357253 ] ] ] } },
{ "type": "Feature", "properties": { "id": null }, "geometry": { "type": "MultiLineString", "coordinates": [ [ [ 35.865727932889179, 47.814356174916497 ], [ 35.865568234769917, 47.815290711504538 ] ] ] } },
{ "type": "Feature", "properties": { "id": null }, "geometry": { "type": "MultiLineString", "coordinates": [ [ [ 35.875241377994023, 47.809759848569328 ], [ 35.875264192011052, 47.810870664713939 ] ] ] } },
{ "type": "Feature", "properties": { "id": null }, "geometry": { "type": "MultiLineString", "coordinates": [ [ [ 35.875469518164394, 47.811322645172126 ], [ 35.875606402266619, 47.812310859928644 ] ] ] } },
{ "type": "Feature", "properties": { "id": null }, "geometry": { "type": "MultiLineString", "coordinates": [ [ [ 36.330410952666021, 48.065470709328778 ], [ 36.329364781151945, 48.068788541913626 ], [ 36.325736676182764, 48.077421318781639 ] ] ] } },
{ "type": "Feature", "properties": { "id": null }, "geometry": { "type": "MultiLineString", "coordinates": [ [ [ 36.333836463341626, 48.109779601221661 ], [ 36.334324489570449, 48.110416156698818 ], [ 36.334835214693634, 48.114439914218522 ], [ 36.334937359718261, 48.115303730682186 ], [ 36.335983367271126, 48.117366325921125 ] ] ] } },
{ "type": "Feature", "properties": { "id": null }, "geometry": { "type": "MultiLineString", "coordinates": [ [ [ 36.338148190211257, 48.127178185450646 ], [ 36.338631569408037, 48.129615871582907 ] ] ] } },
{ "type": "Feature", "properties": { "id": null }, "geometry": { "type": "MultiLineString", "coordinates": [ [ [ 36.178042618791039, 48.094165739443717 ], [ 36.182457536829247, 48.092506235897012 ], [ 36.18754208916674, 48.091187188470798 ] ] ] } },
{ "type": "Feature", "properties": { "id": null }, "geometry": { "type": "MultiLineString", "coordinates": [ [ [ 36.177994309547891, 48.093900038606414 ], [ 36.182332692910251, 48.092324300332557 ], [ 36.192070518592324, 48.089617932808963 ], [ 36.194147467426617, 48.089003863210557 ] ] ] } },
{ "type": "Feature", "properties": { "id": null }, "geometry": { "type": "MultiLineString", "coordinates": [ [ [ 36.1920577199026, 48.08943409659647 ], [ 36.202375816633499, 48.086320065586335 ], [ 36.207210681132999, 48.086532348465077 ] ] ] } },
{ "type": "Feature", "properties": { "id": null }, "geometry": { "type": "MultiLineString", "coordinates": [ [ [ 36.234258474732172, 48.08789358937522 ], [ 36.231952475989573, 48.087715051321588 ] ] ] } },
{ "type": "Feature", "properties": { "id": null }, "geometry": { "type": "MultiLineString", "coordinates": [ [ [ 36.231543895891015, 48.087643028527872 ], [ 36.226924670887961, 48.086763584175245 ] ] ] } },
{ "type": "Feature", "properties": { "id": null }, "geometry": { "type": "MultiLineString", "coordinates": [ [ [ 36.226890622546421, 48.086937957957623 ], [ 36.231509847549475, 48.087794655344659 ] ] ] } },
{ "type": "Feature", "properties": { "id": null }, "geometry": { "type": "MultiLineString", "coordinates": [ [ [ 36.231941126542388, 48.087855305946192 ], [ 36.241837844485033, 48.088613432430733 ] ] ] } },
{ "type": "Feature", "properties": { "id": null }, "geometry": { "type": "MultiLineString", "coordinates": [ [ [ 36.242269123477946, 48.088658919664418 ], [ 36.250917402230584, 48.089515588385069 ], [ 36.257177798853697, 48.089965280003099 ] ] ] } },
{ "type": "Feature", "properties": { "id": null }, "geometry": { "type": "MultiLineString", "coordinates": [ [ [ 36.250247358746776, 48.089694677135569 ], [ 36.246536515618352, 48.089295736711748 ] ] ] } },
{ "type": "Feature", "properties": { "id": null }, "geometry": { "type": "MultiLineString", "coordinates": [ [ [ 36.2433619757307, 48.088576915067044 ], [ 36.24231864415048, 48.088488976303111 ] ] ] } },
{ "type": "Feature", "properties": { "id": null }, "geometry": { "type": "MultiLineString", "coordinates": [ ] } },
{ "type": "Feature", "properties": { "id": null }, "geometry": { "type": "MultiLineString", "coordinates": [ [ [ 36.266428407991349, 48.09127820502696 ], [ 36.268513690087467, 48.092853518126951 ] ] ] } },
{ "type": "Feature", "properties": { "id": null }, "geometry": { "type": "MultiLineString", "coordinates": [ [ [ 36.302839527164736, 48.146992328749818 ], [ 36.300395317220207, 48.151415684493891 ] ] ] } },
{ "type": "Feature", "properties": { "id": null }, "geometry": { "type": "MultiLineString", "coordinates": [ [ [ 36.303300554272354, 48.147172730661495 ], [ 36.29921497471328, 48.1548078044869 ], [ 36.296831590805077, 48.159199055326376 ] ] ] } },
{ "type": "Feature", "properties": { "id": null }, "geometry": { "type": "MultiLineString", "coordinates": [ [ [ 36.299146878030193, 48.154383801750996 ], [ 36.302574411079121, 48.148053630037417 ], [ 36.303310576600786, 48.14679188218129 ] ] ] } },
{ "type": "Feature", "properties": { "id": null }, "geometry": { "type": "MultiLineString", "coordinates": [ [ [ 36.303551112483021, 48.146390989044221 ], [ 36.303784930547288, 48.145714274708858 ] ] ] } },
{ "type": "Feature", "properties": { "id": null }, "geometry": { "type": "MultiLineString", "coordinates": [ [ [ 36.295458307696052, 48.161614083084523 ], [ 36.294391459660957, 48.163249272435507 ], [ 36.293227957532601, 48.166702068027689 ] ] ] } },
{ "type": "Feature", "properties": { "id": null }, "geometry": { "type": "MultiLineString", "coordinates": [ [ [ 36.29303472055998, 48.166609475311652 ], [ 36.293960180668044, 48.163491518276537 ], [ 36.294425508002504, 48.162779917862892 ] ] ] } },
{ "type": "Feature", "properties": { "id": null }, "geometry": { "type": "MultiLineString", "coordinates": [ [ [ 36.292087521883019, 48.167624661647459 ], [ 36.291247662791569, 48.169759231636895 ], [ 36.290474330673263, 48.171726229314899 ] ] ] } },
{ "type": "Feature", "properties": { "id": null }, "geometry": { "type": "MultiLineString", "coordinates": [ [ [ 36.408397193193089, 48.319902755355052 ], [ 36.411846888546783, 48.319207451246399 ] ] ] } },
{ "type": "Feature", "properties": { "id": null }, "geometry": { "type": "MultiLineString", "coordinates": [ [ [ 36.411937684124233, 48.319509336577411 ], [ 36.4082361623826, 48.320240920057081 ] ] ] } },
{ "type": "Feature", "properties": { "id": null }, "geometry": { "type": "MultiLineString", "coordinates": [ [ [ 36.407946306923719, 48.320603239380674 ], [ 36.411869587441153, 48.319841408378181 ] ] ] } },
{ "type": "Feature", "properties": { "id": null }, "geometry": { "type": "MultiLineString", "coordinates": [ [ [ 36.414307023937972, 48.318960725113712 ], [ 36.413549305624073, 48.318898016928088 ], [ 36.412312215881244, 48.319131979634513 ] ] ] } },
{ "type": "Feature", "properties": { "id": null }, "geometry": { "type": "MultiLineString", "coordinates": [ [ [ 36.412550554272059, 48.319373488399528 ], [ 36.413640101201516, 48.319184809774555 ], [ 36.414725704045246, 48.319298889815741 ] ] ] } },
{ "type": "Feature", "properties": { "id": null }, "geometry": { "type": "MultiLineString", "coordinates": [ [ [ 36.41733440317514, 48.319991322300822 ], [ 36.413742246226164, 48.319441412533699 ], [ 36.413276918891697, 48.319509336577426 ] ] ] } },
{ "type": "Feature", "properties": { "id": null }, "geometry": { "type": "MultiLineString", "coordinates": [ [ [ 36.424102052591302, 48.357168279663405 ], [ 36.424876053911639, 48.358083120864308 ] ] ] } },
{ "type": "Feature", "properties": { "id": null }, "geometry": { "type": "MultiLineString", "coordinates": [ [ [ 36.412289516986874, 48.385835460585419 ], [ 36.411426959001041, 48.386649481764266 ] ] ] } },
{ "type": "Feature", "properties": { "id": null }, "geometry": { "type": "MultiLineString", "coordinates": [ [ [ 36.411483706236957, 48.386257547266361 ], [ 36.411177271163041, 48.38656657279526 ] ] ] } },
{ "type": "Feature", "properties": { "id": null }, "geometry": { "type": "MultiLineString", "coordinates": [ [ [ 36.413984962317002, 48.387640365786538 ], [ 36.411554067603291, 48.386529526479599 ] ] ] } },
{ "type": "Feature", "properties": { "id": null }, "geometry": { "type": "MultiLineString", "coordinates": [ [ [ 36.90743167489326, 48.517954549173375 ], [ 36.906725089434545, 48.517872634667938 ] ] ] } },
{ "type": "Feature", "properties": { "id": null }, "geometry": { "type": "MultiLineString", "coordinates": [ [ [ 36.937447817968106, 48.530619622418207 ], [ 36.936361420268248, 48.530636549093487 ] ] ] } },
{ "type": "Feature", "properties": { "id": null }, "geometry": { "type": "MultiLineString", "coordinates": [ [ [ 36.94862335621594, 48.532986775332382 ], [ 36.948686548403252, 48.532540965934928 ] ] ] } },
{ "type": "Feature", "properties": { "id": null }, "geometry": { "type": "MultiLineString", "coordinates": [ [ [ 36.960113847702118, 48.539757357455272 ], [ 36.958005092250779, 48.539539700757828 ] ] ] } },
{ "type": "Feature", "properties": { "id": null }, "geometry": { "type": "MultiLineString", "coordinates": [ [ [ 36.974457087522538, 48.617281028037638 ], [ 36.974391588713978, 48.617075862806409 ], [ 36.973972165022566, 48.617033204928859 ] ] ] } },
{ "type": "Feature", "properties": { "id": null }, "geometry": { "type": "MultiLineString", "coordinates": [ [ [ 36.973488214609397, 48.616915895579758 ], [ 36.973359161165881, 48.617246493956117 ], [ 36.973649531413791, 48.617257158383829 ] ] ] } },
{ "type": "Feature", "properties": { "id": null }, "geometry": { "type": "MultiLineString", "coordinates": [ [ [ 36.973488214609397, 48.616915895579758 ], [ 36.973705992295322, 48.616947889065642 ] ] ] } },
{ "type": "Feature", "properties": { "id": null }, "geometry": { "type": "MultiLineString", "coordinates": [ [ [ 36.973359161165881, 48.617246493956117 ], [ 36.966729040505463, 48.617113188419687 ], [ 36.965857929761754, 48.617123852875551 ], [ 36.965164267502885, 48.617017208215493 ], [ 36.965196530863757, 48.616793253696038 ], [ 36.965777271359563, 48.616910563330123 ], [ 36.966180563370536, 48.616899898829217 ], [ 36.966390092718662, 48.617117337942538 ] ] ] } },
{ "type": "Feature", "properties": { "id": null }, "geometry": { "type": "MultiLineString", "coordinates": [ [ [ 36.965164267502885, 48.617017208215493 ], [ 36.963760811304695, 48.616665279238866 ], [ 36.963099412406699, 48.616206701436589 ], [ 36.961841141332457, 48.614265698099274 ] ] ] } },
{ "type": "Feature", "properties": { "id": null }, "geometry": { "type": "MultiLineString", "coordinates": [ [ [ 36.96164756116719, 48.613881754532883 ], [ 36.960582870258222, 48.612036651665193 ], [ 36.959711759514512, 48.610127485814594 ] ] ] } },
{ "type": "Feature", "properties": { "id": null }, "geometry": { "type": "MultiLineString", "coordinates": [ [ [ 36.959243940781775, 48.609508857931658 ], [ 36.958921307172993, 48.609220873400915 ], [ 36.958711595327294, 48.60881555905673 ] ] ] } },
{ "type": "Feature", "properties": { "id": null }, "geometry": { "type": "MultiLineString", "coordinates": [ [ [ 36.957743694500948, 48.607012937434249 ], [ 36.957033900561633, 48.605860932520009 ] ] ] } },
{ "type": "Feature", "properties": { "id": null }, "geometry": { "type": "MultiLineString", "coordinates": [ [ [ 37.464253459865283, 48.686524714624198 ], [ 37.467577388934615, 48.686283398609774 ] ] ] } },
{ "type": "Feature", "properties": { "id": null }, "geometry": { "type": "MultiLineString", "coordinates": [ [ [ 37.476094916206378, 48.684606021345893 ], [ 37.476058619925404, 48.684781749202912 ], [ 37.476022323644408, 48.685013389532138 ] ] ] } },
{ "type": "Feature", "properties": { "id": null }, "geometry": { "type": "MultiLineString", "coordinates": [ [ [ 37.476240101330333, 48.684957476446776 ], [ 37.476312693892318, 48.684614008989044 ] ] ] } },
{ "type": "Feature", "properties": { "id": null }, "geometry": { "type": "MultiLineString", "coordinates": [ [ [ 37.476274606866419, 48.684794215814669 ], [ 37.477087014553383, 48.684637971910952 ], [ 37.479264791412646, 48.683375909178295 ], [ 37.481466765792561, 48.683359933497975 ], [ 37.482579851742855, 48.683200176416008 ], [ 37.485047998850014, 48.683359933497975 ], [ 37.48712898562664, 48.683296030725991 ], [ 37.487733923643091, 48.682880660731819 ], [ 37.488726021990097, 48.682321503407067 ], [ 37.489790712899065, 48.682017958259735 ], [ 37.490395650915531, 48.681810268420691 ], [ 37.491968489758328, 48.681890149229375 ] ] ] } },
{ "type": "Feature", "properties": { "id": null }, "geometry": { "type": "MultiLineString", "coordinates": [ [ [ 37.448933199267287, 48.691403047495342 ], [ 37.44846134761444, 48.691251302517955 ] ] ] } },
{ "type": "Feature", "properties": { "id": null }, "geometry": { "type": "MultiLineString", "coordinates": [ [ [ 37.448788014143339, 48.691618684308104 ], [ 37.448195174887204, 48.691395060928997 ] ] ] } },
{ "type": "Feature", "properties": { "id": null }, "geometry": { "type": "MultiLineString", "coordinates": [ [ [ 37.448474004779094, 48.691500237762881 ], [ 37.447820113317, 48.692025995768034 ] ] ] } },
{ "type": "Feature", "properties": { "id": null }, "geometry": { "type": "MultiLineString", "coordinates": [ [ [ 37.477810280721549, 48.695991311307885 ], [ 37.477425779842591, 48.696059000024597 ], [ 37.476240101330333, 48.695907269079598 ], [ 37.475453681908924, 48.695579848113802 ], [ 37.47397763314877, 48.695268396926238 ], [ 37.473542077776919, 48.696162815670853 ] ] ] } },
{ "type": "Feature", "properties": { "id": null }, "geometry": { "type": "MultiLineString", "coordinates": [ [ [ 37.002307461721145, 48.827621877133495 ], [ 37.002888202216937, 48.827844894855154 ], [ 37.006324250150406, 48.833228878599741 ] ] ] } },
{ "type": "Feature", "properties": { "id": null }, "geometry": { "type": "MultiLineString", "coordinates": [ [ [ 37.230621655546429, 49.72288080991833 ], [ 37.229097211744964, 49.723795936567257 ] ] ] } },
{ "type": "Feature", "properties": { "id": null }, "geometry": { "type": "MultiLineString", "coordinates": [ [ [ 37.212079572233044, 49.701853714333829 ], [ 37.211010184755288, 49.700892940050544 ] ] ] } },
{ "type": "Feature", "properties": { "id": null }, "geometry": { "type": "MultiLineString", "coordinates": [ [ [ 37.291191444942129, 50.006993666525752 ], [ 37.290066077660903, 50.008577887306174 ], [ 37.288805553192567, 50.014648227779318 ], [ 37.288324978239032, 50.017847631585802 ] ] ] } },
{ "type": "Feature", "properties": { "id": null }, "geometry": { "type": "MultiLineString", "coordinates": [ [ [ 37.287300802108511, 50.029813133064266 ], [ 37.287647446337303, 50.021714980880148 ] ] ] } },
{ "type": "Feature", "properties": { "id": null }, "geometry": { "type": "MultiLineString", "coordinates": [ [ [ 37.28804944498043, 50.024071714164471 ], [ 37.288246195459763, 50.021633992463414 ] ] ] } },
{ "type": "Feature", "properties": { "id": null }, "geometry": { "type": "MultiLineString", "coordinates": [ [ [ 37.27973592355066, 50.050741130107369 ], [ 37.279863707745356, 50.048413466137909 ], [ 37.28035216097684, 50.047745679020927 ], [ 37.281392093663214, 50.04648090523051 ], [ 37.281675711668584, 50.046308893420431 ] ] ] } },
{ "type": "Feature", "properties": { "id": null }, "geometry": { "type": "MultiLineString", "coordinates": [ [ [ 37.281297554328077, 50.045944631081873 ], [ 37.279217688955328, 50.048241461253745 ], [ 37.279170419287759, 50.051377924036238 ] ] ] } },
{ "type": "Feature", "properties": { "id": null }, "geometry": { "type": "MultiLineString", "coordinates": [ [ [ 37.291731201130283, 50.090680960580649 ], [ 37.291436898020244, 50.091061754879156 ], [ 37.291154218302907, 50.091300368615919 ] ] ] } },
{ "type": "Feature", "properties": { "id": null }, "geometry": { "type": "MultiLineString", "coordinates": [ [ [ 37.285087846930409, 50.09626254582048 ], [ 37.2909326882329, 50.090935393180608 ] ] ] } },
{ "type": "Feature", "properties": { "id": null }, "geometry": { "type": "MultiLineString", "coordinates": [ [ [ 37.282227954561726, 50.099038726536065 ], [ 37.281900242589515, 50.098930904905338 ] ] ] } },
{ "type": "Feature", "properties": { "id": null }, "geometry": { "type": "MultiLineString", "coordinates": [ [ [ 37.193918170410072, 50.117254939105287 ], [ 37.196011256628502, 50.115786852544773 ], [ 37.199903125924479, 50.113644818968588 ], [ 37.20310170676288, 50.111916976783078 ], [ 37.210050347894558, 50.109744455151983 ], [ 37.211909621485347, 50.109158362668744 ] ] ] } },
{ "type": "Feature", "properties": { "id": null }, "geometry": { "type": "MultiLineString", "coordinates": [ [ [ 37.114656899246953, 50.116536150238474 ], [ 37.113291538049168, 50.116773124318613 ] ] ] } },
{ "type": "Feature", "properties": { "id": null }, "geometry": { "type": "MultiLineString", "coordinates": [ [ [ 37.113947245445907, 50.116953232298869 ], [ 37.113549321565756, 50.117037169831711 ], [ 37.113771392966932, 50.11739117976488 ] ] ] } },
{ "type": "Feature", "properties": { "id": null }, "geometry": { "type": "MultiLineString", "coordinates": [ [ [ 37.113549321565756, 50.117037169831711 ], [ 37.112942694165376, 50.116415804109742 ], [ 37.112533023713176, 50.116471373730292 ] ] ] } },
{ "type": "Feature", "properties": { "id": null }, "geometry": { "type": "MultiLineString", "coordinates": [ [ [ 37.112328422663957, 50.117242720680821 ], [ 37.112785128606845, 50.117148307565962 ], [ 37.11302088645629, 50.11753137307506 ] ] ] } },
{ "type": "Feature", "properties": { "id": null }, "geometry": { "type": "MultiLineString", "coordinates": [ [ [ 37.046175158462233, 50.1137708799777 ], [ 37.041222831368749, 50.1103574478037 ] ] ] } },
{ "type": "Feature", "properties": { "id": null }, "geometry": { "type": "MultiLineString", "coordinates": [ [ [ 37.007549956864551, 50.100883882649427 ], [ 37.004090258848223, 50.100536755696631 ] ] ] } },
{ "type": "Feature", "properties": { "id": null }, "geometry": { "type": "MultiLineString", "coordinates": [ [ [ 36.931076888644206, 50.092503962152314 ], [ 36.935057087280377, 50.092113071292843 ], [ 36.940523954000994, 50.09148847231409 ] ] ] } },
{ "type": "Feature", "properties": { "id": null }, "geometry": { "type": "MultiLineString", "coordinates": [ [ [ 36.935907941296499, 50.091562143933245 ], [ 36.935167383171347, 50.091673340791232 ] ] ] } },
{ "type": "Feature", "properties": { "id": null }, "geometry": { "type": "MultiLineString", "coordinates": [ [ [ 36.93285116946079, 50.091956386174544 ], [ 36.932079098223937, 50.092006929817074 ] ] ] } },
{ "type": "Feature", "properties": { "id": null }, "geometry": { "type": "MultiLineString", "coordinates": [ [ [ 36.903248875583557, 50.095040150691901 ], [ 36.917425501279574, 50.09350299749255 ] ] ] } },
{ "type": "Feature", "properties": { "id": null }, "geometry": { "type": "MultiLineString", "coordinates": [ [ [ 35.714241678425459, 47.745127431942301 ], [ 35.707280311095644, 47.744417769379993 ], [ 35.706088697870989, 47.744731315566746 ] ] ] } },
{ "type": "Feature", "properties": { "id": null }, "geometry": { "type": "MultiLineString", "coordinates": [ [ [ 35.698170803538851, 47.746926951249492 ], [ 35.701085402592312, 47.745492777014483 ], [ 35.701899548273751, 47.745393240203207 ] ] ] } },
{ "type": "Feature", "properties": { "id": null }, "geometry": { "type": "MultiLineString", "coordinates": [ [ [ 35.693875306669085, 47.749209562988135 ], [ 35.694986711305845, 47.748697760597516 ] ] ] } },
{ "type": "Feature", "properties": { "id": null }, "geometry": { "type": "MultiLineString", "coordinates": [ [ [ 35.687651998848473, 47.75653520415041 ], [ 35.690005620000278, 47.756739210727055 ], [ 35.690331278272851, 47.756634719653569 ], [ 35.690582923301669, 47.75639588212622 ] ] ] } },
{ "type": "Feature", "properties": { "id": null }, "geometry": { "type": "MultiLineString", "coordinates": [ [ [ 35.878302713469502, 47.752021976044141 ], [ 35.877991857845679, 47.752947543151826 ] ] ] } },
{ "type": "Feature", "properties": { "id": null }, "geometry": { "type": "MultiLineString", "coordinates": [ [ [ 35.877925245926292, 47.753335679297777 ], [ 35.877414198692286, 47.755465609975502 ] ] ] } },
{ "type": "Feature", "properties": { "id": null }, "geometry": { "type": "MultiLineString", "coordinates": [ [ [ 35.867598682286307, 47.77656229992138 ], [ 35.867718819610722, 47.776051527341387 ] ] ] } },
{ "type": "Feature", "properties": { "id": null }, "geometry": { "type": "MultiLineString", "coordinates": [ [ [ 35.333710316961557, 47.721155993170477 ], [ 35.337042553487457, 47.720302186530269 ], [ 35.340546075483317, 47.719590797489367 ], [ 35.341093898922651, 47.71954794241767 ] ] ] } },
{ "type": "Feature", "properties": { "id": null }, "geometry": { "type": "MultiLineString", "coordinates": [ [ [ 35.341590762042067, 47.719590797489367 ], [ 35.34397315699924, 47.719736504469495 ] ] ] } },
{ "type": "Feature", "properties": { "id": null }, "geometry": { "type": "MultiLineString", "coordinates": [ [ [ 35.690582923301669, 47.75639588212622 ], [ 35.691165816747663, 47.755105524826 ] ] ] } },
{ "type": "Feature", "properties": { "id": null }, "geometry": { "type": "MultiLineString", "coordinates": [ [ [ 35.706088697870989, 47.744731315566746 ], [ 35.70514168449111, 47.744963379408681 ] ] ] } },
{ "type": "Feature", "properties": { "id": null }, "geometry": { "type": "MultiLineString", "coordinates": [ [ [ 35.704364539612037, 47.745100448601988 ], [ 35.703612874892926, 47.745280351370461 ] ] ] } },
{ "type": "Feature", "properties": { "id": null }, "geometry": { "type": "MultiLineString", "coordinates": [ [ [ 35.739272358770648, 47.748073047934653 ], [ 35.736711602693681, 47.747781792101598 ] ] ] } },
{ "type": "Feature", "properties": { "id": null }, "geometry": { "type": "MultiLineString", "coordinates": [ [ [ 35.721206925352064, 47.745982822893239 ], [ 35.734096777358552, 47.747180574776003 ] ] ] } },
{ "type": "Feature", "properties": { "id": null }, "geometry": { "type": "MultiLineString", "coordinates": [ [ [ 35.836407702801679, 47.709652344391884 ], [ 35.838237300093311, 47.713736468215117 ], [ 35.842314125688482, 47.716702286775416 ] ] ] } },
{ "type": "Feature", "properties": { "id": null }, "geometry": { "type": "MultiLineString", "coordinates": [ [ [ 35.833058261943549, 47.704338327645793 ], [ 35.833493045131853, 47.704837523158304 ] ] ] } },
{ "type": "Feature", "properties": { "id": null }, "geometry": { "type": "MultiLineString", "coordinates": [ [ [ 35.894097139689499, 47.772296087195556 ], [ 35.895427519145535, 47.772138852316715 ] ] ] } },
{ "type": "Feature", "properties": { "id": null }, "geometry": { "type": "MultiLineString", "coordinates": [ [ [ 35.867718819610722, 47.77605152734138 ], [ 35.868138267817884, 47.774125282449596 ] ] ] } },
{ "type": "Feature", "properties": { "id": null }, "geometry": { "type": "MultiLineString", "coordinates": [ [ [ 35.866456577259875, 47.789945516474091 ], [ 35.865717652620752, 47.788490392986056 ] ] ] } },
{ "type": "Feature", "properties": { "id": null }, "geometry": { "type": "MultiLineString", "coordinates": [ [ [ 35.875606402266619, 47.812310859928637 ], [ 35.875616694769029, 47.812922504989096 ], [ 35.87447008757038, 47.813127840067679 ] ] ] } },
{ "type": "Feature", "properties": { "id": null }, "geometry": { "type": "MultiLineString", "coordinates": [ [ [ 35.865568234769917, 47.815290711504538 ], [ 35.86488954742174, 47.818449157659636 ] ] ] } },
{ "type": "Feature", "properties": { "id": null }, "geometry": { "type": "MultiLineString", "coordinates": [ [ [ 35.861959329025225, 47.826832120697567 ], [ 35.861067523426279, 47.829363851508312 ], [ 35.860481479746966, 47.82953490994683 ] ] ] } },
{ "type": "Feature", "properties": { "id": null }, "geometry": { "type": "MultiLineString", "coordinates": [ [ [ 35.839151175470143, 47.862922458219707 ], [ 35.83785509769379, 47.866589975199069 ] ] ] } },
{ "type": "Feature", "properties": { "id": null }, "geometry": { "type": "MultiLineString", "coordinates": [ [ [ 35.838925264412516, 47.862880531537435 ], [ 35.838670462812821, 47.863504488788081 ] ] ] } },
{ "type": "Feature", "properties": { "id": null }, "geometry": { "type": "MultiLineString", "coordinates": [ [ [ 35.83874690329273, 47.862342041845103 ], [ 35.838377440973169, 47.863393373662966 ] ] ] } },
{ "type": "Feature", "properties": { "id": null }, "geometry": { "type": "MultiLineString", "coordinates": [ [ [ 35.81788552094676, 47.904287509343952 ], [ 35.817483709797948, 47.904182250741201 ] ] ] } },
{ "type": "Feature", "properties": { "id": null }, "geometry": { "type": "MultiLineString", "coordinates": [ [ [ 35.81768755107769, 47.904540954644837 ], [ 35.817292608598159, 47.904429927511721 ] ] ] } },
{ "type": "Feature", "properties": { "id": null }, "geometry": { "type": "MultiLineString", "coordinates": [ [ [ 35.819241840835858, 47.905010682188326 ], [ 35.81971322379529, 47.905164410276754 ] ] ] } },
{ "type": "Feature", "properties": { "id": null }, "geometry": { "type": "MultiLineString", "coordinates": [ [ [ 35.819420201955651, 47.904822791682442 ], [ 35.82074517027408, 47.905249814573047 ], [ 35.821012711953756, 47.905266895415387 ] ] ] } },
{ "type": "Feature", "properties": { "id": null }, "geometry": { "type": "MultiLineString", "coordinates": [ [ [ 35.821382174273317, 47.905369380351111 ], [ 35.821305733793409, 47.905531647751012 ] ] ] } },
{ "type": "Feature", "properties": { "id": null }, "geometry": { "type": "MultiLineString", "coordinates": [ [ [ 35.821369434193329, 47.905804939064161 ], [ 35.821292993713421, 47.905950124487347 ] ] ] } },
{ "type": "Feature", "properties": { "id": null }, "geometry": { "type": "MultiLineString", "coordinates": [ [ [ 35.82078339051403, 47.905625591802668 ], [ 35.820694209954134, 47.905762237391585 ] ] ] } },
{ "type": "Feature", "properties": { "id": null }, "geometry": { "type": "MultiLineString", "coordinates": [ [ [ 35.820095426194847, 47.905360839947555 ], [ 35.819993505554969, 47.905514566996032 ] ] ] } },
{ "type": "Feature", "properties": { "id": null }, "geometry": { "type": "MultiLineString", "coordinates": [ [ [ 35.840908513954759, 47.942353942856812 ], [ 35.841307659369704, 47.942259306602104 ], [ 35.843970336086549, 47.943821062537481 ], [ 35.84231412568851, 47.945664385878011 ] ] ] } },
{ "type": "Feature", "properties": { "id": null }, "geometry": { "type": "MultiLineString", "coordinates": [ [ [ 35.842212205048639, 47.945408372678322 ], [ 35.843537173367061, 47.943821062537474 ], [ 35.841282179209742, 47.942455595459698 ], [ 35.839805452902915, 47.942627695234656 ] ] ] } },
{ "type": "Feature", "properties": { "id": null }, "geometry": { "type": "MultiLineString", "coordinates": [ [ [ 35.839121071958338, 47.942651849856219 ], [ 35.839676929131642, 47.942788431384322 ], [ 35.841116558169936, 47.942643349321678 ], [ 35.843180451127495, 47.943880800898604 ] ] ] } },
{ "type": "Feature", "properties": { "id": null }, "geometry": { "type": "MultiLineString", "coordinates": [ [ [ 35.843180451127495, 47.943880800898597 ], [ 35.84186822288904, 47.945348636082613 ] ] ] } },
{ "type": "Feature", "properties": { "id": null }, "geometry": { "type": "MultiLineString", "coordinates": [ [ [ 35.843235409166283, 47.970316943097934 ], [ 35.844709260725672, 47.97245342219292 ] ] ] } },
{ "type": "Feature", "properties": { "id": null }, "geometry": { "type": "MultiLineString", "coordinates": [ [ [ 35.843001914491083, 47.970349149260038 ], [ 35.844479939285947, 47.972496068817001 ] ] ] } },
{ "type": "Feature", "properties": { "id": null }, "geometry": { "type": "MultiLineString", "coordinates": [ [ [ 35.841810286493477, 47.968948181208809 ], [ 35.842810988807912, 47.970457520791541 ] ] ] } },
{ "type": "Feature", "properties": { "id": null }, "geometry": { "type": "MultiLineString", "coordinates": [ [ [ 35.841944663368942, 47.981229355212562 ], [ 35.838453881453077, 47.979455525967673 ], [ 35.841486020489484, 47.976743496128236 ], [ 35.842810988807912, 47.976112374411954 ], [ 35.843447992807157, 47.975276552698276 ], [ 35.84365183408692, 47.974815992094776 ], [ 35.843983076166531, 47.974372485408814 ] ] ] } },
{ "type": "Feature", "properties": { "id": null }, "geometry": { "type": "MultiLineString", "coordinates": [ [ [ 35.843779234886775, 47.974321311315286 ], [ 35.843358812247274, 47.974833049968169 ], [ 35.843218671367438, 47.975285081559583 ], [ 35.842479746728316, 47.976086788233722 ], [ 35.841167518489861, 47.976675267125422 ], [ 35.838173599693413, 47.979523751296419 ], [ 35.841766302249148, 47.981297578197108 ] ] ] } },
{ "type": "Feature", "properties": { "id": null }, "geometry": { "type": "MultiLineString", "coordinates": [ [ [ 35.839702409291611, 47.980606816313468 ], [ 35.837753177053912, 47.979532279456159 ], [ 35.84109107800996, 47.976410878887904 ], [ 35.84225042528859, 47.975984443393969 ], [ 35.843014830087682, 47.97521685062955 ], [ 35.843154970967511, 47.974560123317772 ], [ 35.843537173367061, 47.974073969148343 ] ] ] } },
{ "type": "Feature", "properties": { "id": null }, "geometry": { "type": "MultiLineString", "coordinates": [ [ [ 35.850892424204979, 47.989624537275361 ], [ 35.8563513686805, 47.9910577114887 ] ] ] } },
{ "type": "Feature", "properties": { "id": null }, "geometry": { "type": "MultiLineString", "coordinates": [ [ [ 36.24177614859498, 48.088765610974399 ], [ 36.240323779476697, 48.08865072450515 ] ] ] } },
{ "type": "Feature", "properties": { "id": null }, "geometry": { "type": "MultiLineString", "coordinates": [ [ [ 36.242359007254279, 48.088816671545032 ], [ 36.242110575694582, 48.088803906407129 ] ] ] } },
{ "type": "Feature", "properties": { "id": null }, "geometry": { "type": "MultiLineString", "coordinates": [ [ [ 36.245292410670807, 48.089154946544923 ], [ 36.246536515618352, 48.089295736711748 ] ] ] } },
{ "type": "Feature", "properties": { "id": null }, "geometry": { "type": "MultiLineString", "coordinates": [ [ [ 36.226924670887961, 48.086763584175245 ], [ 36.224529265315418, 48.086333792599589 ] ] ] } },
{ "type": "Feature", "properties": { "id": null }, "geometry": { "type": "MultiLineString", "coordinates": [ [ [ 36.22416617303584, 48.086346558350584 ], [ 36.223879521236192, 48.086352941224895 ] ] ] } },
{ "type": "Feature", "properties": { "id": null }, "geometry": { "type": "MultiLineString", "coordinates": [ [ [ 36.224510155195446, 48.086474215686295 ], [ 36.226890622546421, 48.086937957957623 ] ] ] } },
{ "type": "Feature", "properties": { "id": null }, "geometry": { "type": "MultiLineString", "coordinates": [ [ [ 36.207210681132999, 48.086532348465077 ], [ 36.214334016307497, 48.086869951413455 ] ] ] } },
{ "type": "Feature", "properties": { "id": null }, "geometry": { "type": "MultiLineString", "coordinates": [ [ [ 36.187751839419008, 48.091069668753349 ], [ 36.192319158093596, 48.089754900506065 ] ] ] } },
{ "type": "Feature", "properties": { "id": null }, "geometry": { "type": "MultiLineString", "coordinates": [ [ [ 36.304591112960495, 48.143020760412512 ], [ 36.304218465620941, 48.143027136250424 ], [ 36.304036919481149, 48.142925122748878 ] ] ] } },
{ "type": "Feature", "properties": { "id": null }, "geometry": { "type": "MultiLineString", "coordinates": [ [ [ 36.305989379130054, 48.143146909149792 ], [ 36.30642568447832, 48.143231162645279 ], [ 36.306549900258176, 48.143148277020181 ] ] ] } },
{ "type": "Feature", "properties": { "id": null }, "geometry": { "type": "MultiLineString", "coordinates": [ [ [ 36.299146878030193, 48.154383801750996 ], [ 36.297224161709231, 48.157995419728742 ] ] ] } },
{ "type": "Feature", "properties": { "id": null }, "geometry": { "type": "MultiLineString", "coordinates": [ [ [ 36.300395317220207, 48.151415684493891 ], [ 36.297338822429097, 48.157001069512958 ] ] ] } },
{ "type": "Feature", "properties": { "id": null }, "geometry": { "type": "MultiLineString", "coordinates": [ [ [ 36.296831590805077, 48.159199055326376 ], [ 36.295458307696052, 48.161614083084523 ] ] ] } },
{ "type": "Feature", "properties": { "id": null }, "geometry": { "type": "MultiLineString", "coordinates": [ [ [ 36.294425508002504, 48.162779917862892 ], [ 36.295332259831468, 48.161513734980076 ] ] ] } },
{ "type": "Feature", "properties": { "id": null }, "geometry": { "type": "MultiLineString", "coordinates": [ [ [ 36.294214317812795, 48.162571731867303 ], [ 36.293698344573414, 48.163285548764335 ], [ 36.292666398094624, 48.166115225148403 ], [ 36.292087521883019, 48.167624661647459 ] ] ] } },
{ "type": "Feature", "properties": { "id": null }, "geometry": { "type": "MultiLineString", "coordinates": [ [ [ 36.413276918891697, 48.319509336577426 ], [ 36.412362634572744, 48.319689896730253 ], [ 36.411869587441153, 48.319841408378181 ] ] ] } },
{ "type": "Feature", "properties": { "id": null }, "geometry": { "type": "MultiLineString", "coordinates": [ [ [ 36.412550554272059, 48.319373488399528 ], [ 36.411937684124233, 48.319509336577404 ] ] ] } },
{ "type": "Feature", "properties": { "id": null }, "geometry": { "type": "MultiLineString", "coordinates": [ [ [ 36.412312215881244, 48.319131979634513 ], [ 36.411846888546783, 48.319207451246399 ] ] ] } },
{ "type": "Feature", "properties": { "id": null }, "geometry": { "type": "MultiLineString", "coordinates": [ [ [ 36.424876053911639, 48.358083120864308 ], [ 36.425672833136971, 48.358567072954884 ], [ 36.426360797456155, 48.35891944235501 ], [ 36.427206420265158, 48.359100387856586 ], [ 36.42755040242475, 48.359128958140182 ] ] ] } },
{ "type": "Feature", "properties": { "id": null }, "geometry": { "type": "MultiLineString", "coordinates": [ [ [ 36.438285512322018, 48.360909807523562 ], [ 36.436880918503682, 48.359967012663986 ] ] ] } },
{ "type": "Feature", "properties": { "id": null }, "geometry": { "type": "MultiLineString", "coordinates": [ [ [ 36.436565601524059, 48.36000510572385 ], [ 36.437468554692991, 48.360747914697647 ] ] ] } },
{ "type": "Feature", "properties": { "id": null }, "geometry": { "type": "MultiLineString", "coordinates": [ [ [ 36.437353893973118, 48.361014561430849 ], [ 36.436307614904358, 48.360290802764844 ] ] ] } },
{ "type": "Feature", "properties": { "id": null }, "geometry": { "type": "MultiLineString", "coordinates": [ [ [ 36.40240020503915, 48.382646333241006 ], [ 36.402276671563726, 48.383115197663855 ], [ 36.403322950632493, 48.383315095017267 ] ] ] } },
{ "type": "Feature", "properties": { "id": null }, "geometry": { "type": "MultiLineString", "coordinates": [ [ [ 36.402671726369682, 48.382705728532059 ], [ 36.402606321133334, 48.382977172842629 ], [ 36.403351615812454, 48.383124716603263 ] ] ] } },
{ "type": "Feature", "properties": { "id": null }, "geometry": { "type": "MultiLineString", "coordinates": [ [ [ 36.402875367367585, 48.382739668698377 ], [ 36.402835642573073, 48.382877223600488 ], [ 36.40341611246739, 48.382967653875646 ] ] ] } },
{ "type": "Feature", "properties": { "id": null }, "geometry": { "type": "MultiLineString", "coordinates": [ [ [ 36.411483706236957, 48.386257547266361 ], [ 36.411528358397845, 48.386104057154192 ], [ 36.411098380698348, 48.385942244414636 ] ] ] } },
{ "type": "Feature", "properties": { "id": null }, "geometry": { "type": "MultiLineString", "coordinates": [ [ [ 36.411360590311972, 48.386381704179747 ], [ 36.410840394078654, 48.386151649038496 ] ] ] } },
{ "type": "Feature", "properties": { "id": null }, "geometry": { "type": "MultiLineString", "coordinates": [ [ [ 36.411614353937743, 48.385742357379023 ], [ 36.411557023577821, 48.385513914091334 ], [ 36.411198708828238, 48.385551988043837 ], [ 36.4102097601194, 48.386180204147735 ] ] ] } },
{ "type": "Feature", "properties": { "id": null }, "geometry": { "type": "MultiLineString", "coordinates": [ [ [ 36.246707001134517, 48.338819617935741 ], [ 36.246626394437008, 48.339301846753457 ] ] ] } },
{ "type": "Feature", "properties": { "id": null }, "geometry": { "type": "MultiLineString", "coordinates": [ [ [ 36.246983423938858, 48.339014011219341 ], [ 36.246884707711516, 48.339394599001494 ] ] ] } },
{ "type": "Feature", "properties": { "id": null }, "geometry": { "type": "MultiLineString", "coordinates": [ [ [ 36.247305793744594, 48.339056905701781 ], [ 36.247141369902621, 48.339591453635975 ] ] ] } },
{ "type": "Feature", "properties": { "id": null }, "geometry": { "type": "MultiLineString", "coordinates": [ [ [ 36.936361420268248, 48.530636549093487 ], [ 36.934021134659922, 48.530401075649102 ] ] ] } },
{ "type": "Feature", "properties": { "id": null }, "geometry": { "type": "MultiLineString", "coordinates": [ [ [ 36.948686548403252, 48.532540965934928 ], [ 36.94877474447383, 48.531730442429073 ] ] ] } },
{ "type": "Feature", "properties": { "id": null }, "geometry": { "type": "MultiLineString", "coordinates": [ [ [ 36.954966423346548, 48.539481717431215 ], [ 36.952475240050113, 48.539353606828939 ] ] ] } },
{ "type": "Feature", "properties": { "id": null }, "geometry": { "type": "MultiLineString", "coordinates": [ [ [ 37.01421200683523, 48.534087355343466 ], [ 37.015171711011618, 48.53356309280575 ] ] ] } },
{ "type": "Feature", "properties": { "id": null }, "geometry": { "type": "MultiLineString", "coordinates": [ [ [ 36.959711759514512, 48.610127485814594 ], [ 36.959243940781775, 48.609508857931658 ] ] ] } },
{ "type": "Feature", "properties": { "id": null }, "geometry": { "type": "MultiLineString", "coordinates": [ [ [ 36.96164756116719, 48.613881754532883 ], [ 36.961841141332457, 48.614265698099274 ] ] ] } },
{ "type": "Feature", "properties": { "id": null }, "geometry": { "type": "MultiLineString", "coordinates": [ [ [ 36.957743694500948, 48.607012937434249 ], [ 36.958711595327294, 48.60881555905673 ] ] ] } },
{ "type": "Feature", "properties": { "id": null }, "geometry": { "type": "MultiLineString", "coordinates": [ [ [ 36.957033900561633, 48.605860932520009 ], [ 36.954960376785188, 48.602872661599015 ], [ 36.953388270821414, 48.600905393076346 ] ] ] } },
{ "type": "Feature", "properties": { "id": null }, "geometry": { "type": "MultiLineString", "coordinates": [ [ [ 36.952807800927104, 48.600009700722993 ], [ 36.951477557419288, 48.598298244381816 ] ] ] } },
{ "type": "Feature", "properties": { "id": null }, "geometry": { "type": "MultiLineString", "coordinates": [ [ [ 37.062373168684751, 48.622814792301703 ], [ 37.062601262812763, 48.622852888280384 ], [ 37.062613355935561, 48.623036743202924 ], [ 37.062589169689964, 48.623260565682926 ], [ 37.062492424707564, 48.623428431891561 ], [ 37.062204988007181, 48.623532628869299 ] ] ] } },
{ "type": "Feature", "properties": { "id": null }, "geometry": { "type": "MultiLineString", "coordinates": [ [ [ 37.491968489758328, 48.681890149229375 ], [ 37.492656895765471, 48.681963673860352 ] ] ] } },
{ "type": "Feature", "properties": { "id": null }, "geometry": { "type": "MultiLineString", "coordinates": [ [ [ 37.482293490445777, 48.696583140136148 ], [ 37.482764721316478, 48.697610550669289 ], [ 37.481652154019038, 48.69907919150269 ] ] ] } },
{ "type": "Feature", "properties": { "id": null }, "geometry": { "type": "MultiLineString", "coordinates": [ [ [ 37.490262457451429, 48.697746242108025 ], [ 37.490189898714632, 48.698943503656992 ] ] ] } },
{ "type": "Feature", "properties": { "id": null }, "geometry": { "type": "MultiLineString", "coordinates": [ [ [ 37.487251269874641, 48.701593341289652 ], [ 37.48633219254198, 48.70191258941982 ], [ 37.485122880262139, 48.704849577208456 ], [ 37.484639155350216, 48.706014747703364 ], [ 37.48449403787663, 48.706796833315572 ], [ 37.483212166860021, 48.709557977145657 ], [ 37.482994490649645, 48.710611321571896 ], [ 37.483018676895249, 48.712733903199187 ] ] ] } },
{ "type": "Feature", "properties": { "id": null }, "geometry": { "type": "MultiLineString", "coordinates": [ [ [ 37.481664247141836, 48.720409559938034 ], [ 37.478326545249509, 48.722691286098872 ], [ 37.474601863427644, 48.725084593915099 ], [ 37.472062307640009, 48.726919386112094 ], [ 37.471602768973675, 48.727062975720457 ] ] ] } },
{ "type": "Feature", "properties": { "id": null }, "geometry": { "type": "MultiLineString", "coordinates": [ [ [ 37.595096004236858, 48.780849478918462 ], [ 37.596253639978116, 48.783323171603037 ] ] ] } },
{ "type": "Feature", "properties": { "id": null }, "geometry": { "type": "MultiLineString", "coordinates": [ [ [ 37.590545686017272, 48.787848939553825 ], [ 37.589094511281473, 48.788263250029381 ], [ 37.583434929811837, 48.789474291805803 ], [ 37.581935382584838, 48.789856719978651 ], [ 37.581064677743349, 48.789761113208698 ], [ 37.579903737954716, 48.789283076626361 ] ] ] } },
{ "type": "Feature", "properties": { "id": null }, "geometry": { "type": "MultiLineString", "coordinates": [ [ [ 37.614639544668528, 48.784998722887018 ], [ 37.612603542001509, 48.787147790956148 ] ] ] } },
{ "type": "Feature", "properties": { "id": null }, "geometry": { "type": "MultiLineString", "coordinates": [ [ [ 37.631420441075775, 48.790008096991869 ], [ 37.631141502762162, 48.789768109374009 ] ] ] } },
{ "type": "Feature", "properties": { "id": null }, "geometry": { "type": "MultiLineString", "coordinates": [ [ [ 37.630864157427041, 48.790374586816775 ], [ 37.630671834449394, 48.79012595189802 ] ] ] } },
{ "type": "Feature", "properties": { "id": null }, "geometry": { "type": "MultiLineString", "coordinates": [ [ [ 37.672350617330395, 48.806692052766202 ], [ 37.670856114521271, 48.8058284598401 ] ] ] } },
{ "type": "Feature", "properties": { "id": null }, "geometry": { "type": "MultiLineString", "coordinates": [ [ [ 37.497797480715178, 48.72114421791715 ], [ 37.491339753140842, 48.720537876539623 ] ] ] } },
{ "type": "Feature", "properties": { "id": null }, "geometry": { "type": "MultiLineString", "coordinates": [ [ [ 37.033824758044787, 48.83640102845257 ], [ 37.033764766207824, 48.835693775004835 ], [ 37.03267638515598, 48.834929614695334 ] ] ] } },
{ "type": "Feature", "properties": { "id": null }, "geometry": { "type": "MultiLineString", "coordinates": [ [ [ 37.006324250150406, 48.833228878599741 ], [ 37.00676082299907, 48.833353497243678 ], [ 37.009590613733891, 48.833600266381275 ] ] ] } },
{ "type": "Feature", "properties": { "id": null }, "geometry": { "type": "MultiLineString", "coordinates": [ [ [ 37.239102898528131, 48.954335983981004 ], [ 37.23696550858886, 48.951690773039395 ] ] ] } },
{ "type": "Feature", "properties": { "id": null }, "geometry": { "type": "MultiLineString", "coordinates": [ [ [ 37.237890196788534, 48.952351562952543 ], [ 37.237231557290428, 48.951619299534251 ] ] ] } },
{ "type": "Feature", "properties": { "id": null }, "geometry": { "type": "MultiLineString", "coordinates": [ [ [ 37.225745754348772, 48.983061690837907 ], [ 37.225700764702196, 48.983182753049412 ] ] ] } },
{ "type": "Feature", "properties": { "id": null }, "geometry": { "type": "MultiLineString", "coordinates": [ [ [ 37.225310987918917, 48.983007345034181 ], [ 37.225292621807746, 48.983117277038787 ] ] ] } },
{ "type": "Feature", "properties": { "id": null }, "geometry": { "type": "MultiLineString", "coordinates": [ [ [ 37.224848199544901, 48.983295847774222 ], [ 37.224416184393412, 48.984290933964758 ] ] ] } },
{ "type": "Feature", "properties": { "id": null }, "geometry": { "type": "MultiLineString", "coordinates": [ [ [ 37.224636795474474, 48.984409724546857 ], [ 37.225210993228863, 48.983254181326522 ], [ 37.225210993228863, 48.983254181326522 ] ] ] } },
{ "type": "Feature", "properties": { "id": null }, "geometry": { "type": "MultiLineString", "coordinates": [ [ [ 37.225600996439105, 48.983337514187092 ], [ 37.225029377032541, 48.9845099248449 ] ] ] } },
{ "type": "Feature", "properties": { "id": null }, "geometry": { "type": "MultiLineString", "coordinates": [ [ [ 37.665760433492949, 48.841028642382128 ], [ 37.664708, 48.843985 ] ] ] } },
{ "type": "Feature", "properties": { "id": null }, "geometry": { "type": "MultiLineString", "coordinates": [ [ [ 37.660113354321638, 48.843629344182069 ], [ 37.664213, 48.844068 ], [ 37.664418096862327, 48.844860799914663 ], [ 37.664907868335654, 48.845027927837982 ], [ 37.669860002121588, 48.845445745206106 ], [ 37.67089396412085, 48.845672558888992 ], [ 37.672272580119873, 48.845541245829367 ], [ 37.673087658641883, 48.845598691131968 ] ] ] } },
{ "type": "Feature", "properties": { "id": null }, "geometry": { "type": "MultiLineString", "coordinates": [ [ [ 37.660398990681792, 48.903673113785231 ], [ 37.658214324866769, 48.903905773776792 ] ] ] } },
{ "type": "Feature", "properties": { "id": null }, "geometry": { "type": "MultiLineString", "coordinates": [ [ [ 37.617680891498679, 48.900170231750145 ], [ 37.619032607000037, 48.900137759125514 ] ] ] } },
{ "type": "Feature", "properties": { "id": null }, "geometry": { "type": "MultiLineString", "coordinates": [ [ [ 37.622394321288517, 48.888459219233809 ], [ 37.618443067263613, 48.890030684267302 ], [ 37.615214203476448, 48.89056739447949 ], [ 37.614234660529767, 48.890770150171413 ], [ 37.613690470003846, 48.890782076951211 ] ] ] } },
{ "type": "Feature", "properties": { "id": null }, "geometry": { "type": "MultiLineString", "coordinates": [ [ [ 37.612638368320397, 48.89195088757053 ], [ 37.612057898426066, 48.895767221767052 ], [ 37.612057898426066, 48.897412925982024 ], [ 37.611203930900203, 48.899238380103874 ] ] ] } },
{ "type": "Feature", "properties": { "id": null }, "geometry": { "type": "MultiLineString", "coordinates": [ [ [ 37.594717661338734, 48.898080654523248 ], [ 37.59277541412407, 48.897567953296907 ] ] ] } },
{ "type": "Feature", "properties": { "id": null }, "geometry": { "type": "MultiLineString", "coordinates": [ [ [ 37.425325431778532, 48.959237981767622 ], [ 37.424058211402574, 48.9603502215963 ] ] ] } },
{ "type": "Feature", "properties": { "id": null }, "geometry": { "type": "MultiLineString", "coordinates": [ [ [ 37.421863309614658, 48.961445945625783 ], [ 37.42191772866726, 48.961898520265287 ], [ 37.421972147719856, 48.962231993687503 ], [ 37.421899588983052, 48.962565464879987 ] ] ] } },
{ "type": "Feature", "properties": { "id": null }, "geometry": { "type": "MultiLineString", "coordinates": [ [ [ 37.422407500140586, 48.964875882612617 ], [ 37.422353081088005, 48.965316517139577 ] ] ] } },
{ "type": "Feature", "properties": { "id": null }, "geometry": { "type": "MultiLineString", "coordinates": [ [ [ 37.17723005398723, 49.129045213111453 ], [ 37.178827820735805, 49.128808203987305 ], [ 37.180061319261235, 49.128594545394336 ] ] ] } },
{ "type": "Feature", "properties": { "id": null }, "geometry": { "type": "MultiLineString", "coordinates": [ [ [ 37.195530825693993, 49.126279050465733 ], [ 37.187661846940024, 49.127443147126954 ] ] ] } },
{ "type": "Feature", "properties": { "id": null }, "geometry": { "type": "MultiLineString", "coordinates": [ [ [ 37.192214907673609, 49.126493520189022 ], [ 37.198034729936403, 49.125596256731953 ] ] ] } },
{ "type": "Feature", "properties": { "id": null }, "geometry": { "type": "MultiLineString", "coordinates": [ [ [ 37.262008930146862, 49.112237768340222 ], [ 37.256012176996435, 49.114063601018252 ] ] ] } },
{ "type": "Feature", "properties": { "id": null }, "geometry": { "type": "MultiLineString", "coordinates": [ [ [ 37.273607670668071, 49.107129035717634 ], [ 37.271267651406582, 49.10822153155749 ] ] ] } },
{ "type": "Feature", "properties": { "id": null }, "geometry": { "type": "MultiLineString", "coordinates": [ [ [ 37.358238017657158, 49.106314316912865 ], [ 37.359680472185481, 49.106523402660358 ], [ 37.360945211544703, 49.106774757768186 ] ] ] } },
{ "type": "Feature", "properties": { "id": null }, "geometry": { "type": "MultiLineString", "coordinates": [ [ [ 37.417973899537117, 49.206738303074076 ], [ 37.418924680774722, 49.208503826431937 ], [ 37.421047023825842, 49.209001557746042 ], [ 37.421196766031628, 49.20923243502299 ] ] ] } },
{ "type": "Feature", "properties": { "id": null }, "geometry": { "type": "MultiLineString", "coordinates": [ [ [ 37.425681070097113, 49.23007028365091 ], [ 37.425495781375282, 49.228231479933683 ] ] ] } },
{ "type": "Feature", "properties": { "id": null }, "geometry": { "type": "MultiLineString", "coordinates": [ [ [ 37.424506192389387, 49.235431194621164 ], [ 37.42406728124471, 49.233677413175293 ], [ 37.423950934351325, 49.233012481236109 ] ] ] } },
{ "type": "Feature", "properties": { "id": null }, "geometry": { "type": "MultiLineString", "coordinates": [ [ [ 37.474210782113921, 49.289565085277367 ], [ 37.474636185866451, 49.289452527194499 ] ] ] } },
{ "type": "Feature", "properties": { "id": null }, "geometry": { "type": "MultiLineString", "coordinates": [ [ [ 37.44317253878345, 49.311559330504544 ], [ 37.441413354258628, 49.311773306208778 ] ] ] } },
{ "type": "Feature", "properties": { "id": null }, "geometry": { "type": "MultiLineString", "coordinates": [ [ [ 37.405957127753801, 49.315287636679201 ], [ 37.407945636914128, 49.315214561605259 ], [ 37.411428456280049, 49.315232299412337 ], [ 37.412135903963758, 49.315179085971934 ] ] ] } },
{ "type": "Feature", "properties": { "id": null }, "geometry": { "type": "MultiLineString", "coordinates": [ [ [ 37.396428596150599, 49.316818404391135 ], [ 37.397061826395586, 49.316775464175898 ] ] ] } },
{ "type": "Feature", "properties": { "id": null }, "geometry": { "type": "MultiLineString", "coordinates": [ [ [ 37.35643680299853, 49.311875033849972 ], [ 37.349957367670811, 49.311108325725343 ] ] ] } },
{ "type": "Feature", "properties": { "id": null }, "geometry": { "type": "MultiLineString", "coordinates": [ [ [ 37.329256123526093, 49.311652311011201 ], [ 37.328466610602526, 49.312881984325863 ], [ 37.328398586786783, 49.313192409727208 ], [ 37.328244554513823, 49.313253055462908 ] ] ] } },
{ "type": "Feature", "properties": { "id": null }, "geometry": { "type": "MultiLineString", "coordinates": [ [ [ 37.328093525424364, 49.313580753264922 ], [ 37.329092429707352, 49.313343187073436 ], [ 37.329520137760916, 49.313271961007395 ] ] ] } },
{ "type": "Feature", "properties": { "id": null }, "geometry": { "type": "MultiLineString", "coordinates": [ [ [ 37.326593484266098, 49.313707147261766 ], [ 37.323283195843075, 49.3145139131164 ] ] ] } },
{ "type": "Feature", "properties": { "id": null }, "geometry": { "type": "MultiLineString", "coordinates": [ [ [ 37.216117120947416, 49.307547833505687 ], [ 37.215859986025158, 49.307702026125511 ] ] ] } },
{ "type": "Feature", "properties": { "id": null }, "geometry": { "type": "MultiLineString", "coordinates": [ [ [ 37.216117120947416, 49.307547833505687 ], [ 37.216077662235527, 49.307347214537749 ], [ 37.215846381262004, 49.307231900221581 ] ] ] } },
{ "type": "Feature", "properties": { "id": null }, "geometry": { "type": "MultiLineString", "coordinates": [ [ [ 37.215424633604407, 49.307187548489637 ], [ 37.215234166920339, 49.307276251913578 ], [ 37.215004353694795, 49.307551324423713 ], [ 37.215115715138865, 49.30771265317015 ], [ 37.215383819314965, 49.307808469103591 ] ] ] } },
{ "type": "Feature", "properties": { "id": null }, "geometry": { "type": "MultiLineString", "coordinates": [ [ [ 37.210491656452056, 49.284183340407601 ], [ 37.214880443078478, 49.274578226052725 ], [ 37.215982428893476, 49.27226147827534 ], [ 37.216145686051263, 49.271480328060129 ], [ 37.216172895577557, 49.271089748313997 ], [ 37.216091266998667, 49.270699165475499 ] ] ] } },
{ "type": "Feature", "properties": { "id": null }, "geometry": { "type": "MultiLineString", "coordinates": [ [ [ 37.215914405077726, 49.2697803959244 ], [ 37.216091266998667, 49.270699165475499 ] ] ] } },
{ "type": "Feature", "properties": { "id": null }, "geometry": { "type": "MultiLineString", "coordinates": [ [ [ 37.288246195459763, 50.021633992463414 ], [ 37.288332559315378, 50.019689021376102 ] ] ] } },
{ "type": "Feature", "properties": { "id": null }, "geometry": { "type": "MultiLineString", "coordinates": [ [ [ 37.287300802108511, 50.029813133064266 ], [ 37.287216968737212, 50.033480956722734 ] ] ] } },
{ "type": "Feature", "properties": { "id": null }, "geometry": { "type": "MultiLineString", "coordinates": [ [ [ 37.279170419287759, 50.051377924036238 ], [ 37.279217368006087, 50.055567767997424 ] ] ] } },
{ "type": "Feature", "properties": { "id": null }, "geometry": { "type": "MultiLineString", "coordinates": [ [ [ 37.211909621485347, 50.109158362668744 ], [ 37.215227364538649, 50.108170813286534 ] ] ] } },
{ "type": "Feature", "properties": { "id": null }, "geometry": { "type": "MultiLineString", "coordinates": [ [ [ 37.187476404238474, 50.120279268681195 ], [ 37.188336986267565, 50.119571976158376 ] ] ] } },
{ "type": "Feature", "properties": { "id": null }, "geometry": { "type": "MultiLineString", "coordinates": [ [ [ 37.187035544552998, 50.120085074329843 ], [ 37.187423701589701, 50.119707277592134 ] ] ] } },
{ "type": "Feature", "properties": { "id": null }, "geometry": { "type": "MultiLineString", "coordinates": [ [ [ 37.155249799611802, 50.118144258999415 ], [ 37.151883587320761, 50.11589206519082 ], [ 37.150679565782163, 50.115063289888646 ], [ 37.147428027389751, 50.112493995285639 ], [ 37.144332943773541, 50.111660798843474 ], [ 37.143883986589657, 50.111529928975003 ] ] ] } },
{ "type": "Feature", "properties": { "id": null }, "geometry": { "type": "MultiLineString", "coordinates": [ [ [ 37.112533023713176, 50.116471373730292 ], [ 37.112225702743871, 50.116668483774653 ], [ 37.112578128969197, 50.117191099851468 ] ] ] } },
{ "type": "Feature", "properties": { "id": null }, "geometry": { "type": "MultiLineString", "coordinates": [ [ [ 37.112395014413799, 50.116919558312418 ], [ 37.11123255503405, 50.117113392120032 ] ] ] } },
{ "type": "Feature", "properties": { "id": null }, "geometry": { "type": "MultiLineString", "coordinates": [ [ [ 37.031372595354306, 50.103249501519741 ], [ 37.030420261933941, 50.102883000626541 ], [ 37.021699608755966, 50.101966736125377 ], [ 37.015278160550032, 50.101320977281929 ] ] ] } },
{ "type": "Feature", "properties": { "id": null }, "geometry": { "type": "MultiLineString", "coordinates": [ [ [ 36.917425501279574, 50.09350299749255 ], [ 36.923024261642297, 50.092899135961865 ] ] ] } },
{ "type": "Feature", "properties": { "id": null }, "geometry": { "type": "MultiLineString", "coordinates": [ [ [ 36.688001978257702, 49.752991258979534 ], [ 36.687049644837337, 49.752956099680411 ] ] ] } },
{ "type": "Feature", "properties": { "id": null }, "geometry": { "type": "MultiLineString", "coordinates": [ [ [ 36.681090758578442, 49.752481446647494 ], [ 36.679866329895106, 49.752288068154179 ], [ 36.678288177369915, 49.751866148765131 ], [ 36.675757691424366, 49.750688271045185 ], [ 36.67382581505732, 49.749615850034978 ] ] ] } },
{ "type": "Feature", "properties": { "id": null }, "geometry": { "type": "MultiLineString", "coordinates": [ [ [ 36.671676262479906, 49.748455498957171 ], [ 36.661200594855821, 49.747330283524477 ] ] ] } },
{ "type": "Feature", "properties": { "id": null }, "geometry": { "type": "MultiLineString", "coordinates": [ [ [ 36.659350347067665, 49.747453355233695 ], [ 36.658697318436559, 49.747303910974729 ], [ 36.658180337436931, 49.747251165832225 ], [ 36.65781300883193, 49.747242374969566 ] ] ] } },
{ "type": "Feature", "properties": { "id": null }, "geometry": { "type": "MultiLineString", "coordinates": [ [ [ 36.657459284990075, 49.747216002372028 ], [ 36.656955908753588, 49.747259956693291 ], [ 36.654697518070989, 49.74940487917636 ], [ 36.65379960370322, 49.750301498988314 ] ] ] } },
{ "type": "Feature", "properties": { "id": null }, "geometry": { "type": "MultiLineString", "coordinates": [ [ [ 36.65347308938766, 49.750635529582674 ], [ 36.652303079756919, 49.752006788969311 ] ] ] } },
{ "type": "Feature", "properties": { "id": null }, "geometry": { "type": "MultiLineString", "coordinates": [ [ [ 36.65383712854792, 49.751924155280641 ], [ 36.65355471796655, 49.752252908345277 ] ] ] } },
{ "type": "Feature", "properties": { "id": null }, "geometry": { "type": "MultiLineString", "coordinates": [ [ [ 36.654412159641382, 49.751315298828743 ], [ 36.654819960939335, 49.750943187305531 ] ] ] } },
{ "type": "Feature", "properties": { "id": null }, "geometry": { "type": "MultiLineString", "coordinates": [ [ [ 36.655078451439138, 49.750723431988334 ], [ 36.656238728997117, 49.749657856265216 ] ] ] } },
{ "type": "Feature", "properties": { "id": null }, "geometry": { "type": "MultiLineString", "coordinates": [ [ [ 36.657591743334692, 49.7484401433614 ], [ 36.657935451700261, 49.748121453349746 ] ] ] } },
{ "type": "Feature", "properties": { "id": null }, "geometry": { "type": "MultiLineString", "coordinates": [ [ [ 36.658071499331754, 49.74805112766559 ], [ 36.658343594594704, 49.74798959260832 ] ] ] } },
{ "type": "Feature", "properties": { "id": null }, "geometry": { "type": "MultiLineString", "coordinates": [ [ [ 36.776256076799875, 49.779423835784193 ], [ 36.775847933905418, 49.780126633097453 ] ] ] } },
{ "type": "Feature", "properties": { "id": null }, "geometry": { "type": "MultiLineString", "coordinates": [ [ [ 36.776528172062839, 49.780161772695521 ], [ 36.77694991972043, 49.779564396062348 ] ] ] } },
{ "type": "Feature", "properties": { "id": null }, "geometry": { "type": "MultiLineString", "coordinates": [ [ [ 36.625161577276316, 49.872078656890778 ], [ 36.625909839249466, 49.871263205573932 ], [ 36.626005072591504, 49.870737100643268 ], [ 36.626032282117791, 49.86804510740086 ], [ 36.626739729801493, 49.8667648234429 ], [ 36.626658101222596, 49.866308823700834 ], [ 36.626086701170387, 49.865940513074328 ], [ 36.625488091591862, 49.865274039087971 ], [ 36.62486227248705, 49.86515126656122 ], [ 36.623882729540377, 49.864905720571656 ], [ 36.623610634277412, 49.86471279070426 ], [ 36.623665053330001, 49.864362007153126 ], [ 36.622930396120012, 49.86406383913193 ], [ 36.622631091330746, 49.863397339253616 ], [ 36.622250157962604, 49.862993926965395 ], [ 36.62249504369926, 49.862660670795179 ], [ 36.622358996067788, 49.862292332353533 ], [ 36.621950853173331, 49.861959071343634 ] ] ] } },
{ "type": "Feature", "properties": { "id": null }, "geometry": { "type": "MultiLineString", "coordinates": [ [ [ 36.569196339761334, 50.026824439273057 ], [ 36.569341234079367, 50.027245359851499 ], [ 36.569539164545461, 50.027613244692347 ] ] ] } },
{ "type": "Feature", "properties": { "id": null }, "geometry": { "type": "MultiLineString", "coordinates": [ [ [ 36.569103523126955, 50.027703976275241 ], [ 36.568919486421777, 50.02738519991005 ] ] ] } },
{ "type": "Feature", "properties": { "id": null }, "geometry": { "type": "MultiLineString", "coordinates": [ [ [ 36.56880240624205, 50.027768852237777 ], [ 36.568701810211415, 50.027472599739909 ] ] ] } },
{ "type": "Feature", "properties": { "id": null }, "geometry": { "type": "MultiLineString", "coordinates": [ [ [ 36.567080013262256, 50.024151870819615 ], [ 36.566928174615775, 50.024242176336891 ], [ 36.566984633161766, 50.024352338726914 ] ] ] } },
{ "type": "Feature", "properties": { "id": null }, "geometry": { "type": "MultiLineString", "coordinates": [ [ [ 36.567296699174832, 50.024346100229756 ], [ 36.567266684176992, 50.024117930653297 ] ] ] } },
{ "type": "Feature", "properties": { "id": null }, "geometry": { "type": "MultiLineString", "coordinates": [ [ [ 36.567611209205708, 50.024283198223571 ], [ 36.567461840133319, 50.023956714863303 ] ] ] } },
{ "type": "Feature", "properties": { "id": null }, "geometry": { "type": "MultiLineString", "coordinates": [ [ [ 36.556626829507621, 50.010280744279093 ], [ 36.555981356667878, 50.009740288161552 ], [ 36.553546104064353, 50.006662582749165 ] ] ] } },
{ "type": "Feature", "properties": { "id": null }, "geometry": { "type": "MultiLineString", "coordinates": [ [ [ 36.553124356406755, 50.006076747176586 ], [ 36.5517502753288, 50.005796942592539 ], [ 36.551709461039358, 50.005351000670188 ] ] ] } },
{ "type": "Feature", "properties": { "id": null }, "geometry": { "type": "MultiLineString", "coordinates": [ [ [ 36.551614227697321, 50.005158632289159 ], [ 36.551573413407873, 50.004808869624007 ], [ 36.552867625012041, 50.004986432277569 ] ] ] } },
{ "type": "Feature", "properties": { "id": null }, "geometry": { "type": "MultiLineString", "coordinates": [ [ [ 36.552638472494678, 50.002506529751408 ], [ 36.552240046802126, 50.001267379303258 ] ] ] } },
{ "type": "Feature", "properties": { "id": null }, "geometry": { "type": "MultiLineString", "coordinates": [ [ [ 36.55253665199573, 50.000639820604007 ], [ 36.551913532486573, 49.997953007595569 ] ] ] } },
{ "type": "Feature", "properties": { "id": null }, "geometry": { "type": "MultiLineString", "coordinates": [ [ [ 36.551976896452977, 49.995745309345899 ], [ 36.556062985246761, 49.991550988505296 ] ] ] } },
{ "type": "Feature", "properties": { "id": null }, "geometry": { "type": "MultiLineString", "coordinates": [ [ [ 36.548336556414064, 49.979715708069989 ], [ 36.548974903646567, 49.9825937283101 ], [ 36.54768245114748, 49.98506064022682 ], [ 36.547207650307783, 49.986047991385782 ] ] ] } },
{ "type": "Feature", "properties": { "id": null }, "geometry": { "type": "MultiLineString", "coordinates": [ [ [ 36.554199720145206, 49.95315328540665 ], [ 36.553750175511567, 49.951440272311928 ], [ 36.553804594564163, 49.949750758728264 ], [ 36.553263198007045, 49.945485958506367 ] ] ] } },
{ "type": "Feature", "properties": { "id": null }, "geometry": { "type": "MultiLineString", "coordinates": [ [ [ 36.553680357959664, 49.945434000573428 ], [ 36.554267156511202, 49.950135938025305 ], [ 36.554212737458599, 49.951571579175614 ] ] ] } },
{ "type": "Feature", "properties": { "id": null }, "geometry": { "type": "MultiLineString", "coordinates": [ [ [ 36.54595333643185, 49.907046389380447 ], [ 36.544580565149708, 49.907344704433733 ], [ 36.54462137943915, 49.907660128754564 ] ] ] } },
{ "type": "Feature", "properties": { "id": null }, "geometry": { "type": "MultiLineString", "coordinates": [ [ [ 36.544675798491738, 49.907940504197008 ], [ 36.544839055649518, 49.908203354694123 ], [ 36.545840824868336, 49.908046581012044 ], [ 36.545832203359332, 49.907765269736473 ] ] ] } },
{ "type": "Feature", "properties": { "id": null }, "geometry": { "type": "MultiLineString", "coordinates": [ [ [ 36.546123883896129, 49.90789561619723 ], [ 36.546131508148591, 49.907712699274164 ] ] ] } },
{ "type": "Feature", "properties": { "id": null }, "geometry": { "type": "MultiLineString", "coordinates": [ [ [ 36.54670258235295, 49.907820133789812 ], [ 36.54668930343766, 49.907642605235282 ] ] ] } },
{ "type": "Feature", "properties": { "id": null }, "geometry": { "type": "MultiLineString", "coordinates": [ [ [ 36.427265666409149, 50.005691602947209 ], [ 36.429225778416395, 50.007519463711638 ], [ 36.431076026204551, 50.008865960074473 ], [ 36.432980693045288, 50.010544655953701 ], [ 36.434722102728259, 50.011961009993811 ], [ 36.435756064727521, 50.013219956319624 ], [ 36.438721903093821, 50.013692052688789 ], [ 36.440381684197895, 50.014915984638925 ], [ 36.440027960356048, 50.015353095637522 ], [ 36.439661724457657, 50.015895891030084 ], [ 36.439320512672339, 50.016297241824198 ] ] ] } },
{ "type": "Feature", "properties": { "id": null }, "geometry": { "type": "MultiLineString", "coordinates": [ [ [ 36.06677650663525, 50.139141154299303 ], [ 36.067883269201069, 50.13866904490866 ] ] ] } },
{ "type": "Feature", "properties": { "id": null }, "geometry": { "type": "MultiLineString", "coordinates": [ [ [ 36.067774431095877, 50.139697961311462 ], [ 36.068971650252912, 50.140866364969312 ], [ 36.070631431357, 50.139820034670414 ], [ 36.071583764777372, 50.138041220639536 ] ] ] } },
{ "type": "Feature", "properties": { "id": null }, "geometry": { "type": "MultiLineString", "coordinates": [ [ [ 36.031275092668402, 50.144401880078313 ], [ 36.027749217913971, 50.144528340792711 ], [ 36.025826469926187, 50.144510919450681 ], [ 36.02532707852145, 50.144503700577332 ] ] ] } },
{ "type": "Feature", "properties": { "id": null }, "geometry": { "type": "MultiLineString", "coordinates": [ [ [ 36.028381693489919, 50.148771676491599 ], [ 36.027974411494121, 50.148313484246323 ] ] ] } },
{ "type": "Feature", "properties": { "id": null }, "geometry": { "type": "MultiLineString", "coordinates": [ [ [ 36.027809064031359, 50.148731701786687 ], [ 36.02759623075724, 50.148396942580284 ] ] ] } },
{ "type": "Feature", "properties": { "id": null }, "geometry": { "type": "MultiLineString", "coordinates": [ [ [ 36.027437479212736, 50.148988391147519 ], [ 36.02692797296271, 50.148450578994733 ] ] ] } },
{ "type": "Feature", "properties": { "id": null }, "geometry": { "type": "MultiLineString", "coordinates": [ [ [ 36.027176817585691, 50.147074668175783 ], [ 36.027516219248845, 50.147600740753681 ] ] ] } },
{ "type": "Feature", "properties": { "id": null }, "geometry": { "type": "MultiLineString", "coordinates": [ [ [ 36.051774948244471, 50.154713742649719 ], [ 36.051992905844003, 50.154239937827406 ], [ 36.052565913540462, 50.153752181263144 ] ] ] } },
{ "type": "Feature", "properties": { "id": null }, "geometry": { "type": "MultiLineString", "coordinates": [ [ [ 36.0522752163156, 50.15360404273811 ], [ 36.051652786765295, 50.154248654712561 ], [ 36.051516739133817, 50.154536311031428 ], [ 36.051307792342328, 50.155004903842347 ] ] ] } },
{ "type": "Feature", "properties": { "id": null }, "geometry": { "type": "MultiLineString", "coordinates": [ [ [ 36.05285000592233, 50.15295853842175 ], [ 36.052237791580659, 50.15325491956834 ], [ 36.05135348197603, 50.154117901268251 ], [ 36.050920822753021, 50.154769363695095 ] ] ] } },
{ "type": "Feature", "properties": { "id": null }, "geometry": { "type": "MultiLineString", "coordinates": [ [ [ 36.018308825566542, 50.128070328993921 ], [ 36.017487954385956, 50.126159680556356 ] ] ] } },
{ "type": "Feature", "properties": { "id": null }, "geometry": { "type": "MultiLineString", "coordinates": [ [ [ 36.018734627162004, 50.127972199728788 ], [ 36.017273550289879, 50.123904273937256 ] ] ] } },
{ "type": "Feature", "properties": { "id": null }, "geometry": { "type": "MultiLineString", "coordinates": [ [ [ 36.019024854353972, 50.127848161299497 ], [ 36.017368783631923, 50.123398371187719 ], [ 36.016008307317094, 50.119359679945312 ], [ 36.014321316686718, 50.117322759322569 ] ] ] } },
{ "type": "Feature", "properties": { "id": null }, "geometry": { "type": "MultiLineString", "coordinates": [ [ [ 36.017273550289879, 50.123904273937256 ], [ 36.015504931080606, 50.119250639280907 ], [ 36.013926778555422, 50.117549572758826 ] ] ] } },
{ "type": "Feature", "properties": { "id": null }, "geometry": { "type": "MultiLineString", "coordinates": [ [ [ 36.013586659476722, 50.117715320359643 ], [ 36.015083183423016, 50.119521059672834 ], [ 36.017303966017899, 50.125720939063285 ] ] ] } },
{ "type": "Feature", "properties": { "id": null }, "geometry": { "type": "MultiLineString", "coordinates": [ [ [ 35.997088860146278, 50.107356188544138 ], [ 35.997002453199102, 50.108397670076286 ], [ 35.997207650728377, 50.108476214032578 ] ] ] } },
{ "type": "Feature", "properties": { "id": null }, "geometry": { "type": "MultiLineString", "coordinates": [ [ [ 36.003537491746371, 50.109918671101028 ], [ 36.008681057953503, 50.111169422298431 ], [ 36.009648080545311, 50.111804755285689 ], [ 36.014321316686718, 50.117322759322569 ] ] ] } },
{ "type": "Feature", "properties": { "id": null }, "geometry": { "type": "MultiLineString", "coordinates": [ [ [ 36.013926778555422, 50.117549572758826 ], [ 36.009253542414015, 50.111979247362761 ], [ 36.008763770940682, 50.111534291309709 ], [ 36.008272144947505, 50.111310217919979 ] ] ] } },
{ "type": "Feature", "properties": { "id": null }, "geometry": { "type": "MultiLineString", "coordinates": [ [ [ 36.012378905071785, 50.116604883865335 ], [ 36.013586659476722, 50.117715320359643 ] ] ] } },
{ "type": "Feature", "properties": { "id": null }, "geometry": { "type": "MultiLineString", "coordinates": [ [ [ 35.997330717928818, 50.101489606143964 ], [ 35.998737060500474, 50.101430058778675 ], [ 35.998791479553077, 50.101150809651031 ] ] ] } },
{ "type": "Feature", "properties": { "id": null }, "geometry": { "type": "MultiLineString", "coordinates": [ [ [ 35.998845898605666, 50.100906465329011 ], [ 35.998818689079371, 50.100339232633814 ], [ 35.997424658273722, 50.100321549920785 ] ] ] } },
{ "type": "Feature", "properties": { "id": null }, "geometry": { "type": "MultiLineString", "coordinates": [ [ [ 35.972969639097855, 50.078011111084159 ], [ 35.972685298168813, 50.077933328805273 ] ] ] } },
{ "type": "Feature", "properties": { "id": null }, "geometry": { "type": "MultiLineString", "coordinates": [ [ [ 35.97403524290165, 50.078005830581922 ], [ 35.975232636074438, 50.078330930238721 ] ] ] } },
{ "type": "Feature", "properties": { "id": null }, "geometry": { "type": "MultiLineString", "coordinates": [ [ [ 35.974844470155787, 50.078090272263168 ], [ 35.975719488243612, 50.078263377244717 ] ] ] } },
{ "type": "Feature", "properties": { "id": null }, "geometry": { "type": "MultiLineString", "coordinates": [ [ [ 35.948047863601758, 50.069201969378739 ], [ 35.948623915444202, 50.06981221223306 ] ] ] } },
{ "type": "Feature", "properties": { "id": null }, "geometry": { "type": "MultiLineString", "coordinates": [ [ [ 35.949127291680689, 50.069742354036904 ], [ 35.948284710602969, 50.06891481383358 ] ] ] } },
{ "type": "Feature", "properties": { "id": null }, "geometry": { "type": "MultiLineString", "coordinates": [ [ [ 35.94836365960338, 50.068391172824974 ], [ 35.949208920259565, 50.069305738005532 ] ] ] } },
{ "type": "Feature", "properties": { "id": null }, "geometry": { "type": "MultiLineString", "coordinates": [ [ [ 35.935639712371476, 50.056759801337925 ], [ 35.935903461900658, 50.055847282752431 ], [ 35.936379628610844, 50.05591716118677 ] ] ] } },
{ "type": "Feature", "properties": { "id": null }, "geometry": { "type": "MultiLineString", "coordinates": [ [ [ 35.93667893340011, 50.056493654387054 ], [ 35.93693742389992, 50.05674695981498 ], [ 35.93701905247881, 50.057026467700737 ], [ 35.936839629281131, 50.05812163371575 ] ] ] } },
{ "type": "Feature", "properties": { "id": null }, "geometry": { "type": "MultiLineString", "coordinates": [ [ [ 35.92227976711262, 50.041659978673508 ], [ 35.923550336962123, 50.041345306130005 ], [ 35.923346265514894, 50.040960856774056 ] ] ] } },
{ "type": "Feature", "properties": { "id": null }, "geometry": { "type": "MultiLineString", "coordinates": [ [ [ 35.891682475276532, 50.00742576211217 ], [ 35.890896876984371, 50.00793659593117 ] ] ] } },
{ "type": "Feature", "properties": { "id": null }, "geometry": { "type": "MultiLineString", "coordinates": [ [ [ 35.890751954841093, 50.007632259430295 ], [ 35.891359606443913, 50.007250181459902 ] ] ] } },
{ "type": "Feature", "properties": { "id": null }, "geometry": { "type": "MultiLineString", "coordinates": [ [ [ 35.891036737611287, 50.007106524085494 ], [ 35.890480884139997, 50.007432425318427 ] ] ] } },
{ "type": "Feature", "properties": { "id": null }, "geometry": { "type": "MultiLineString", "coordinates": [ [ [ 35.893656706204069, 50.005371316923259 ], [ 35.893122966991314, 50.005973211966449 ] ] ] } },
{ "type": "Feature", "properties": { "id": null }, "geometry": { "type": "MultiLineString", "coordinates": [ [ [ 35.909377021222433, 49.995539824164098 ], [ 35.901483411135779, 49.998617649261 ], [ 35.899197810926886, 49.999465928566288 ] ] ] } },
{ "type": "Feature", "properties": { "id": null }, "geometry": { "type": "MultiLineString", "coordinates": [ [ [ 35.912560875935554, 49.994573015875048 ], [ 35.903415287502831, 49.998154150121735 ] ] ] } },
{ "type": "Feature", "properties": { "id": null }, "geometry": { "type": "MultiLineString", "coordinates": [ [ [ 35.918953803924232, 49.990502462094071 ], [ 35.917877150729325, 49.99146352332648 ], [ 35.916979236361541, 49.991988312013255 ], [ 35.916107623315611, 49.992570546062389 ] ] ] } },
{ "type": "Feature", "properties": { "id": null }, "geometry": { "type": "MultiLineString", "coordinates": [ [ [ 35.916582785644039, 49.992740246893966 ], [ 35.917659474518949, 49.992058283405441 ] ] ] } },
{ "type": "Feature", "properties": { "id": null }, "geometry": { "type": "MultiLineString", "coordinates": [ [ [ 35.918026803123951, 49.992241957825648 ], [ 35.916735516392457, 49.993045708390802 ] ] ] } },
{ "type": "Feature", "properties": { "id": null }, "geometry": { "type": "MultiLineString", "coordinates": [ [ [ 35.920231518202641, 49.990688713993812 ], [ 35.918870298439145, 49.991384804529531 ] ] ] } },
{ "type": "Feature", "properties": { "id": null }, "geometry": { "type": "MultiLineString", "coordinates": [ [ [ 35.917504429295263, 49.976654978554102 ], [ 35.917088074466719, 49.97619841372218 ] ] ] } },
{ "type": "Feature", "properties": { "id": null }, "geometry": { "type": "MultiLineString", "coordinates": [ [ [ 35.916853393531362, 49.976570060845766 ], [ 35.91628539344098, 49.976040926031423 ] ] ] } },
{ "type": "Feature", "properties": { "id": null }, "geometry": { "type": "MultiLineString", "coordinates": [ [ [ 35.915894751477609, 49.976304407100265 ], [ 35.915373874310056, 49.975725949103563 ] ] ] } },
{ "type": "Feature", "properties": { "id": null }, "geometry": { "type": "MultiLineString", "coordinates": [ [ [ 35.451664838844806, 48.328980867296316 ], [ 35.457968132505499, 48.329383476474113 ] ] ] } },
{ "type": "Feature", "properties": { "id": null }, "geometry": { "type": "MultiLineString", "coordinates": [ [ [ 35.457750456295116, 48.329745278826493 ], [ 35.458104180136985, 48.330505055411237 ], [ 35.458131389663265, 48.33372493528806 ], [ 35.458376275399942, 48.334122883851684 ], [ 35.461615390685026, 48.334475015459184 ] ] ] } },
{ "type": "Feature", "properties": { "id": null }, "geometry": { "type": "MultiLineString", "coordinates": [ [ [ 35.379734204944242, 48.583550905228428 ], [ 35.381590992191668, 48.581261328059995 ], [ 35.384964973452412, 48.576976990183539 ], [ 35.387304992713894, 48.573790503462646 ] ] ] } },
{ "type": "Feature", "properties": { "id": null }, "geometry": { "type": "MultiLineString", "coordinates": [ [ [ 35.357961588252422, 48.611941854351883 ], [ 35.357401723314233, 48.612572767237488 ], [ 35.357320094735343, 48.613130438763946 ], [ 35.357891494787573, 48.613903972941806 ], [ 35.358190799576825, 48.615181177854382 ], [ 35.358054751945346, 48.615558936496114 ], [ 35.35775544715608, 48.616008645479404 ], [ 35.357837075734977, 48.616368409781799 ], [ 35.358544523418672, 48.616674207423067 ], [ 35.361700828469054, 48.615972668908157 ], [ 35.363605495309798, 48.617321772784088 ], [ 35.36455782873017, 48.618113230278098 ] ] ] } },
{ "type": "Feature", "properties": { "id": null }, "geometry": { "type": "MultiLineString", "coordinates": [ [ [ 35.362190599942387, 48.61685408752323 ], [ 35.361374314153501, 48.616386397929624 ], [ 35.358408475787201, 48.617033966982461 ], [ 35.357510561419424, 48.616602255203524 ], [ 35.357129628051275, 48.615936692311273 ], [ 35.357673818577197, 48.615451005744035 ], [ 35.357483351893123, 48.614119840829808 ], [ 35.35683032326201, 48.61336429918385 ], [ 35.356775904209407, 48.612626735718919 ], [ 35.357020789946091, 48.612069058628983 ], [ 35.357605216506101, 48.611653362938192 ] ] ] } },
{ "type": "Feature", "properties": { "id": null }, "geometry": { "type": "MultiLineString", "coordinates": [ [ [ 35.377376414417697, 48.627632512143357 ], [ 35.37571373451167, 48.626674568133289 ] ] ] } },
{ "type": "Feature", "properties": { "id": null }, "geometry": { "type": "MultiLineString", "coordinates": [ [ [ 35.384910554399831, 48.646777209747498 ], [ 35.384556830557983, 48.645878336066716 ], [ 35.384475201979093, 48.645051358130225 ] ] ] } },
{ "type": "Feature", "properties": { "id": null }, "geometry": { "type": "MultiLineString", "coordinates": [ [ [ 35.384447992452792, 48.644817644516543 ], [ 35.384529621031689, 48.643972670877119 ], [ 35.385182649662802, 48.641761289881998 ], [ 35.384774506768359, 48.640862326800509 ], [ 35.384230316242416, 48.63951385213727 ], [ 35.383794963821686, 48.638812631065711 ], [ 35.382978678032799, 48.637050545350718 ] ] ] } },
{ "type": "Feature", "properties": { "id": null }, "geometry": { "type": "MultiLineString", "coordinates": [ [ [ 35.382761001822423, 48.637697849296231 ], [ 35.384475201979093, 48.64143766501838 ], [ 35.384611249610572, 48.641779268980208 ], [ 35.384420782926497, 48.642624279366949 ], [ 35.384012640032047, 48.64413447543587 ], [ 35.384039849558356, 48.645141247693253 ] ] ] } },
{ "type": "Feature", "properties": { "id": null }, "geometry": { "type": "MultiLineString", "coordinates": [ [ [ 35.38406705908465, 48.645482826571566 ], [ 35.38414868766354, 48.646561481525268 ], [ 35.384420782926497, 48.647244617729839 ] ] ] } },
{ "type": "Feature", "properties": { "id": null }, "geometry": { "type": "MultiLineString", "coordinates": [ [ [ 35.403998037096706, 48.5543972128185 ], [ 35.404991184806526, 48.553001401381287 ], [ 35.40607956585837, 48.552533120530924 ], [ 35.406052356332076, 48.551776657694305 ], [ 35.407331204068008, 48.549849427455527 ], [ 35.406705384963189, 48.54959726105934 ], [ 35.404991184806526, 48.549056900264603 ] ] ] } },
{ "type": "Feature", "properties": { "id": null }, "geometry": { "type": "MultiLineString", "coordinates": [ [ [ 35.405671422963927, 48.546787321916071 ], [ 35.40428373712281, 48.548498521381482 ] ] ] } },
{ "type": "Feature", "properties": { "id": null }, "geometry": { "type": "MultiLineString", "coordinates": [ [ [ 35.404827927648739, 48.549345093406529 ], [ 35.406378870647636, 48.549912468858217 ], [ 35.40650131351596, 48.550173639547026 ], [ 35.40548095627986, 48.551722624201787 ], [ 35.40556258485875, 48.552217929056731 ], [ 35.405331303885227, 48.55249709874753 ], [ 35.405086418148564, 48.55258715315793 ], [ 35.404515018096333, 48.552803283088913 ], [ 35.403698732307447, 48.553838892864491 ] ] ] } },
{ "type": "Feature", "properties": { "id": null }, "geometry": { "type": "MultiLineString", "coordinates": [ [ [ 35.465831685605139, 48.495929301042359 ], [ 35.465886104657727, 48.496776752154666 ], [ 35.465654823684211, 48.497155395945278 ], [ 35.465328309368651, 48.497317670989808 ], [ 35.464838537895318, 48.497389793065089 ], [ 35.454376475034358, 48.497516006449949 ] ] ] } },
{ "type": "Feature", "properties": { "id": null }, "geometry": { "type": "MultiLineString", "coordinates": [ [ [ 35.459777566004192, 48.49782252336211 ], [ 35.45319286064047, 48.497894644719175 ], [ 35.448063864933609, 48.499472273733801 ] ] ] } },
{ "type": "Feature", "properties": { "id": null }, "geometry": { "type": "MultiLineString", "coordinates": [ [ [ 35.437071216309903, 48.503123169732412 ], [ 35.436486211494525, 48.503465709443439 ], [ 35.433874096970079, 48.507251520480594 ], [ 35.434445497022303, 48.507594032290655 ], [ 35.434690382758966, 48.508477341538708 ], [ 35.434554335127487, 48.509000109147301 ], [ 35.432295944444881, 48.512316853833873 ], [ 35.431261982445626, 48.512659331408074 ], [ 35.430962677656368, 48.512839581833134 ] ] ] } },
{ "type": "Feature", "properties": { "id": null }, "geometry": { "type": "MultiLineString", "coordinates": [ [ [ 35.434676777995818, 48.505322594955103 ], [ 35.433248277865253, 48.507359682354917 ], [ 35.433289092154702, 48.507576005411003 ], [ 35.434050958891007, 48.507837394538448 ], [ 35.434268635101375, 48.508450301688129 ], [ 35.432295944444881, 48.511388547715619 ], [ 35.431949022984611, 48.511906778956345 ], [ 35.43103750385368, 48.512321360132759 ], [ 35.430425289512016, 48.512717912866528 ], [ 35.42988109898608, 48.513348785819403 ], [ 35.429010394144605, 48.51370928112285 ], [ 35.426044555778304, 48.517494326952445 ] ] ] } },
{ "type": "Feature", "properties": { "id": null }, "geometry": { "type": "MultiLineString", "coordinates": [ [ [ 35.176832504430166, 48.34028616784628 ], [ 35.179471828480914, 48.340268081529203 ], [ 35.180968352427215, 48.340430858151933 ] ] ] } },
{ "type": "Feature", "properties": { "id": null }, "geometry": { "type": "MultiLineString", "coordinates": [ [ [ 35.176805294903865, 48.340684065198573 ], [ 35.17890042842869, 48.340702151368063 ] ] ] } },
{ "type": "Feature", "properties": { "id": null }, "geometry": { "type": "MultiLineString", "coordinates": [ [ [ 35.243849567698035, 48.343830962108626 ], [ 35.242434672330624, 48.343252237026249 ] ] ] } },
{ "type": "Feature", "properties": { "id": null }, "geometry": { "type": "MultiLineString", "coordinates": [ [ [ 35.242815605698773, 48.342953829338086 ], [ 35.242516300909521, 48.3428362743146 ] ] ] } }
]
}
