{
"type": "FeatureCollection",
"name": "russia1204",
"crs": { "type": "name", "properties": { "name": "urn:ogc:def:crs:OGC:1.3:CRS84" } },
"features": [
{ "type": "Feature", "properties": { "fid": null, "id": null }, "geometry": { "type": "MultiPolygon", "coordinates": [ [ [ [ 37.947836055885844, 48.901063431766332 ], [ 37.948019319176936, 48.902466029271892 ], [ 37.947796785180607, 48.903834169281978 ], [ 37.947548070714134, 48.904531131868175 ], [ 37.9423002, 48.9053574 ], [ 37.936853348655696, 48.901777642776707 ], [ 37.935531181290436, 48.902225118250612 ], [ 37.934208557206233, 48.900902651024957 ], [ 37.933946289246869, 48.900120534719584 ], [ 37.933457583042888, 48.899605013255176 ], [ 37.93231103708375, 48.898709905187282 ], [ 37.931833243503419, 48.898916434807198 ], [ 37.931486352273872, 48.899557531733173 ], [ 37.931276908512629, 48.900564338496402 ], [ 37.931695796035129, 48.903154406285502 ], [ 37.9370505, 48.9087543 ], [ 37.941307728750957, 48.919424452960392 ], [ 37.94644210276428, 48.923311280285859 ], [ 37.9548639, 48.9296861 ], [ 37.9661973, 48.9378116 ], [ 37.9653286, 48.9419142 ], [ 37.954322412387583, 48.945751203843685 ], [ 37.95364434119606, 48.945638708369081 ], [ 37.953245553604425, 48.945220203069972 ], [ 37.953966717255426, 48.944437134844073 ], [ 37.954418043738571, 48.942880868863583 ], [ 37.952032460899169, 48.941970377829314 ], [ 37.950968619903215, 48.94130337967011 ], [ 37.950162679754769, 48.940128170748565 ], [ 37.948663631078638, 48.939768191308517 ], [ 37.946261929436247, 48.940212871415987 ], [ 37.945584939711551, 48.941165744019841 ], [ 37.943102644054321, 48.941462189564149 ], [ 37.942538485950408, 48.940466972555754 ], [ 37.939008468100205, 48.940594022640532 ], [ 37.935043242569819, 48.941229268213277 ], [ 37.934785341722318, 48.940054057546682 ], [ 37.936381103216242, 48.939757603638633 ], [ 37.93518831179653, 48.938105899631772 ], [ 37.93441460925402, 48.935469412682814 ], [ 37.934833698131222, 48.935215286101077 ], [ 37.935333381023248, 48.934008167171072 ], [ 37.935204430599505, 48.932493932856332 ], [ 37.936187677580619, 48.932292737427879 ], [ 37.936719598078582, 48.932652770779761 ], [ 37.938121933936898, 48.932398629859712 ], [ 37.937880151892365, 48.931413821575184 ], [ 37.937557775832971, 48.931101432093335 ], [ 37.936058727156848, 48.931344990162316 ], [ 37.934856374680024, 48.931342286585711 ], [ 37.934728925911905, 48.930868462393839 ], [ 37.935446212644024, 48.930640786409953 ], [ 37.93539785623512, 48.930090123924238 ], [ 37.935994251944976, 48.929708892491817 ], [ 37.936816310896404, 48.928935830929156 ], [ 37.936010370747944, 48.928205117900873 ], [ 37.930705, 48.9150088 ], [ 37.919875485096853, 48.912570119874111 ], [ 37.914488446680672, 48.914709424371573 ], [ 37.912216188770522, 48.913971164936264 ], [ 37.890897813995608, 48.925228435915294 ], [ 37.881591768959126, 48.930172612464524 ], [ 37.880813073832606, 48.936265143905018 ], [ 37.881349224575452, 48.936231601376548 ], [ 37.882038561244819, 48.936198058825539 ], [ 37.882408760567252, 48.93644124180971 ], [ 37.882983207791739, 48.936340614511671 ], [ 37.883085331742748, 48.936080659719515 ], [ 37.88337893810192, 48.936021960062959 ], [ 37.883685309954977, 48.936164516251992 ], [ 37.884221460697816, 48.935904560542795 ], [ 37.88464272199576, 48.935309173011241 ], [ 37.885000155824336, 48.935099527823802 ], [ 37.885255465701881, 48.935233700845174 ], [ 37.885549072061039, 48.93555236032568 ], [ 37.885178872738614, 48.935845860679166 ], [ 37.885000155824336, 48.936583796801365 ], [ 37.8856256650243, 48.936617339093182 ], [ 37.886072457310014, 48.936776664671477 ], [ 37.886634139040609, 48.93734687836389 ], [ 37.886685201016128, 48.937757763604289 ], [ 37.886493718607966, 48.937858388045555 ], [ 37.88626393971817, 48.938034480329669 ], [ 37.886710732003877, 48.938076406972428 ], [ 37.887004338363049, 48.938302810234731 ], [ 37.887208586265089, 48.938914932431949 ], [ 37.887144758795699, 48.939216798148991 ], [ 37.886621373546738, 48.939619282931865 ], [ 37.886187346754902, 48.939912759373314 ], [ 37.885663961505941, 48.93989598933743 ], [ 37.884744845946791, 48.93978698396684 ], [ 37.883915088844773, 48.939845679195969 ], [ 37.883404469089683, 48.940021764469201 ], [ 37.883047035261121, 48.940021764469201 ], [ 37.882485353530527, 48.940097229396137 ], [ 37.882089623220331, 48.940256543867179 ], [ 37.881553472477492, 48.940105614380983 ], [ 37.880736480869352, 48.940088844409885 ], [ 37.880340750559157, 48.940189464151885 ], [ 37.879028083721863, 48.951454164290602 ], [ 37.882979314201663, 48.959964506862477 ], [ 37.90027129575077, 48.97212960399785 ], [ 37.937962131889179, 48.978167171839608 ], [ 37.958588212790254, 49.008131579547225 ], [ 37.956762215343154, 49.008683488510741 ], [ 37.956235386907359, 49.009075130913033 ], [ 37.954629220118868, 49.0090301371769 ], [ 37.953532984606333, 49.009036336011029 ], [ 37.952710807971933, 49.008974347635025 ], [ 37.951255460825976, 49.008837972936149 ], [ 37.949875716129164, 49.008862768363734 ], [ 37.948514872044633, 49.008404050954717 ], [ 37.94736193469523, 49.008577620201081 ], [ 37.945736482038726, 49.0084164487781 ], [ 37.942013061418564, 49.011912511791216 ], [ 37.941749869703045, 49.012790291290386 ], [ 37.939924662551512, 49.014182737883175 ], [ 37.939535796800996, 49.019480165550966 ], [ 37.940807887224821, 49.019685561418825 ], [ 37.941662824036591, 49.020465764234977 ], [ 37.941168407623785, 49.020900852078775 ], [ 37.9402675, 49.0234157 ], [ 37.951235, 49.024341 ], [ 37.960017699947464, 49.033688894619928 ], [ 37.952278712479313, 49.039575030043281 ], [ 37.94948128627329, 49.044735806987561 ], [ 37.947002130114662, 49.052541836830542 ], [ 37.947571665988939, 49.064506507337491 ], [ 37.954119867936207, 49.068278596809535 ], [ 37.935568, 49.073383 ], [ 37.930288764862816, 49.070449353130485 ], [ 37.9276756002632, 49.070852650703827 ], [ 37.919495184330415, 49.07015090582086 ], [ 37.86519835240756, 49.06751094342426 ], [ 37.848131328806595, 49.064041316385143 ], [ 37.833858049491354, 49.065067116746604 ], [ 37.822665329561232, 49.069622171333876 ], [ 37.788913158077108, 49.070889493542822 ], [ 37.780469717133435, 49.070658738922958 ], [ 37.746154885274137, 49.057505054881148 ], [ 37.735300201552612, 49.064650559789058 ], [ 37.73324656910868, 49.063653656925752 ], [ 37.731135970555528, 49.063872010141495 ], [ 37.729730358524719, 49.06432956439609 ], [ 37.714547406488656, 49.068627019992682 ], [ 37.712259125227078, 49.0706263106321 ], [ 37.711957606234819, 49.071827958854463 ], [ 37.712045774621181, 49.073197589311761 ], [ 37.712819198310292, 49.074954365977021 ], [ 37.712896540679203, 49.076578555724147 ], [ 37.71423345877038, 49.078291136750032 ], [ 37.715415692123727, 49.078965120250544 ], [ 37.716598415619124, 49.079883731326767 ], [ 37.717505856901965, 49.08194386829323 ], [ 37.719296214027572, 49.084935971982617 ], [ 37.723773438905859, 49.087139016991173 ], [ 37.72392850809576, 49.087473434126146 ], [ 37.72172612034327, 49.088324808550965 ], [ 37.721545717867379, 49.088394546522387 ], [ 37.721415605253235, 49.088444844001522 ], [ 37.7069264, 49.0892393 ], [ 37.682081728417963, 49.094420050169802 ], [ 37.68209249985464, 49.095206365047552 ], [ 37.682469500138495, 49.096983652100015 ], [ 37.705994201028481, 49.101007471970462 ], [ 37.706070440641561, 49.101017379121437 ], [ 37.714108, 49.102253 ], [ 37.715115, 49.1071085 ], [ 37.712386214485818, 49.107871598065806 ], [ 37.703824, 49.110266 ], [ 37.696718402921242, 49.105596245179804 ], [ 37.687831672171143, 49.105014456847286 ], [ 37.679537390137703, 49.106117424768684 ], [ 37.678503341231277, 49.106641469326995 ], [ 37.678598777040747, 49.108976683956733 ], [ 37.678913319031786, 49.116672420085294 ], [ 37.684690997963671, 49.123415181455151 ], [ 37.6886444, 49.1282404 ], [ 37.7003972, 49.1302842 ], [ 37.703465196651401, 49.129152729909983 ], [ 37.706949034177221, 49.12717931030042 ], [ 37.72171019949716, 49.132221627764849 ], [ 37.724756908129123, 49.13316119616124 ], [ 37.732582245232983, 49.135437021543133 ], [ 37.73344083443363, 49.145122855987218 ], [ 37.725978239375081, 49.148064890881663 ], [ 37.722058492475639, 49.151064271757882 ], [ 37.728629093848745, 49.155591760308987 ], [ 37.739546594026983, 49.157785512459668 ], [ 37.759848872839441, 49.161260808545521 ], [ 37.763668113408123, 49.16397186311152 ], [ 37.759899126004832, 49.166206317719286 ], [ 37.750657398219268, 49.175717778193238 ], [ 37.751056320527326, 49.178025828689833 ], [ 37.753682405930952, 49.181478280422766 ], [ 37.77610294258281, 49.182798649161157 ], [ 37.79548479015795, 49.183309487324884 ], [ 37.798835835863862, 49.182169860445143 ], [ 37.806646915288759, 49.18124681835971 ], [ 37.812532942456698, 49.184619542967411 ], [ 37.813254667783184, 49.185117039890521 ], [ 37.841637028151347, 49.190235882472557 ], [ 37.86323219731208, 49.195121903955012 ], [ 37.870971184780196, 49.198701300906293 ], [ 37.878423816851011, 49.205881428788963 ], [ 37.884740552093596, 49.214674075125281 ], [ 37.884167837204032, 49.220209962153916 ], [ 37.882500671970369, 49.220637251862833 ], [ 37.880576338496546, 49.22059485788089 ], [ 37.878430523510346, 49.221299847343204 ], [ 37.876396, 49.226102 ], [ 37.878908893686535, 49.226639075761355 ], [ 37.888352846842331, 49.22640760632126 ], [ 37.915746755131408, 49.230329935686882 ], [ 37.916852324769799, 49.234472821303676 ], [ 37.914647467138863, 49.242372054075645 ], [ 37.918640697853526, 49.245180315661571 ], [ 37.920979365976407, 49.244918733614796 ], [ 37.92269425524492, 49.244082157720761 ], [ 37.933712261753783, 49.242388458228852 ], [ 37.938385806133937, 49.244553758619588 ], [ 37.947582135398008, 49.252590785741148 ], [ 37.955358812740151, 49.26051991686532 ], [ 37.959511266625391, 49.264724502814893 ], [ 37.963473339579579, 49.266374059845489 ], [ 37.971469167981894, 49.273223991524176 ], [ 37.971349805938701, 49.280166354912772 ], [ 37.9609683223254, 49.286024708786464 ], [ 37.957463164040334, 49.294710458336425 ], [ 37.957438037457671, 49.300101408541295 ], [ 37.959875315978472, 49.303214454655453 ], [ 37.962250804907995, 49.31772179162612 ], [ 37.952569762061742, 49.32231442074643 ], [ 37.954680395007586, 49.329880283379232 ], [ 37.936564128889046, 49.338558304353064 ], [ 37.942870901143898, 49.344345530089541 ], [ 37.945140443632624, 49.346847216678313 ], [ 37.941074350481657, 49.349681944093341 ], [ 37.942101399549074, 49.351216465195812 ], [ 37.950170173414968, 49.35855695191384 ], [ 37.946589635381848, 49.362067232232924 ], [ 37.93441580606919, 49.37192577021122 ], [ 37.915589713989668, 49.379852073446905 ], [ 37.885908938188656, 49.380183330737758 ], [ 37.88272960663334, 49.379719225644969 ], [ 37.882877109747781, 49.379416358152476 ], [ 37.876599539302482, 49.377312360034857 ], [ 37.849085931258358, 49.377287821100857 ], [ 37.836685962701488, 49.38185185203092 ], [ 37.823132675201826, 49.394265747503582 ], [ 37.81859411783438, 49.392279195470884 ], [ 37.800360463610616, 49.395631916959154 ], [ 37.786415746099088, 49.399914796506607 ], [ 37.768130391861227, 49.403913062898781 ], [ 37.759458558280166, 49.407687029523885 ], [ 37.751398354720436, 49.408856780746198 ], [ 37.738495251602295, 49.413121179391716 ], [ 37.724016812214757, 49.41912943865173 ], [ 37.722692938688951, 49.442317415577648 ], [ 37.73769513262382, 49.448652397427978 ], [ 37.757942393378279, 49.460160994356571 ], [ 37.773489466416891, 49.465562403523819 ], [ 37.778039419689279, 49.481691143159175 ], [ 37.744458840943011, 49.491440484616582 ], [ 37.732389893835986, 49.500784720582999 ], [ 37.733753, 49.510818 ], [ 37.724388983020461, 49.512634156760676 ], [ 37.721810233537397, 49.514429795917522 ], [ 37.71268627713323, 49.513634410711184 ], [ 37.711631667076553, 49.512658060529262 ], [ 37.711767823797587, 49.512201305216813 ], [ 37.711824555764679, 49.511884520801736 ], [ 37.711801862977836, 49.511729811388285 ], [ 37.711416085601599, 49.511582468634828 ], [ 37.711824555764672, 49.511228844215694 ], [ 37.711972058879113, 49.51085311546926 ], [ 37.71181320937125, 49.510307935293611 ], [ 37.711279928880572, 49.509519623484223 ], [ 37.710803380356985, 49.508937590725189 ], [ 37.709509891507267, 49.508230301089867 ], [ 37.708477369706181, 49.5076924594185 ], [ 37.70724061282354, 49.506823059007303 ], [ 37.706741371513118, 49.506940944714266 ], [ 37.706287515776381, 49.50657991883962 ], [ 37.706616561185513, 49.50615257864694 ], [ 37.706582522005256, 49.506012587082509 ], [ 37.705958470367236, 49.505563137773422 ], [ 37.705697503318611, 49.50531999134423 ], [ 37.705368457909465, 49.505040003050105 ], [ 37.704540171189905, 49.504782117677465 ], [ 37.704086315453154, 49.504421075872187 ], [ 37.703428224634884, 49.504185292030691 ], [ 37.702645323488994, 49.503765299248471 ], [ 37.702055311031216, 49.503308460900726 ], [ 37.701113560377458, 49.503146355945589 ], [ 37.700354274488866, 49.502949121309008 ], [ 37.698606007431927, 49.502144240664812 ], [ 37.698015994974149, 49.501982131852621 ], [ 37.697142322680918, 49.501996869039559 ], [ 37.695394978094441, 49.501694755820196 ], [ 37.694732752522889, 49.502480486380996 ], [ 37.699677410454662, 49.517858994873471 ], [ 37.693526052349753, 49.52635660633883 ], [ 37.691941996868181, 49.526582899979054 ], [ 37.691881436791213, 49.527105928220571 ], [ 37.692095176187578, 49.527704533004773 ], [ 37.698294464324213, 49.530190798824428 ], [ 37.696801227725096, 49.540884438127165 ], [ 37.69680760407504, 49.540902295918698 ], [ 37.701658187261529, 49.552821104994052 ], [ 37.705768220235214, 49.555103318527806 ], [ 37.719530864958756, 49.556565810557871 ], [ 37.731168449112154, 49.557307500548227 ], [ 37.741571832567693, 49.55656669630018 ], [ 37.74343889027373, 49.554340589035291 ], [ 37.749194971457598, 49.555352647265423 ], [ 37.751851624311698, 49.554952040882668 ], [ 37.757596833776297, 49.553575944780043 ], [ 37.758553302656019, 49.556214605273176 ], [ 37.753704093872848, 49.562582570616883 ], [ 37.753835182841179, 49.562593288236528 ], [ 37.761810316700959, 49.57118030161871 ], [ 37.766710000325254, 49.572011322257218 ], [ 37.773135166003982, 49.575169067172354 ], [ 37.784728975112884, 49.576991444330723 ], [ 37.795241805872081, 49.585115645515359 ], [ 37.790812798359291, 49.593918284244339 ], [ 37.794384096214237, 49.60027294405468 ], [ 37.788874267768016, 49.603781370766285 ], [ 37.789229700059948, 49.607512012771757 ], [ 37.818867897615576, 49.613225312806627 ], [ 37.822024709607305, 49.634840600376954 ], [ 37.826986747981309, 49.644474888374262 ], [ 37.823108094097925, 49.646052852365365 ], [ 37.788063602694166, 49.650096915047016 ], [ 37.7833155, 49.6538664 ], [ 37.787770140233441, 49.660089472813873 ], [ 37.789259674971973, 49.660262683331254 ], [ 37.790579741686351, 49.662318067733587 ], [ 37.796458984476921, 49.66875642595847 ], [ 37.798759796265593, 49.674496560816991 ], [ 37.776929515215315, 49.685076079674658 ], [ 37.767248016765073, 49.694017474543053 ], [ 37.775942697540486, 49.697319602613021 ], [ 37.7695729, 49.7040325 ], [ 37.776913126712756, 49.733148031029344 ], [ 37.768890807719181, 49.734609214392691 ], [ 37.755642570603655, 49.738944185770656 ], [ 37.75189643533308, 49.740950131884787 ], [ 37.742180268615506, 49.742118307503169 ], [ 37.732916016628977, 49.73995101200223 ], [ 37.689934595205095, 49.75181115016575 ], [ 37.679412814354635, 49.756500523246729 ], [ 37.67252529764194, 49.758112495243317 ], [ 37.666048101073834, 49.759108987023026 ], [ 37.650045615434969, 49.758757284041948 ], [ 37.643767986846811, 49.753327026113922 ], [ 37.640068490148749, 49.750755299845018 ], [ 37.637884833071965, 49.748440287145442 ], [ 37.635383167683017, 49.747022458541942 ], [ 37.63225608594685, 49.744810015184434 ], [ 37.630114829978353, 49.746885468075675 ], [ 37.622175222451602, 49.751693601926902 ], [ 37.617606503033656, 49.754926153313654 ], [ 37.609311786224978, 49.75838447077588 ], [ 37.61215324938464, 49.763062508403536 ], [ 37.61866904860068, 49.763694899162331 ], [ 37.620783290953035, 49.766264214636266 ], [ 37.621066904593427, 49.769757133586502 ], [ 37.620275417238744, 49.773554400889431 ], [ 37.604822568885226, 49.775014809096959 ], [ 37.602930419427786, 49.785460388506046 ], [ 37.588547610154343, 49.788646205170522 ], [ 37.586238807242857, 49.790898253320464 ], [ 37.592095754654039, 49.799181555907545 ], [ 37.59021008694166, 49.818724900416029 ], [ 37.60286681776536, 49.820106436251095 ], [ 37.614944471198498, 49.829150657788318 ], [ 37.620619799351779, 49.831735652614768 ], [ 37.621821451203786, 49.838740403654484 ], [ 37.623092146418315, 49.842424398679583 ], [ 37.624194575233787, 49.844666565663758 ], [ 37.629070702686803, 49.850462905661729 ], [ 37.635049258955284, 49.855165085889787 ], [ 37.634201236789551, 49.860577494341221 ], [ 37.640160876050608, 49.868195651328378 ], [ 37.64261785678454, 49.876319235533053 ], [ 37.644552825977577, 49.8829587310275 ], [ 37.645707832621163, 49.88975829081204 ], [ 37.646455473452775, 49.890022064684473 ], [ 37.647220915256561, 49.890675758937782 ], [ 37.649020424135898, 49.891331965819639 ], [ 37.65505234719982, 49.889644142353973 ], [ 37.664853083813867, 49.882373951959217 ], [ 37.680624439554329, 49.885001512406355 ], [ 37.687277646685374, 49.893778488616242 ], [ 37.698354109638998, 49.896540963789327 ], [ 37.704038433552853, 49.897258144843882 ], [ 37.719630480924032, 49.904483079911955 ], [ 37.728342902623758, 49.928601613153901 ], [ 37.746458364816498, 49.931523461894663 ], [ 37.75283369829512, 49.940153020171188 ], [ 37.750801983337396, 49.946705621991342 ], [ 37.7475857470736, 49.954049374299345 ], [ 37.733403929765764, 49.955397715010562 ], [ 37.727901149998949, 49.960642996151428 ], [ 37.72780933747714, 49.96135489274976 ], [ 37.730510054125169, 49.962169544446176 ], [ 37.734401463461943, 49.966354302845005 ], [ 37.744709125262816, 49.970269937990935 ], [ 37.747507598409754, 49.977959959125023 ], [ 37.754122171302541, 49.983276808247908 ], [ 37.766985607529136, 49.98382890890236 ], [ 37.775287676387947, 49.986179126111004 ], [ 37.782042700993003, 49.992628806971659 ], [ 37.779503087958993, 49.999369507362701 ], [ 37.779287972331659, 50.008245303176054 ], [ 37.773027765460057, 50.016800315186764 ], [ 37.769961677690226, 50.021611299521979 ], [ 37.764377939369489, 50.025810880167604 ], [ 37.764823151006503, 50.028650594579062 ], [ 37.770008356089875, 50.031239993588329 ], [ 37.745355319721668, 50.040198609964705 ], [ 37.736520411224866, 50.043929052849663 ], [ 37.721533167841365, 50.051512367339093 ], [ 37.703892217622382, 50.05890167731318 ], [ 37.697659795479723, 50.062714072829216 ], [ 37.672362737205056, 50.081635396332082 ], [ 37.658958183890654, 50.095835370412082 ], [ 37.650455927967514, 50.119395012063734 ], [ 37.648822132917729, 50.133303679705769 ], [ 37.656859779438804, 50.134338506643097 ], [ 37.65996827494623, 50.141592232931636 ], [ 37.651797362391385, 50.145240512699367 ], [ 37.649052550421459, 50.143274612881008 ], [ 37.633391449109482, 50.139763320511669 ], [ 37.632069917273498, 50.139142359769458 ], [ 37.626783789929561, 50.138067620023342 ], [ 37.618560040612863, 50.138577126273368 ], [ 37.603477859508729, 50.148158232084342 ], [ 37.605466748851143, 50.159094298695408 ], [ 37.605466748851136, 50.159094298695408 ], [ 37.630337435796868, 50.182682657727987 ], [ 37.633930929724208, 50.194634480306398 ], [ 37.616365587630142, 50.214598147561802 ], [ 37.616185920195818, 50.214978741996937 ], [ 37.614835316724104, 50.222748547976096 ], [ 37.615083133874876, 50.222859536036168 ], [ 37.61516986987764, 50.22331141332883 ], [ 37.616173529338276, 50.2248889864548 ], [ 37.616421346489055, 50.225515244734623 ], [ 37.616570036779521, 50.226284183527319 ], [ 37.61795781282386, 50.227362262401911 ], [ 37.618614528273405, 50.227798243261439 ], [ 37.619097771717435, 50.22858299876463 ], [ 37.620287294041148, 50.230176250515946 ], [ 37.621637897512869, 50.231967604334187 ], [ 37.622815028979034, 50.233671705903106 ], [ 37.623806297582142, 50.235082497397656 ], [ 37.624624094179694, 50.23646947081248 ], [ 37.62801299371656, 50.241145255283882 ], [ 37.629276861185517, 50.245852276702976 ], [ 37.625435695348521, 50.247785665963235 ], [ 37.625361350203292, 50.249180193131394 ], [ 37.62565873078421, 50.250273600663562 ], [ 37.626179146800837, 50.252206810556643 ], [ 37.626290664518685, 50.253450678731824 ], [ 37.626538481669463, 50.254448918875561 ], [ 37.626749126247617, 50.255819484366519 ], [ 37.62772800399317, 50.258101031952975 ], [ 37.628037775431636, 50.261348879951704 ], [ 37.627133242831313, 50.262299427719562 ], [ 37.626897816538076, 50.26382026469269 ], [ 37.626786298820242, 50.264889574113759 ], [ 37.626811080535319, 50.267899353219676 ], [ 37.626736735390082, 50.271479158577954 ], [ 37.626773907962693, 50.272849234106928 ], [ 37.626885425680548, 50.274124240079601 ], [ 37.627034115971, 50.274662741663342 ], [ 37.627034115971014, 50.275763483303969 ], [ 37.626897816538076, 50.277165110283626 ], [ 37.626352618806379, 50.279160575802536 ], [ 37.626526090811922, 50.279564409837732 ], [ 37.626476527381769, 50.280973842959085 ], [ 37.626352618806379, 50.282858300693434 ], [ 37.626402182236532, 50.285098966361971 ], [ 37.626315446233768, 50.287022845994954 ], [ 37.626141974228219, 50.289176232183685 ], [ 37.626141974228219, 50.29064871222846 ], [ 37.626241101088532, 50.291432433026884 ], [ 37.626315446233761, 50.292928591433856 ], [ 37.627058897686091, 50.294480113423674 ], [ 37.628657318308584, 50.296427360238702 ], [ 37.630652246372321, 50.297860039725393 ], [ 37.635844015681037, 50.301437592359491 ], [ 37.637380482015836, 50.302339852969602 ], [ 37.637752207741997, 50.302696003762229 ], [ 37.637553954021378, 50.30327375382037 ], [ 37.636934411144445, 50.304983219737572 ], [ 37.636302477409963, 50.30734946236867 ], [ 37.635955533398892, 50.308750159219407 ], [ 37.635856406538565, 50.309438622209292 ], [ 37.635905969968725, 50.309786806592804 ], [ 37.635720107105655, 50.310356557357437 ], [ 37.636513121988123, 50.310831344446441 ], [ 37.635311208806861, 50.31227150294967 ], [ 37.634084513910537, 50.312160723074967 ], [ 37.633737569899452, 50.312200287345554 ], [ 37.630701809802467, 50.313371374845538 ], [ 37.629809668059671, 50.313664142213604 ], [ 37.627170415403938, 50.314083508546084 ], [ 37.622449498681689, 50.314740244615621 ], [ 37.616526668778178, 50.315491919344467 ], [ 37.612697893798718, 50.315974567378518 ], [ 37.609092154254945, 50.316346440390511 ], [ 37.606229866163503, 50.316346440390511 ], [ 37.604402214676561, 50.316295011317521 ], [ 37.59777310589336, 50.316144679862028 ], [ 37.596187076128395, 50.316097206672048 ], [ 37.595071898949918, 50.316033909011679 ], [ 37.590859007386761, 50.315211031757592 ], [ 37.587996719295319, 50.314601776921947 ], [ 37.586249608382346, 50.314309015327581 ], [ 37.585357466639572, 50.313873825842236 ], [ 37.58498574091341, 50.31332785521802 ], [ 37.584403370609081, 50.3129638713188 ], [ 37.58201193510412, 50.310898605567367 ], [ 37.580029397897924, 50.308999431453095 ], [ 37.576876, 50.306363 ], [ 37.57655995778709, 50.306514564112987 ], [ 37.57529609031814, 50.307915285554898 ], [ 37.57410656799442, 50.309260572391629 ], [ 37.572855091382998, 50.310582081815831 ], [ 37.571046026182351, 50.312520756724027 ], [ 37.569398042129698, 50.314372315284544 ], [ 37.567923530082595, 50.316073470059294 ], [ 37.566758789473958, 50.317252374170124 ], [ 37.565730348298231, 50.318454984481782 ], [ 37.557750636043316, 50.327347026976867 ], [ 37.554281195932475, 50.3338172362458 ], [ 37.551679115849339, 50.334228515608871 ], [ 37.544529591049503, 50.334687246082893 ], [ 37.542745307563933, 50.334608154937861 ], [ 37.542026637826687, 50.334196878861178 ], [ 37.539969755475262, 50.334347153225039 ], [ 37.53788809140876, 50.334481608831915 ], [ 37.534777986166539, 50.333643232366555 ], [ 37.533278692404352, 50.333904237946413 ], [ 37.525732660163271, 50.335406969451988 ], [ 37.521420641739795, 50.336237405944821 ], [ 37.520925007438258, 50.336498397273111 ], [ 37.518917688516986, 50.338254119850248 ], [ 37.516637770729851, 50.34003350219777 ], [ 37.514345462085195, 50.341939344468877 ], [ 37.511991199152838, 50.344042799440409 ], [ 37.51097514883466, 50.344833547892485 ], [ 37.509798017368489, 50.345908944658852 ], [ 37.508682840189998, 50.346818268511342 ], [ 37.507914607022606, 50.347695947194445 ], [ 37.506948120134588, 50.349229869185862 ], [ 37.505907288101326, 50.350542361036084 ], [ 37.505709034380708, 50.352455687775148 ], [ 37.501025290231077, 50.352874711851726 ], [ 37.49935252446334, 50.3531672359019 ], [ 37.492996014545987, 50.354621923330122 ], [ 37.485734972028304, 50.356226771334548 ], [ 37.484656967422431, 50.35662995122258 ], [ 37.484297632553812, 50.357080559986493 ], [ 37.482414222207929, 50.359104293972663 ], [ 37.482538130783311, 50.359349349653776 ], [ 37.482947029082091, 50.361554793853941 ], [ 37.481968151336538, 50.362993415489854 ], [ 37.481323826744529, 50.363443963848553 ], [ 37.481645989040523, 50.363807561159781 ], [ 37.480741456440207, 50.36419486827517 ], [ 37.479204990105401, 50.365356770657172 ], [ 37.478436756937995, 50.365759873000329 ], [ 37.477780041488451, 50.365744065129803 ], [ 37.475747940852088, 50.366716239370966 ], [ 37.474558418528382, 50.367735815349214 ], [ 37.473269769344348, 50.368423423989078 ], [ 37.472625444752346, 50.368439230967084 ], [ 37.471844820727398, 50.369442963287774 ], [ 37.470952678984617, 50.370683768384396 ], [ 37.470952678984617, 50.372288073371536 ], [ 37.471064196702464, 50.374967062739579 ], [ 37.470791597836616, 50.375694078004543 ], [ 37.468102781750709, 50.377819743507985 ], [ 37.467408893728546, 50.378475598765704 ], [ 37.46716107657776, 50.378957607089639 ], [ 37.466479579413139, 50.380861887157252 ], [ 37.465736127960824, 50.381667824990231 ], [ 37.465352011377114, 50.382426342205676 ], [ 37.465017458223564, 50.383548293344816 ], [ 37.465005067366022, 50.384362086366188 ], [ 37.465252884516801, 50.385507693652727 ], [ 37.46561221938542, 50.386123939918249 ], [ 37.465909599966345, 50.387230002873395 ], [ 37.46613263540204, 50.387790924941584 ], [ 37.466008726826651, 50.390232043710661 ], [ 37.466008726826651, 50.391274813419521 ], [ 37.465990140540342, 50.391748792069635 ], [ 37.466095462829422, 50.392052925874495 ], [ 37.466039703970488, 50.392590092504264 ], [ 37.466324693693899, 50.39562338983923 ], [ 37.466014922255425, 50.396610749445635 ], [ 37.465829059392341, 50.397645480244314 ], [ 37.465891013680036, 50.398585406965069 ], [ 37.466237957691121, 50.399327856913416 ], [ 37.466225566833579, 50.400204564750794 ], [ 37.467328353154528, 50.406822790695088 ], [ 37.465891013680036, 50.409010234938442 ], [ 37.465494506238791, 50.410992272300703 ], [ 37.465209516515401, 50.411924038107138 ], [ 37.464837790789247, 50.413084771572656 ], [ 37.464453674205537, 50.413874369922652 ], [ 37.465011262794782, 50.414750808680381 ], [ 37.465395379378478, 50.415406153192649 ], [ 37.462805690152891, 50.41860378854097 ], [ 37.4579078, 50.421066105575669 ], [ 37.454251427863149, 50.423368541959952 ], [ 37.450980747742335, 50.425983213062075 ], [ 37.435477842524854, 50.431817589243202 ], [ 37.396595142894803, 50.431033038758436 ], [ 37.396279176027562, 50.431064610978268 ], [ 37.395250734851849, 50.431198792677648 ], [ 37.393206243357952, 50.43137243901824 ], [ 37.390343955266509, 50.431597389012559 ], [ 37.387283413454455, 50.431822337938094 ], [ 37.381242870404336, 50.432295911129984 ], [ 37.378646985749981, 50.432493231895215 ], [ 37.377556590286559, 50.432627409545823 ], [ 37.376305113675159, 50.432844460822572 ], [ 37.373436630154941, 50.433258828678632 ], [ 37.370673468923812, 50.433708709673191 ], [ 37.369050266586243, 50.433945487426875 ], [ 37.36750140939391, 50.434178317729902 ], [ 37.366126024207112, 50.434442716854996 ], [ 37.364366522436612, 50.43479393131971 ], [ 37.363319494974583, 50.435018865057557 ], [ 37.361188267477928, 50.435480567802706 ], [ 37.357136457062772, 50.436360552872209 ], [ 37.355575209012883, 50.436668346478982 ], [ 37.354342318687785, 50.436913001508017 ], [ 37.353313877512065, 50.437165547308481 ], [ 37.352966933500987, 50.437224737535558 ], [ 37.352626184918662, 50.437311549734737 ], [ 37.351826974607427, 50.437354955774623 ], [ 37.349187721951672, 50.437339171764727 ], [ 37.346114789282069, 50.437319441744954 ], [ 37.342874580035698, 50.437244467594816 ], [ 37.342403727449224, 50.437216845509553 ], [ 37.340830088541814, 50.437189223408204 ], [ 37.339529048500239, 50.437201061453614 ], [ 37.332645927137492, 50.437055058686575 ], [ 37.330762516791609, 50.436605209492022 ], [ 37.328953451590962, 50.436147463818237 ], [ 37.328631289294954, 50.435784420998573 ], [ 37.327107213817698, 50.435358236744605 ], [ 37.325025549751189, 50.434616351298033 ], [ 37.323513865131467, 50.434079660961643 ], [ 37.322411078810525, 50.433732387501827 ], [ 37.321134820484033, 50.433345648150834 ], [ 37.320007252448015, 50.43292733468391 ], [ 37.319585963291694, 50.432690551838057 ], [ 37.317578644370414, 50.431451368962527 ], [ 37.315769579169753, 50.430164794462982 ], [ 37.31405964082942, 50.42909920015795 ], [ 37.313638351673106, 50.428901865247575 ], [ 37.311321261313353, 50.427338943707277 ], [ 37.310503464715808, 50.426573251196785 ], [ 37.309821967551173, 50.425878591610136 ], [ 37.30953697782779, 50.425428636212736 ], [ 37.30936350582224, 50.424970782472592 ], [ 37.30917764295917, 50.423976119438549 ], [ 37.309190033816705, 50.423155111989892 ], [ 37.309128079529003, 50.42280775840014 ], [ 37.30889265323578, 50.422349879321217 ], [ 37.308273110358847, 50.421331477222175 ], [ 37.307616394909282, 50.420084102179906 ], [ 37.306972070317279, 50.418907750049257 ], [ 37.305695811990766, 50.416468107882785 ], [ 37.304952360538429, 50.415378518366197 ], [ 37.301990945586688, 50.410798810153871 ], [ 37.3012598849919, 50.409495881243622 ], [ 37.301148367274052, 50.408872041990726 ], [ 37.299841131803717, 50.406420037245915 ], [ 37.299562337509101, 50.406072560931335 ], [ 37.298025871174296, 50.404864271185808 ], [ 37.292908447010817, 50.401420871291869 ], [ 37.29231368584896, 50.401093103445582 ], [ 37.290628529223696, 50.400635014465266 ], [ 37.288144162287175, 50.399928127093055 ], [ 37.287400710834859, 50.399742518046764 ], [ 37.275195716159217, 50.396527812029902 ], [ 37.274749645287834, 50.396417228583132 ], [ 37.273758376684732, 50.396314543723037 ], [ 37.269384403973561, 50.395169197514704 ], [ 37.265295420985787, 50.39415811028001 ], [ 37.26418024380731, 50.393834241840374 ], [ 37.263597873502988, 50.39361306212237 ], [ 37.260091260819529, 50.392001578745656 ], [ 37.257897, 50.390997 ], [ 37.257656457313175, 50.390840328827863 ], [ 37.257439617306247, 50.390895627087929 ], [ 37.256863442430692, 50.391488104398462 ], [ 37.256058036690675, 50.392380756232612 ], [ 37.255847392112514, 50.392483449613465 ], [ 37.253802900618638, 50.391693494804635 ], [ 37.251237993108127, 50.390658634090727 ], [ 37.248512004449616, 50.389568451046451 ], [ 37.244299112886445, 50.387901528509964 ], [ 37.241845723093775, 50.386929788336445 ], [ 37.237521313812771, 50.385175865423669 ], [ 37.235898111475187, 50.384551706035175 ], [ 37.232639315942507, 50.38331126362533 ], [ 37.230706342166471, 50.382473749128906 ], [ 37.229752246135995, 50.382094492416606 ], [ 37.229169875831673, 50.381960171603758 ], [ 37.22711299348024, 50.381114731873232 ], [ 37.222478812760762, 50.379257872094236 ], [ 37.223336, 50.377942 ], [ 37.221165381861667, 50.376990034105845 ], [ 37.216878145153274, 50.375267353003942 ], [ 37.214362801072916, 50.374279548924306 ], [ 37.211413776978695, 50.373584122515659 ], [ 37.208935605470948, 50.372944005107172 ], [ 37.205342256784718, 50.371813900204785 ], [ 37.202219760684962, 50.370857636570399 ], [ 37.200472649772017, 50.370320223755009 ], [ 37.198998137724899, 50.36980651463859 ], [ 37.197387326244865, 50.369205863080118 ], [ 37.194673728443895, 50.368210029270585 ], [ 37.192753145525387, 50.36745918837331 ], [ 37.189147405981629, 50.365965374837991 ], [ 37.188019837945603, 50.365538562333889 ], [ 37.186495762468333, 50.364827199630135 ], [ 37.185157549854154, 50.364179059883398 ], [ 37.184476052689533, 50.363799656900063 ], [ 37.184005200103051, 50.363515102672139 ], [ 37.183125449217812, 50.36336492058625 ], [ 37.181527028595312, 50.362922275884387 ], [ 37.180374678844217, 50.362629811941453 ], [ 37.179110811375274, 50.36230572817 ], [ 37.177859334763859, 50.36213182864865 ], [ 37.176075051278296, 50.3620053558693 ], [ 37.174389894653032, 50.361657553988358 ], [ 37.170623073961266, 50.360795942897141 ], [ 37.168058166450749, 50.360187272424007 ], [ 37.164501990337129, 50.359460019546731 ], [ 37.161515793670297, 50.358875047190224 ], [ 37.159979327335506, 50.358471886369948 ], [ 37.1581206987047, 50.357926428045289 ], [ 37.156398369506817, 50.357286099405741 ], [ 37.154676040308928, 50.35677224918912 ], [ 37.153114792259046, 50.356290015465042 ], [ 37.152581985384892, 50.356218865812373 ], [ 37.149026, 50.355824 ], [ 37.142879943932073, 50.358795996318861 ], [ 37.138555534651061, 50.360827561929241 ], [ 37.138109463779664, 50.360882895184709 ], [ 37.135507383696542, 50.360622037844124 ], [ 37.132471623599564, 50.360392798391629 ], [ 37.12727985429084, 50.359823647378178 ], [ 37.122484592423362, 50.359333539648048 ], [ 37.118036274566961, 50.358811806503688 ], [ 37.114765088176732, 50.358456076071931 ], [ 37.111791282367449, 50.358100342974346 ], [ 37.110006998881872, 50.357926428045289 ], [ 37.1036133163919, 50.357294004750258 ], [ 37.103489407816511, 50.357127992239199 ], [ 37.10495152900608, 50.354598205957792 ], [ 37.105447163307623, 50.353791808247081 ], [ 37.105856061606396, 50.353317450254345 ], [ 37.105670198743326, 50.352463593924071 ], [ 37.105571071883013, 50.351846910357779 ], [ 37.105509, 50.351607 ], [ 37.102101631772172, 50.351072091446461 ], [ 37.100230612283816, 50.350747928762758 ], [ 37.095286660125872, 50.349957278789205 ], [ 37.09147258571705, 50.349439754395078 ], [ 37.082821978417329, 50.344782376256148 ], [ 37.078396382572151, 50.338686191250872 ], [ 37.078865319880244, 50.334934692786085 ], [ 37.076382160362044, 50.332660091175157 ], [ 37.064269769218484, 50.334622378227181 ], [ 37.050404268830476, 50.342710586786851 ], [ 37.032625665157553, 50.348748476285238 ], [ 37.0381007, 50.334422599999989 ], [ 37.0488748, 50.3356774 ], [ 37.049071440934547, 50.333276301623151 ], [ 37.0443708, 50.3313439 ], [ 37.04240248015067, 50.326350314967669 ], [ 37.044434580787005, 50.326793300663709 ], [ 37.047358823166142, 50.324942225868455 ], [ 37.049638740953263, 50.323296765522024 ], [ 37.050630009556365, 50.322252501523202 ], [ 37.050530882696059, 50.321413909277972 ], [ 37.050233502115134, 50.321224037281475 ], [ 37.051739022459792, 50.319581497777534 ], [ 37.053273223349407, 50.320330390231376 ], [ 37.055643674867909, 50.318167057364391 ], [ 37.056002265395179, 50.316234652856295 ], [ 37.053803040970948, 50.315278182742105 ], [ 37.036290754799985, 50.31342611388515 ], [ 37.03079022486375, 50.310458799612839 ], [ 37.027894069727317, 50.308852267420114 ], [ 37.025933104766246, 50.307955230257072 ], [ 37.024076446452035, 50.307506711675551 ], [ 37.021969452185353, 50.306515798530327 ], [ 37.021187152333859, 50.306536659859702 ], [ 37.01925747936685, 50.306067279948806 ], [ 37.015784068026235, 50.305065936138902 ], [ 37.013405876477705, 50.30442966559302 ], [ 37.006062915417175, 50.301894955358662 ], [ 37.005032081485489, 50.301913350608892 ], [ 37.004454099440366, 50.302185911439572 ], [ 37.004274391272745, 50.30244263739332 ], [ 37.004471214503951, 50.303007434491562 ], [ 37.00402622285079, 50.303264160445309 ], [ 37.003350177839252, 50.303803284948181 ], [ 37.00190395496648, 50.304085683497306 ], [ 37.000509077284448, 50.303717709630263 ], [ 36.998866031180462, 50.30374338222564 ], [ 36.997698854448672, 50.303564666408384 ], [ 36.996722369466674, 50.303443868612952 ], [ 36.99440755711705, 50.302874792748803 ], [ 36.992524900122902, 50.302395570968471 ], [ 36.991228434056481, 50.302168796376009 ], [ 36.989345777062333, 50.30137294591939 ], [ 36.988575599201084, 50.301210352815346 ], [ 36.987289622512833, 50.301435883284377 ], [ 36.981969184657984, 50.302994598193884 ], [ 36.977219754513655, 50.301710968425148 ], [ 36.976509479374947, 50.301462800003193 ], [ 36.975593823473247, 50.300949348095699 ], [ 36.975242964669796, 50.30041878112462 ], [ 36.9738615, 50.2990686 ], [ 36.976124390444326, 50.297380857338638 ], [ 36.972829740704569, 50.29555810306703 ], [ 36.969653295216169, 50.29420740595102 ], [ 36.96838046696638, 50.293889473688246 ], [ 36.970980430435866, 50.289682242554591 ], [ 36.964532542449511, 50.288832293683662 ], [ 36.963954069213045, 50.287915962049489 ], [ 36.962871153657318, 50.286326278283767 ], [ 36.958019016544981, 50.284365766798857 ], [ 36.952355117654108, 50.283402820513182 ], [ 36.954025396028882, 50.280046726566376 ], [ 36.95421719949335, 50.279279876779867 ], [ 36.954299173332224, 50.278861378940519 ], [ 36.956210951731144, 50.275025407997234 ], [ 36.953131513039637, 50.271860263354625 ], [ 36.947359666027069, 50.265168576511911 ], [ 36.946503089991182, 50.263200934458467 ], [ 36.942632, 50.263060899999985 ], [ 36.942850402091658, 50.265464182979855 ], [ 36.935629217875459, 50.268126796307676 ], [ 36.933514232244669, 50.267911713023189 ], [ 36.931614329898366, 50.269825954255118 ], [ 36.930610607904093, 50.269632379299082 ], [ 36.927979422390536, 50.272492986982762 ], [ 36.928216014003468, 50.272815611909486 ], [ 36.927921062495024, 50.273110568078266 ], [ 36.926815597027677, 50.272695583083554 ], [ 36.925408410246398, 50.274204690811167 ], [ 36.925026800271816, 50.27556132258632 ], [ 36.9151097, 50.2813232 ], [ 36.8963769, 50.274672 ], [ 36.896822720757001, 50.27107083171849 ], [ 36.896920468463541, 50.269305850484841 ], [ 36.897592483946042, 50.268095316686285 ], [ 36.897824634749092, 50.267657954972506 ], [ 36.90221402697906, 50.2682316585461 ], [ 36.904422604940883, 50.268501434681056 ], [ 36.904959927335028, 50.2680455844703 ], [ 36.905094620423391, 50.267572044163877 ], [ 36.906634146801473, 50.267720435463247 ], [ 36.9080605, 50.2672708 ], [ 36.910049207298883, 50.264240928311338 ], [ 36.909242788719894, 50.262217932997544 ], [ 36.905503938944548, 50.260319832241848 ], [ 36.901349661416383, 50.261897682618695 ], [ 36.899773479648339, 50.262381962845552 ], [ 36.8988242, 50.2630026 ], [ 36.897781870127481, 50.262553803032837 ], [ 36.896071285262934, 50.261319664289559 ], [ 36.895802479069943, 50.260601037126456 ], [ 36.895448143633722, 50.259023143798288 ], [ 36.893761995695819, 50.255945320277412 ], [ 36.893505407966138, 50.25475007124777 ], [ 36.893480971039509, 50.2541329047814 ], [ 36.89372534030587, 50.25221104407207 ], [ 36.8939941, 50.25206630000001 ], [ 36.901270241404831, 50.25286339166194 ], [ 36.90339432275065, 50.252296364805105 ], [ 36.904972435790221, 50.251921977014973 ], [ 36.904550898805752, 50.251453215897421 ], [ 36.904447041867542, 50.251089922859443 ], [ 36.904508134184127, 50.249218724523168 ], [ 36.8887974, 50.2482311 ], [ 36.8809403, 50.2504327 ], [ 36.8684253, 50.2600501 ], [ 36.866010017606314, 50.259549093714682 ], [ 36.865335234961634, 50.25935228210998 ], [ 36.862420548815841, 50.258593151634706 ], [ 36.860583640505311, 50.258274504274723 ], [ 36.85816566936186, 50.257271702288875 ], [ 36.851471477670735, 50.25595499924011 ], [ 36.84615278864996, 50.253698077080323 ], [ 36.840762547758963, 50.252279821295389 ], [ 36.836971705001844, 50.248440863693006 ], [ 36.828861086676618, 50.247124944742382 ], [ 36.82573665500972, 50.247132570711251 ], [ 36.822624148654512, 50.246758896801445 ], [ 36.820417965988945, 50.246850409050253 ], [ 36.815647841306649, 50.246255576291937 ], [ 36.809806755237076, 50.248216448951062 ], [ 36.805971590318258, 50.248480827985475 ], [ 36.798988180853705, 50.246324211219878 ], [ 36.785894188600793, 50.245546342915411 ], [ 36.778786702824171, 50.248383213095934 ], [ 36.74391709139654, 50.259866236130598 ], [ 36.726485176343665, 50.267796390234778 ], [ 36.716393471979657, 50.270508054139377 ], [ 36.713865305898032, 50.271819059162162 ], [ 36.709236664812572, 50.2706710215312 ], [ 36.706873382187908, 50.269249334938657 ], [ 36.705926331430234, 50.268727298738824 ], [ 36.705274691000625, 50.268449617577524 ], [ 36.704614362031982, 50.267722085256409 ], [ 36.704136492383597, 50.267449951989988 ], [ 36.701929603462041, 50.267483274514319 ], [ 36.700348289352874, 50.267061187483229 ], [ 36.700009436329488, 50.266844588738529 ], [ 36.699974682173242, 50.266150355354021 ], [ 36.699609763532671, 50.265667162945491 ], [ 36.699227467813969, 50.265339477947826 ], [ 36.698879926251522, 50.265395017936633 ], [ 36.697150906978329, 50.266433603797076 ], [ 36.696620906095582, 50.266905680791915 ], [ 36.696455823853405, 50.267672101711817 ], [ 36.695977954205041, 50.268655101792653 ], [ 36.695352379392624, 50.269032746146124 ], [ 36.694865821205212, 50.269086893436537 ], [ 36.693800389102826, 50.268899460245621 ], [ 36.692412394987784, 50.268362147676278 ], [ 36.690301079995898, 50.267381224209821 ], [ 36.688639396900427, 50.266650204410894 ], [ 36.688219088823331, 50.266131610912261 ], [ 36.687847653778469, 50.265263110357409 ], [ 36.687095009082284, 50.264032186757888 ], [ 36.687730358501142, 50.263376097730813 ], [ 36.688776241390634, 50.262876214310822 ], [ 36.688668720719761, 50.262695005275468 ], [ 36.688297285674892, 50.262769988408195 ], [ 36.687231853572492, 50.263201139130572 ], [ 36.686625827972975, 50.263132405218947 ], [ 36.685061890941952, 50.260720406964687 ], [ 36.68374231907201, 50.258258293146383 ], [ 36.683194941111154, 50.257052185880781 ], [ 36.68308742044028, 50.256114775725685 ], [ 36.683185166504707, 50.255564819850001 ], [ 36.683556601549583, 50.255089852848513 ], [ 36.683771642891351, 50.254821119421315 ], [ 36.683664122220463, 50.254614881111991 ], [ 36.683820515923571, 50.252702446996388 ], [ 36.67264814075817, 50.246608394966771 ], [ 36.674994046304704, 50.238056657326396 ], [ 36.667448050129977, 50.232729799748697 ], [ 36.666710718395727, 50.231429305795388 ], [ 36.662619394546681, 50.224213094042177 ], [ 36.65988250474237, 50.220823497332198 ], [ 36.655855366887479, 50.219697747726968 ], [ 36.652864337315634, 50.218928470217065 ], [ 36.65221921329033, 50.21893472455578 ], [ 36.651222203433058, 50.218546954004779 ], [ 36.64939435202804, 50.218002819045957 ], [ 36.648031, 50.217714 ], [ 36.647537176803695, 50.217802675890667 ], [ 36.645161947437813, 50.219234931849883 ], [ 36.642405508420616, 50.220954833055593 ], [ 36.640421263312504, 50.222118076535018 ], [ 36.638955072345922, 50.222580864439948 ], [ 36.635836972890303, 50.223237515248165 ], [ 36.63324670218266, 50.223919171762212 ], [ 36.619523154735383, 50.226902086131446 ], [ 36.617714852543251, 50.227064671490218 ], [ 36.616668969653745, 50.227002138725524 ], [ 36.615838128106013, 50.227127204172945 ], [ 36.615476467667584, 50.227033405118128 ], [ 36.614899765887394, 50.226664460379261 ], [ 36.614499007023191, 50.225757719656968 ], [ 36.61417644501055, 50.224688368790098 ], [ 36.615105032622722, 50.224275630463794 ], [ 36.615105032622722, 50.22410678193723 ], [ 36.613971178275214, 50.22380660530299 ], [ 36.613489, 50.223726 ], [ 36.612201974508864, 50.224156811192586 ], [ 36.611024134432377, 50.224306898643832 ], [ 36.610085772213758, 50.224607072129466 ], [ 36.606400745584388, 50.226089151023423 ], [ 36.600966064401568, 50.227827564617542 ], [ 36.599578070286526, 50.228321562673827 ], [ 36.596704335992015, 50.229365820203931 ], [ 36.5981604, 50.2309131 ], [ 36.586724462812754, 50.235036927325815 ], [ 36.584456754117753, 50.235999760559771 ], [ 36.581211584778359, 50.238175441967108 ], [ 36.579950660547091, 50.238650577570411 ], [ 36.578376948909622, 50.239675854053047 ], [ 36.575816002021313, 50.240901155558795 ], [ 36.57542501776355, 50.241082447494549 ], [ 36.575073131931575, 50.241351258406027 ], [ 36.575053582718681, 50.241882624352414 ], [ 36.573978376009855, 50.242864072937536 ], [ 36.571847511805082, 50.24373298188906 ], [ 36.570889600373569, 50.243839250242068 ], [ 36.569482057045647, 50.244108045606787 ], [ 36.568820735121356, 50.244585985460937 ], [ 36.539302593149209, 50.227804449153531 ], [ 36.482687175826058, 50.229845179214195 ], [ 36.472574511499559, 50.239730993828779 ], [ 36.463654378343634, 50.246015353265804 ], [ 36.45822836151752, 50.248608172725021 ], [ 36.452861971249916, 50.249446995877619 ], [ 36.443159930667434, 50.248942977756705 ], [ 36.416251264313189, 50.251856623891683 ], [ 36.396312143141138, 50.259786184793448 ], [ 36.380439553260793, 50.266883547194332 ], [ 36.368120706268726, 50.270656687336988 ], [ 36.359486780593748, 50.282484877564492 ], [ 36.351216143590889, 50.280990064998825 ], [ 36.33716259708055, 50.280777897552255 ], [ 36.31472830720179, 50.285611679481228 ], [ 36.294207624316343, 50.291780747662919 ], [ 36.283641798145027, 50.302049810674795 ], [ 36.273266776961016, 50.317662460549428 ], [ 36.282621794432202, 50.327271066966851 ], [ 36.281546587723376, 50.334115989693672 ], [ 36.281986445013352, 50.334727429798647 ], [ 36.282592470612876, 50.335270232277693 ], [ 36.283345115309061, 50.335675770312129 ], [ 36.282221035568, 50.336274712461822 ], [ 36.279933777660119, 50.337828183469725 ], [ 36.277079592578481, 50.33993682990252 ], [ 36.273814874026215, 50.342188860736314 ], [ 36.270432860196614, 50.344596731262726 ], [ 36.269807285384211, 50.344958525092977 ], [ 36.267705744998757, 50.346461811316992 ], [ 36.264177112072495, 50.349075295244873 ], [ 36.261225180926424, 50.35116473143006 ], [ 36.258380770451247, 50.353409993198596 ], [ 36.255526585369616, 50.355193653255803 ], [ 36.252657738378325, 50.355960731204974 ], [ 36.249886637451475, 50.356506409193209 ], [ 36.248019687620683, 50.356961655744115 ], [ 36.237029763666605, 50.361432499632599 ], [ 36.234579603760274, 50.363044702683744 ], [ 36.233719438393209, 50.363630829021325 ], [ 36.233416425593454, 50.363755535818818 ], [ 36.233035215942138, 50.364204477576685 ], [ 36.231656996433536, 50.36893057894661 ], [ 36.230875027918025, 50.369703669467164 ], [ 36.230493818266709, 50.370782234390617 ], [ 36.233274693800006, 50.374893648634604 ], [ 36.230322762653941, 50.38035420292352 ], [ 36.222327134582791, 50.382049589610496 ], [ 36.221134632596645, 50.382348769205748 ], [ 36.219766187694496, 50.382286440279017 ], [ 36.217342085296394, 50.381787805916581 ], [ 36.215993189607133, 50.382510824031847 ], [ 36.212448483817163, 50.385713396840472 ], [ 36.208927996194255, 50.386942771112381 ], [ 36.205124677923507, 50.390599372137778 ], [ 36.196139318006431, 50.391061411777827 ], [ 36.194245617924821, 50.39044948864553 ], [ 36.192591311310146, 50.39103566028065 ], [ 36.189660453134529, 50.390514618827211 ], [ 36.188174172591445, 50.395341596318751 ], [ 36.189466948393751, 50.397951310197456 ], [ 36.192265660401731, 50.398213006301866 ], [ 36.184531454423713, 50.406311027857647 ], [ 36.167084220520806, 50.416497069335591 ], [ 36.165469005372167, 50.420251353194608 ], [ 36.164115717004378, 50.423292614150164 ], [ 36.162616913758342, 50.426362978081372 ], [ 36.161118110512305, 50.429942644086474 ], [ 36.160419639096673, 50.430786630380361 ], [ 36.15934282899758, 50.431295932454255 ], [ 36.157814922775884, 50.431368689893382 ], [ 36.15538482430901, 50.431674271137716 ], [ 36.153318513037767, 50.432445499992475 ], [ 36.153085689232562, 50.43327493479854 ], [ 36.152343563353455, 50.433624170506356 ], [ 36.14962243513007, 50.434278987458505 ], [ 36.145402503660634, 50.435326694581953 ], [ 36.135405631524428, 50.437698587097529 ], [ 36.132728157764518, 50.437756793048827 ], [ 36.129730551272445, 50.437705862841419 ], [ 36.12958503639419, 50.437429384572731 ], [ 36.128420917368139, 50.437538520731422 ], [ 36.1283408841851, 50.437785896024458 ], [ 36.12580164955952, 50.437880480695327 ], [ 36.124906733058246, 50.437887756439238 ], [ 36.123873577422629, 50.438149683220104 ], [ 36.121247033870112, 50.438302473842271 ], [ 36.119420822147994, 50.438375231281398 ], [ 36.118402218000206, 50.438055098549235 ], [ 36.117601886169801, 50.43811330450054 ], [ 36.116357733960704, 50.438666261037909 ], [ 36.114604279677721, 50.438986393770072 ], [ 36.112625277333436, 50.439379283941363 ], [ 36.11162122467347, 50.439561177539183 ], [ 36.107263054069698, 50.440747123796989 ], [ 36.103959866333277, 50.44168569476173 ], [ 36.104083553979798, 50.440950844626535 ], [ 36.103756145503723, 50.440798054004368 ], [ 36.103596079137638, 50.441125462480443 ], [ 36.103617906369379, 50.441751176456947 ], [ 36.101173256414675, 50.442424182768875 ], [ 36.099048739192135, 50.442998966537985 ], [ 36.098495782654759, 50.442780694220602 ], [ 36.095789205919196, 50.443602853282748 ], [ 36.09545452169921, 50.444010294941869 ], [ 36.093082629183634, 50.444650560406195 ], [ 36.092376882024091, 50.444927038674884 ], [ 36.092093128011491, 50.444759696564887 ], [ 36.090477912862852, 50.445574579883122 ], [ 36.090557946045891, 50.445865609639633 ], [ 36.088993661104638, 50.44689876527525 ], [ 36.0882042428901, 50.447069745257203 ], [ 36.087265671925351, 50.44761542605066 ], [ 36.086174310338428, 50.448146555356296 ], [ 36.085490390410627, 50.448226588539335 ], [ 36.084093447579363, 50.44810290089282 ], [ 36.083220358309831, 50.448059246429345 ], [ 36.083103946407221, 50.448357551929767 ], [ 36.081707003575964, 50.448313897466292 ], [ 36.079764379951243, 50.448059246429345 ], [ 36.077770826119135, 50.447906455807171 ], [ 36.075529896993984, 50.447637253282394 ], [ 36.075348003396165, 50.447353499269795 ], [ 36.07491873450531, 50.447302569062408 ], [ 36.074824149834448, 50.447528117123703 ], [ 36.073405379771451, 50.44729529331849 ], [ 36.072073918635404, 50.446996987818068 ], [ 36.072019350556062, 50.446698682317638 ], [ 36.071182640006086, 50.446502237231989 ], [ 36.07025862052916, 50.446138450036351 ], [ 36.069174534686148, 50.445781938584624 ], [ 36.068694335587907, 50.445541839035499 ], [ 36.067792143342714, 50.445389048413332 ], [ 36.067748488879239, 50.445680078169843 ], [ 36.067995864172275, 50.445774662840712 ], [ 36.069130880222673, 50.446131174292439 ], [ 36.067457459122728, 50.450962268250557 ], [ 36.067064568951437, 50.451107783128812 ], [ 36.064765433874989, 50.451238746519245 ], [ 36.060727396003372, 50.450889510811436 ], [ 36.057205935949568, 50.450569378079273 ], [ 36.055867199069617, 50.450205590883627 ], [ 36.053742681847076, 50.44973266752929 ], [ 36.051108862550635, 50.449427086284949 ], [ 36.04795118969249, 50.449179710991935 ], [ 36.046568798349057, 50.448743166357168 ], [ 36.046408731982979, 50.448102900892842 ], [ 36.045768466518645, 50.447971937502409 ], [ 36.044444281126516, 50.448553997015431 ], [ 36.043745809710884, 50.448510342551955 ], [ 36.041592189512698, 50.448874129747601 ], [ 36.039147539557987, 50.449077850577154 ], [ 36.037663287799781, 50.448117452380664 ], [ 36.035844351821574, 50.447346223525905 ], [ 36.033006811695579, 50.446996987818089 ], [ 36.027870136493135, 50.446880575915486 ], [ 36.026502296637524, 50.4465458916955 ], [ 36.025207214221048, 50.445687353913783 ], [ 36.023388278242841, 50.444945228034676 ], [ 36.022908079144599, 50.444523234887733 ], [ 36.02223871070462, 50.444566889351215 ], [ 36.021220106556825, 50.444872470595548 ], [ 36.019124692309937, 50.445032536961627 ], [ 36.016883763184794, 50.444828816132073 ], [ 36.01548682035353, 50.44461054381469 ], [ 36.014249943888352, 50.444756058692946 ], [ 36.012736589154493, 50.44461054381469 ], [ 36.011892602860605, 50.444159447692094 ], [ 36.011368749298882, 50.444232205131222 ], [ 36.010335593663264, 50.444523234887733 ], [ 36.007148817829453, 50.444930676546853 ], [ 36.005315330363423, 50.444857919107726 ], [ 36.003525497360869, 50.444625095302513 ], [ 36.00144463460181, 50.444203102155569 ], [ 36.000556993844441, 50.443679248593845 ], [ 35.998956330183624, 50.442980777178221 ], [ 35.997661247767148, 50.442296857250412 ], [ 35.995798657325466, 50.441889415591298 ], [ 35.99469274425072, 50.441903967079128 ], [ 35.9908220484891, 50.441074532273063 ], [ 35.989032215486553, 50.440637987638297 ], [ 35.986660322970977, 50.440543402967414 ], [ 35.982862384648492, 50.440281476186556 ], [ 35.979893881132064, 50.440165064283953 ], [ 35.978482386812978, 50.440390612345247 ], [ 35.977412852457796, 50.440463369784382 ], [ 35.976467005749129, 50.440412439576981 ], [ 35.976285112151309, 50.440114134076559 ], [ 35.976306939383043, 50.439495695843966 ], [ 35.976059564090008, 50.438709915501384 ], [ 35.975579364991766, 50.43838250702531 ], [ 35.974604415307446, 50.437662208377944 ], [ 35.974015080050513, 50.437291145438387 ], [ 35.973709498806173, 50.436338022985808 ], [ 35.972741824865764, 50.435734136241045 ], [ 35.972428967877519, 50.436127026412336 ], [ 35.971919665803618, 50.436301644266244 ], [ 35.97137398501016, 50.436257989802762 ], [ 35.969955214947163, 50.435421279252793 ], [ 35.968725614225896, 50.434882874203247 ], [ 35.968587375091552, 50.434606395934559 ], [ 35.968347275542435, 50.434620947422381 ], [ 35.967954385371137, 50.434722807837161 ], [ 35.967248638211593, 50.434657326141945 ], [ 35.96704491738204, 50.434388123617175 ], [ 35.96682664506465, 50.434671877629775 ], [ 35.965487908184691, 50.434737359324991 ], [ 35.965407875001652, 50.434635498910211 ], [ 35.965116845245142, 50.434664601885864 ], [ 35.965014984830361, 50.43481739250803 ], [ 35.963654420718662, 50.434890149947158 ], [ 35.962526680412175, 50.4350865950328 ], [ 35.961187943532224, 50.43470098060542 ], [ 35.960060203225737, 50.434191678531526 ], [ 35.959507246688361, 50.433784236872405 ], [ 35.959259871395325, 50.43353686157937 ], [ 35.959238044163584, 50.433260383310682 ], [ 35.959005220358378, 50.433202177359377 ], [ 35.95872874208969, 50.433362243725462 ], [ 35.956975287806699, 50.433340416493721 ], [ 35.955352796914148, 50.433471379884153 ], [ 35.954312365534612, 50.433544137323281 ], [ 35.952879043983792, 50.433878821543274 ], [ 35.951904094299472, 50.433951578982402 ], [ 35.950696320809946, 50.433871545799363 ], [ 35.949561304759548, 50.433755133896753 ], [ 35.94783695345221, 50.433515034347629 ], [ 35.945639678790542, 50.433282210542416 ], [ 35.943173201604104, 50.43302028376155 ], [ 35.942220079151525, 50.432845665907642 ], [ 35.940503003588084, 50.433569602426957 ], [ 35.939659017294197, 50.43378787474434 ], [ 35.938691343353796, 50.433802426232162 ], [ 35.937709117925564, 50.433445914780435 ], [ 35.937454466888617, 50.433140333536095 ], [ 35.937454466888617, 50.432259968522651 ], [ 35.937316227754273, 50.431430533716586 ], [ 35.937017922253851, 50.431219537143114 ], [ 35.936188487447787, 50.430833922715735 ], [ 35.935555497727371, 50.430950334618338 ], [ 35.934536893579576, 50.43145236094832 ], [ 35.933321844346139, 50.430950334618338 ], [ 35.932645200162241, 50.431044919289207 ], [ 35.93225230999095, 50.431372327765281 ], [ 35.931750283660968, 50.432281795754385 ], [ 35.930091414048846, 50.433307675646091 ], [ 35.928221547863259, 50.433889735159113 ], [ 35.92782138194805, 50.434711894221266 ], [ 35.927413940288936, 50.434973821002124 ], [ 35.926460817836357, 50.435141163112121 ], [ 35.925522246871608, 50.435497674563848 ], [ 35.924765569504672, 50.4358105315521 ], [ 35.923892480235139, 50.435948770686444 ], [ 35.923092148404734, 50.436137940028182 ], [ 35.922313643806064, 50.436778205492509 ], [ 35.921724308549123, 50.437076510992931 ], [ 35.921040388621321, 50.437185647151622 ], [ 35.92032736571786, 50.437054683761197 ], [ 35.91994175129048, 50.436559933175126 ], [ 35.919505206655714, 50.435977873662097 ], [ 35.919134143716164, 50.435563156259072 ], [ 35.918326536141841, 50.435315780966036 ], [ 35.917555307287081, 50.435097508648646 ], [ 35.916762251200588, 50.435148438856039 ], [ 35.916332982309726, 50.435097508648646 ], [ 35.915903713418871, 50.435308505222118 ], [ 35.914608631002388, 50.435272126502554 ], [ 35.913480890695908, 50.434981096746036 ], [ 35.911945708730308, 50.435272126502561 ], [ 35.91005401531298, 50.436414418296877 ], [ 35.909064514140837, 50.437083786736849 ], [ 35.90803135850522, 50.43730205905424 ], [ 35.907485677711755, 50.437447573932495 ], [ 35.906939996918297, 50.437833188359875 ], [ 35.906132389343973, 50.437993254725953 ], [ 35.904742722256628, 50.438284284482464 ], [ 35.903534948767103, 50.438204251299425 ], [ 35.902276245070183, 50.438051460677258 ], [ 35.901643255349775, 50.438044184933339 ], [ 35.90120707450221, 50.43832175456361 ], [ 35.900453671220035, 50.436061544717113 ], [ 35.89879480160792, 50.436312557882104 ], [ 35.897714353636864, 50.436312557882104 ], [ 35.896361065269083, 50.43607245833298 ], [ 35.894854986279135, 50.435723222625164 ], [ 35.893468957063746, 50.435985149406022 ], [ 35.891089788804244, 50.436503546159827 ], [ 35.890113020183954, 50.436983745258075 ], [ 35.888383212068682, 50.438096934076732 ], [ 35.88645150205982, 50.436339841921772 ], [ 35.885338313241157, 50.435052035249207 ], [ 35.883843147867076, 50.433644178802076 ], [ 35.881202052826723, 50.43142871478063 ], [ 35.878681007560928, 50.429169596295701 ], [ 35.875306411085894, 50.426203532751693 ], [ 35.874501092683012, 50.4254262260526 ], [ 35.87239476482025, 50.422501376999648 ], [ 35.867068920276068, 50.424356691697419 ], [ 35.865453705127429, 50.425109731192393 ], [ 35.863467427039232, 50.425720893681067 ], [ 35.861513889798637, 50.426190179163449 ], [ 35.86159028510972, 50.42681225526799 ], [ 35.861088258779738, 50.427292454366238 ], [ 35.859876847418256, 50.427925444086647 ], [ 35.85966948871674, 50.428896755899011 ], [ 35.859091067075674, 50.428962237594227 ], [ 35.857803260403102, 50.428340161489679 ], [ 35.855282215137315, 50.429311473302043 ], [ 35.851244177265684, 50.428307420642071 ], [ 35.846594976905401, 50.427292454366238 ], [ 35.842524198186176, 50.426332056169755 ], [ 35.838267887997176, 50.425251608198707 ], [ 35.835135680242715, 50.424640445710025 ], [ 35.833640514868627, 50.428842187819676 ], [ 35.831850681866072, 50.433633265186266 ], [ 35.825782711442777, 50.430904861218963 ], [ 35.819310937232324, 50.427969098550136 ], [ 35.812642717936228, 50.424891458875024 ], [ 35.806563833897066, 50.422163054907706 ], [ 35.802263869244591, 50.42017677681951 ], [ 35.800015664375529, 50.419194551391286 ], [ 35.799644601435979, 50.419107242464328 ], [ 35.797189037865401, 50.417994053645671 ], [ 35.796054021815003, 50.417295582230039 ], [ 35.795366464015245, 50.417208273303082 ], [ 35.794275102428323, 50.416629851662016 ], [ 35.79437332497114, 50.416258788722459 ], [ 35.795486513789811, 50.41532021775771 ], [ 35.795661131643719, 50.414719968884903 ], [ 35.794275102428308, 50.413508557523429 ], [ 35.794515201977433, 50.412635468253889 ], [ 35.79556290910088, 50.411915169606516 ], [ 35.796730665998886, 50.410812894403726 ], [ 35.798040299903192, 50.411031166721109 ], [ 35.798891561940991, 50.410998425873501 ], [ 35.800692308559412, 50.411042080336983 ], [ 35.801434434438519, 50.411183957343283 ], [ 35.803311576368031, 50.411140302879801 ], [ 35.804774000894504, 50.410747412708517 ], [ 35.806018153103594, 50.409743360048552 ], [ 35.806585661128793, 50.408270021906205 ], [ 35.80512323660232, 50.407757081960355 ], [ 35.802327797645567, 50.405167877908902 ], [ 35.776692267010013, 50.391332361374879 ], [ 35.765747753930846, 50.378175345651684 ], [ 35.756576744812065, 50.368345286652605 ], [ 35.748473385029165, 50.362018117852415 ], [ 35.744438075561511, 50.358866811270175 ], [ 35.743619554371321, 50.357917326689552 ], [ 35.743373998014285, 50.357598103425381 ], [ 35.740509173848615, 50.355347170152349 ], [ 35.738831205408722, 50.35404572145994 ], [ 35.737652534894849, 50.354283092605101 ], [ 35.729843842740408, 50.354258536969382 ], [ 35.729180840576355, 50.35420124048607 ], [ 35.72423697258759, 50.354127573578957 ], [ 35.717132208656722, 50.354225796121774 ], [ 35.708668699550131, 50.354324018664599 ], [ 35.704109536520768, 50.354405870783616 ], [ 35.700442561588702, 50.354389500359808 ], [ 35.69621899224731, 50.354651427140674 ], [ 35.691471569344195, 50.354725094047787 ], [ 35.687992854285874, 50.354798760954907 ], [ 35.68269702218533, 50.354864242650123 ], [ 35.67808056267264, 50.354954279981037 ], [ 35.672719248876881, 50.354987020828645 ], [ 35.671491467091592, 50.354733279259683 ], [ 35.665147927867601, 50.35280975446274 ], [ 35.659884836614665, 50.351426453651314 ], [ 35.658509721015143, 50.351131786022847 ], [ 35.656815382151443, 50.351270934625184 ], [ 35.648728392792343, 50.352204048781999 ], [ 35.646772127147784, 50.352310456536728 ], [ 35.641140701359262, 50.352965273488884 ], [ 35.637301836977258, 50.353358163660175 ], [ 35.630565407581976, 50.354127573578957 ], [ 35.630303480801111, 50.353661016500546 ], [ 35.628085288375694, 50.354004795400428 ], [ 35.62647280163101, 50.35190938115354 ], [ 35.623149605598833, 50.35383290595049 ], [ 35.618091144643444, 50.356967842108929 ], [ 35.615103542299238, 50.358809514786863 ], [ 35.611592086393316, 50.360937669881366 ], [ 35.607745036799408, 50.363270455273415 ], [ 35.603717912543665, 50.365791500539203 ], [ 35.601565201813457, 50.367174801350629 ], [ 35.601385127151616, 50.3674940246148 ], [ 35.601941721560941, 50.367600432369528 ], [ 35.60806016745763, 50.371938594677545 ], [ 35.608085349441843, 50.372056950003348 ], [ 35.608142019576654, 50.372323299636939 ], [ 35.608940077737088, 50.372855338410567 ], [ 35.611264677917234, 50.374525121638563 ], [ 35.609758598927279, 50.374852530114637 ], [ 35.609472116510709, 50.374893456174149 ], [ 35.609267486213163, 50.375179938590712 ], [ 35.609054670703713, 50.375646495669123 ], [ 35.608641317502659, 50.375998459780902 ], [ 35.607757314617253, 50.376542776372382 ], [ 35.606521347620067, 50.377263075019755 ], [ 35.605436807043056, 50.377709169068403 ], [ 35.605129861596737, 50.377574113072022 ], [ 35.603067188197457, 50.378351708202707 ], [ 35.602641557178551, 50.378130707481354 ], [ 35.602158629676339, 50.37840900468602 ], [ 35.602224111371555, 50.378687301890686 ], [ 35.602420556457204, 50.378826450493023 ], [ 35.602093147981122, 50.379333933630939 ], [ 35.60159385005511, 50.379464897021371 ], [ 35.601340108486148, 50.379718638590326 ], [ 35.601618405690814, 50.379923268887879 ], [ 35.599293805510669, 50.381372051394514 ], [ 35.598540766015695, 50.382026868346671 ], [ 35.597493058892226, 50.383074575470111 ], [ 35.59641261092117, 50.384940803783749 ], [ 35.596134313716504, 50.385857547516764 ], [ 35.595119347440672, 50.389549078084535 ], [ 35.594341752309994, 50.390441266181838 ], [ 35.593965232562503, 50.391194305676812 ], [ 35.593621453662621, 50.392512124793022 ], [ 35.59330223039845, 50.392774051573888 ], [ 35.592983007134272, 50.392872274116712 ], [ 35.590813925980264, 50.392643088183462 ], [ 35.589496106864054, 50.392561236064445 ], [ 35.587629878550416, 50.39246301352162 ], [ 35.58720424753151, 50.392274753647875 ], [ 35.586664023545978, 50.392389346614507 ], [ 35.586352985493704, 50.392536680428741 ], [ 35.586025577017629, 50.39282316284531 ], [ 35.585460797396401, 50.392790421997702 ], [ 35.58447857196817, 50.392708569878678 ], [ 35.584028385313559, 50.392782236785798 ], [ 35.583332642301897, 50.394263760140049 ], [ 35.583188633729954, 50.395650897769563 ], [ 35.582981445553685, 50.396562525745139 ], [ 35.582953820463516, 50.397957592798676 ], [ 35.582891664010639, 50.398793251776297 ], [ 35.5828364138303, 50.40133476007184 ], [ 35.582953820463523, 50.403530954740269 ], [ 35.583022883188946, 50.404207769449407 ], [ 35.582760444832338, 50.404698114799906 ], [ 35.582732819742169, 50.405140116242606 ], [ 35.582649944471662, 50.405816930951751 ], [ 35.582705194652, 50.40785428135171 ], [ 35.582794976195046, 50.407909531532049 ], [ 35.582779325615697, 50.408269494857116 ], [ 35.582746632287254, 50.409021441411348 ], [ 35.582891664010639, 50.409290786040501 ], [ 35.582753538559793, 50.410133351290654 ], [ 35.582608506836408, 50.4105339150981 ], [ 35.582560162928608, 50.411694168885198 ], [ 35.582622319381485, 50.412350264776713 ], [ 35.582732819742162, 50.413393111930596 ], [ 35.582601600563862, 50.414580990807856 ], [ 35.582622319381471, 50.416542372209847 ], [ 35.582912382828248, 50.416790998021369 ], [ 35.582788069922486, 50.417516156638307 ], [ 35.582632678790283, 50.418365628161006 ], [ 35.582674116425537, 50.41934977199827 ], [ 35.582819148148928, 50.419805585986062 ], [ 35.582850226375363, 50.420810448640957 ], [ 35.58271555406079, 50.421763514251786 ], [ 35.582705194651972, 50.422157171786694 ], [ 35.582860585784175, 50.422664782818551 ], [ 35.582953820463494, 50.424674508128348 ], [ 35.582995258098748, 50.426114465953404 ], [ 35.582933101645864, 50.427430110872713 ], [ 35.58267411642553, 50.427865206042874 ], [ 35.582798429331298, 50.429243007415039 ], [ 35.583109211595698, 50.429377679729619 ], [ 35.583171368048575, 50.429978525440795 ], [ 35.583539127061449, 50.430123557164173 ], [ 35.587423905366471, 50.431309709473318 ], [ 35.587408366253243, 50.432635713801432 ], [ 35.587988493146796, 50.434189625123437 ], [ 35.587708789108838, 50.435474191816304 ], [ 35.587398006844438, 50.436479054471199 ], [ 35.587770945561715, 50.437245650723391 ], [ 35.58762591383833, 50.43850949859862 ], [ 35.587470522706134, 50.440622817996541 ], [ 35.58637242537192, 50.443513093055486 ], [ 35.586268831283782, 50.44388603177277 ], [ 35.586268831283782, 50.444466158666316 ], [ 35.586444941233609, 50.4445283151192 ], [ 35.586299909510224, 50.445978632353075 ], [ 35.586330987736659, 50.44742894958695 ], [ 35.586330987736659, 50.448361296380149 ], [ 35.585087858679039, 50.449449034305587 ], [ 35.58437305947092, 50.450205271148967 ], [ 35.582529084702138, 50.451313727891993 ], [ 35.579431621466931, 50.453002311528572 ], [ 35.579129899801245, 50.453253746249977 ], [ 35.578747900485247, 50.453572079013313 ], [ 35.578064179503563, 50.4548048486621 ], [ 35.578136695365252, 50.455146709152942 ], [ 35.578613228170667, 50.455706117228864 ], [ 35.577763756647975, 50.456369119392924 ], [ 35.577245786207307, 50.45675241751902 ], [ 35.576779612810704, 50.456969965104101 ], [ 35.575163545035814, 50.457684764312226 ], [ 35.574007855849693, 50.458563088093676 ], [ 35.571513401843383, 50.45768394276832 ], [ 35.571524802690398, 50.457239309734881 ], [ 35.571734580718868, 50.456866371017597 ], [ 35.571524802690398, 50.456353580281338 ], [ 35.571140209638195, 50.45569511035864 ], [ 35.570574974394816, 50.455473677995251 ], [ 35.569619318931778, 50.455730073363384 ], [ 35.568832651325017, 50.455689283191184 ], [ 35.568337342091127, 50.455502813832538 ], [ 35.568145045565025, 50.455339653143731 ], [ 35.568092601057906, 50.455182319622374 ], [ 35.568168354234857, 50.455024986101023 ], [ 35.568418922435526, 50.454990023096279 ], [ 35.56900163918128, 50.455141529450174 ], [ 35.56947363974534, 50.455001677431191 ], [ 35.569520257085003, 50.454885134082041 ], [ 35.569368750731115, 50.454646220216297 ], [ 35.568634527631467, 50.454413133517996 ], [ 35.568354823593502, 50.454220836991894 ], [ 35.568191662904688, 50.454046021968168 ], [ 35.567608946158941, 50.453766317930196 ], [ 35.56716608143217, 50.453364243375624 ], [ 35.566595019021328, 50.453014613328172 ], [ 35.566064746782693, 50.452554267099025 ], [ 35.565283906343382, 50.452128883874614 ], [ 35.564794424276954, 50.452088093702415 ], [ 35.564031065340018, 50.452035649195295 ], [ 35.563844595981379, 50.451755945157338 ], [ 35.563966966497986, 50.451581130133611 ], [ 35.564159263024081, 50.451464586784461 ], [ 35.564176744526456, 50.451283944593278 ], [ 35.564031065340018, 50.451120783904464 ], [ 35.563541583273583, 50.451173228411584 ], [ 35.56328518790545, 50.451324734765478 ], [ 35.562778224336647, 50.45197737752072 ], [ 35.562463557293938, 50.452088093702415 ], [ 35.561566173505483, 50.452280390228509 ], [ 35.560796987401091, 50.452484341089523 ], [ 35.5603424683394, 50.452600884438674 ], [ 35.559952048119747, 50.452909724313926 ], [ 35.559823850435677, 50.453282663031203 ], [ 35.559882122110253, 50.453451650887473 ], [ 35.559876294942796, 50.453632293078655 ], [ 35.559788887430933, 50.453766317930182 ], [ 35.559101281670948, 50.454139256647458 ], [ 35.55839619440858, 50.454430615020335 ], [ 35.558122317538079, 50.454337380341016 ], [ 35.557854267835033, 50.454354861843392 ], [ 35.557527946457405, 50.454488886694911 ], [ 35.557195797912328, 50.454436442187799 ], [ 35.557020982888602, 50.454337380341016 ], [ 35.557090908898097, 50.454185873987122 ], [ 35.55721910658216, 50.453882861279332 ], [ 35.557213279414704, 50.453754663595262 ], [ 35.557125871902841, 50.453690564753231 ], [ 35.55688113086962, 50.453748836427806 ], [ 35.556496537817424, 50.453842071107125 ], [ 35.556190611525899, 50.453926565035246 ], [ 35.556126512683868, 50.454124688728804 ], [ 35.556260537535394, 50.454346121092186 ], [ 35.556289673372682, 50.454544244785744 ], [ 35.55609737684658, 50.454689923972182 ], [ 35.555875944483191, 50.454794812986421 ], [ 35.555648684952352, 50.454800640153877 ], [ 35.555415598254051, 50.454707405474558 ], [ 35.555514660100826, 50.454357775427106 ], [ 35.555495777470952, 50.454141165373294 ], [ 35.555345672244556, 50.453938219370158 ], [ 35.555100931211342, 50.453879947695583 ], [ 35.554559004637788, 50.454188787570835 ], [ 35.554215201757792, 50.454567553455576 ], [ 35.553894707547627, 50.455091998526754 ], [ 35.554017078064241, 50.455237677713193 ], [ 35.554471597125925, 50.455325085225056 ], [ 35.554594474117046, 50.45539790121979 ], [ 35.554786264168634, 50.455511554583694 ], [ 35.555042659536767, 50.455756295616915 ], [ 35.554966906359816, 50.455901974803353 ], [ 35.554564831805244, 50.456030172487417 ], [ 35.554056024922495, 50.456148689954098 ], [ 35.553754855528645, 50.456315703692837 ], [ 35.55377930278528, 50.456534538545306 ], [ 35.554215201757792, 50.456793531424353 ], [ 35.554314263604567, 50.45703244529011 ], [ 35.554226856092704, 50.457166470141637 ], [ 35.55369658385407, 50.457457828514514 ], [ 35.553294509299498, 50.457807458561966 ], [ 35.552822508735439, 50.458361039470432 ], [ 35.552393963478679, 50.458466191810132 ], [ 35.551732828420882, 50.458413483977552 ], [ 35.551179247512415, 50.45776084122231 ], [ 35.550753864288012, 50.457661779375528 ], [ 35.550497468919879, 50.457725878217559 ], [ 35.550287690891409, 50.457906520408748 ], [ 35.550619839436493, 50.458495064321959 ], [ 35.549622301207322, 50.459309046776205 ], [ 35.548022743740226, 50.459086157620952 ], [ 35.546980409161257, 50.458915712972818 ], [ 35.546541186414139, 50.457630822548431 ], [ 35.545846296694826, 50.457480044590461 ], [ 35.543807516480619, 50.457670155928767 ], [ 35.542666848450807, 50.458083156422319 ], [ 35.541735958449465, 50.458640379310445 ], [ 35.540844401828458, 50.458889490719258 ], [ 35.539002288515945, 50.459407380227056 ], [ 35.537900953866469, 50.459813825157219 ], [ 35.537527286753253, 50.460233381214159 ], [ 35.537592842387149, 50.460436603679241 ], [ 35.537809175979007, 50.460902048679912 ], [ 35.537481397809522, 50.461301938046688 ], [ 35.536825841470552, 50.461734605230411 ], [ 35.536294840835978, 50.462298383681926 ], [ 35.535219728440062, 50.463484940655469 ], [ 35.534144616044145, 50.46427160826223 ], [ 35.533639322125289, 50.464620086826955 ], [ 35.532512280760123, 50.465484387489354 ], [ 35.531109390194722, 50.466166166081884 ], [ 35.529988388855074, 50.4665398331951 ], [ 35.528375720261202, 50.466926611435099 ], [ 35.527012163076137, 50.467175722843919 ], [ 35.525491272369713, 50.467772279112381 ], [ 35.524363715466677, 50.468132835098821 ], [ 35.523000158281612, 50.468880169325246 ], [ 35.521918490322292, 50.46938494770626 ], [ 35.521249822856539, 50.469673392495409 ], [ 35.520725377785361, 50.469811059326595 ], [ 35.520220599404354, 50.469915948340827 ], [ 35.519899376798257, 50.470047059608625 ], [ 35.519551931938601, 50.470361726651333 ], [ 35.518496486232848, 50.470873060595729 ], [ 35.516877262075589, 50.471567950315041 ], [ 35.516025038834918, 50.472007173062153 ], [ 35.515317037988829, 50.472361173485197 ], [ 35.514759815100703, 50.472570951513674 ], [ 35.514314036790196, 50.472702062781465 ], [ 35.512780034956997, 50.473678841726539 ], [ 35.511337811011252, 50.474472064896695 ], [ 35.510243031925164, 50.474924398770582 ], [ 35.509272808543486, 50.47540295489803 ], [ 35.508125584950285, 50.475999511166499 ], [ 35.506998028047242, 50.476779623209865 ], [ 35.506014693538781, 50.477546624126468 ], [ 35.505693470932684, 50.47795962462002 ], [ 35.50489369219914, 50.478936403565093 ], [ 35.504238135860163, 50.47959195990407 ], [ 35.503189245717806, 50.480208182862704 ], [ 35.50239602254765, 50.480634294483039 ], [ 35.501629021631047, 50.480975183779307 ], [ 35.500199908812085, 50.481375073146083 ], [ 35.498547906837871, 50.481892962653873 ], [ 35.496738571342291, 50.482410852161664 ], [ 35.495073458241301, 50.483033630683686 ], [ 35.493723012183011, 50.483603964698595 ], [ 35.492044787955251, 50.484311965544677 ], [ 35.490910675488827, 50.484665965967721 ], [ 35.489855229783075, 50.484856077306027 ], [ 35.488531005978352, 50.485210077729072 ], [ 35.485672780340423, 50.485793522870757 ], [ 35.483529111111984, 50.486245856744645 ], [ 35.482204887307255, 50.486521190407025 ], [ 35.480985552516763, 50.486737523998883 ], [ 35.479595773078138, 50.486875190830069 ], [ 35.478022437864603, 50.48741930259142 ], [ 35.476455658214455, 50.487910969845643 ], [ 35.475911546453112, 50.48814697012768 ], [ 35.475747657368366, 50.488291192522254 ], [ 35.475662435044299, 50.488743526396142 ], [ 35.475406768072098, 50.489077860129022 ], [ 35.4748298784938, 50.489523638439522 ], [ 35.474600433775159, 50.489903861116126 ], [ 35.474377544619905, 50.490552861891707 ], [ 35.473780988351443, 50.491293640554751 ], [ 35.472791098279593, 50.49223764168287 ], [ 35.472476431236885, 50.492637531049645 ], [ 35.472574764687728, 50.492886642458451 ], [ 35.471820874897908, 50.494001088234704 ], [ 35.470857207079618, 50.4951548673913 ], [ 35.469762427993537, 50.496544646829925 ], [ 35.469041316020672, 50.49751487021161 ], [ 35.468556204329829, 50.498288426691595 ], [ 35.468071092638986, 50.499920761975638 ], [ 35.466864868975279, 50.500346873595966 ], [ 35.465481645100049, 50.501756319724763 ], [ 35.463075753336014, 50.504535878602013 ], [ 35.462885641997715, 50.504739101067109 ], [ 35.462561141609925, 50.504758767757281 ], [ 35.461912140834336, 50.504660434306437 ], [ 35.461597473791628, 50.505132434870497 ], [ 35.460564972557748, 50.505024268074564 ], [ 35.459099804140138, 50.504453934059661 ], [ 35.458765470407265, 50.504621100926094 ], [ 35.458352469913713, 50.505181601595922 ], [ 35.457978802800497, 50.505535602018966 ], [ 35.457624802377445, 50.505987935892861 ], [ 35.45718230184864, 50.50652876987251 ], [ 35.457349468715073, 50.507040103816905 ], [ 35.458549136815392, 50.507748104663001 ], [ 35.45917847090081, 50.508180771846725 ], [ 35.459434137873011, 50.508869106002642 ], [ 35.459424304527921, 50.509488606742977 ], [ 35.459198137590981, 50.509852440511104 ], [ 35.45853930347031, 50.509960607307036 ], [ 35.458165636357094, 50.510206440934148 ], [ 35.45757563565202, 50.510806274984311 ], [ 35.457487135546259, 50.511248775513103 ], [ 35.457762469208625, 50.513353111361205 ], [ 35.451213461382274, 50.518446784115035 ], [ 35.447378456799278, 50.52156395450686 ], [ 35.44529378764134, 50.523314289931925 ], [ 35.444841453767445, 50.524690958243767 ], [ 35.44519545419049, 50.524877791800378 ], [ 35.444615286830498, 50.529007796735904 ], [ 35.44445795330914, 50.52921429698268 ], [ 35.443327118624417, 50.529401130539277 ], [ 35.441670302062114, 50.529457773840555 ], [ 35.441026115874614, 50.529479797299956 ], [ 35.439688780943108, 50.529499463990128 ], [ 35.438646446364139, 50.529627297476232 ], [ 35.436610943931626, 50.529971464554187 ], [ 35.435814442979776, 50.53143663297179 ], [ 35.435076942098434, 50.532459300860594 ], [ 35.435263775655038, 50.533177135051766 ], [ 35.435519442627239, 50.534435803222593 ], [ 35.435558776007575, 50.535173304103935 ], [ 35.435381775796053, 50.535664971358166 ], [ 35.435430942521478, 50.53642213892968 ], [ 35.436994444389931, 50.538113474284245 ], [ 35.437171444601461, 50.539244308968968 ], [ 35.437397611538401, 50.539529475976423 ], [ 35.438744779814996, 50.54032597692828 ], [ 35.439305280484817, 50.541210977985891 ], [ 35.439226613724138, 50.541938645522137 ], [ 35.438990613442108, 50.542548312917383 ], [ 35.438479279497706, 50.543118646932292 ], [ 35.43843994611737, 50.543610314186523 ], [ 35.438479279497706, 50.543954481264493 ], [ 35.438951280061765, 50.544278981652283 ], [ 35.43697477769976, 50.54747481880478 ], [ 35.435942276465873, 50.548733486975607 ], [ 35.434378774597427, 50.550631322576933 ], [ 35.432461272305929, 50.553138825573498 ], [ 35.430917437127647, 50.555341494872451 ], [ 35.43068143684561, 50.556295329345659 ], [ 35.430612603430021, 50.557091830297509 ], [ 35.430878103747304, 50.557819497833769 ], [ 35.430897770437468, 50.558183331601903 ], [ 35.42841976747615, 50.560877668155086 ], [ 35.42745609965786, 50.562264169812018 ], [ 35.42599093124025, 50.562972170658114 ], [ 35.424112762329095, 50.564388172350299 ], [ 35.42269676063691, 50.565253506717745 ], [ 35.421615092677605, 50.566010674289259 ], [ 35.420454757957621, 50.566649841719759 ], [ 35.418055421756982, 50.567643009573302 ], [ 35.416098586085141, 50.568193676898041 ], [ 35.414702251083128, 50.568882011053965 ], [ 35.413738583264838, 50.569137678026166 ], [ 35.413040415763831, 50.56926551151227 ], [ 35.411939081114355, 50.569186844751592 ], [ 35.410926246570639, 50.568990177849898 ], [ 35.409795411885909, 50.569767012111583 ], [ 35.409195577835746, 50.570121012534628 ], [ 35.407573075896785, 50.571065013662754 ], [ 35.406963408501539, 50.571920514685111 ], [ 35.405803073781556, 50.572825182432894 ], [ 35.405296656509705, 50.573700350145423 ], [ 35.404431322142258, 50.574811518139981 ], [ 35.401505901979583, 50.574752518069474 ], [ 35.400311150551808, 50.575367102137257 ], [ 35.398885315514541, 50.575952186169793 ], [ 35.398054397854892, 50.57637010333589 ], [ 35.396736729613558, 50.576965020713509 ], [ 35.394725810543754, 50.577913938514172 ], [ 35.392646058058354, 50.578877606332462 ], [ 35.391195639658378, 50.579600357196185 ], [ 35.390423722069237, 50.580101857795498 ], [ 35.390241805185177, 50.580342774750093 ], [ 35.392316640998025, 50.581394942674144 ], [ 35.393417975647502, 50.582270110386673 ], [ 35.394224309944441, 50.583518945212418 ], [ 35.397469313822363, 50.587884950429981 ], [ 35.398196981358623, 50.588091450676757 ], [ 35.398924648894884, 50.589241952051658 ], [ 35.399691649811487, 50.58955661909436 ], [ 35.400055483579621, 50.589871286137061 ], [ 35.400094816959957, 50.590431786806889 ], [ 35.401363318475873, 50.591041454202134 ], [ 35.40738132566765, 50.593686624029893 ], [ 35.414215500501456, 50.596715294315956 ], [ 35.415808502405163, 50.597256128295605 ], [ 35.418316005401735, 50.598386962980335 ], [ 35.420705508257292, 50.599507964319976 ], [ 35.42132500899762, 50.599852131397945 ], [ 35.424412679354184, 50.602566134641293 ], [ 35.425651680834861, 50.60366746929077 ], [ 35.423852178684378, 50.604650803799224 ], [ 35.423183511218625, 50.605457138096178 ], [ 35.422770510725073, 50.606371639189042 ], [ 35.421570842624753, 50.607217306866318 ], [ 35.420892341813911, 50.607905641022242 ], [ 35.420312174453919, 50.608269474790369 ], [ 35.419712340403763, 50.608633308558503 ], [ 35.419407506706136, 50.609016809016801 ], [ 35.419230506494614, 50.61018697708186 ], [ 35.419525506847151, 50.611563645393709 ], [ 35.420233507693247, 50.612645313353013 ], [ 35.420213841003076, 50.613825314763169 ], [ 35.420272841073583, 50.614493982228922 ], [ 35.420843175088493, 50.615732983709584 ], [ 35.419033839592927, 50.615919817266203 ], [ 35.41760800455566, 50.615929650611285 ], [ 35.415484002017379, 50.615546150152987 ], [ 35.414156500430963, 50.614965982792995 ], [ 35.413438666239784, 50.613618814516407 ], [ 35.413251832683173, 50.613402480924542 ], [ 35.413074832471651, 50.613363147544206 ], [ 35.412740498738778, 50.613461480995049 ], [ 35.412189831414047, 50.614405482123161 ], [ 35.411452330532697, 50.615801817125174 ], [ 35.410203495706952, 50.618024153114305 ], [ 35.408826827395103, 50.620039988856647 ], [ 35.407902492957156, 50.619764655194281 ], [ 35.406869991723269, 50.619735155159027 ], [ 35.40606365742633, 50.61957782163767 ], [ 35.405768657073793, 50.619784321884453 ], [ 35.405257323129398, 50.620197322378004 ], [ 35.404785322565331, 50.620256322448512 ], [ 35.404647655734152, 50.620413655969863 ], [ 35.404647655734152, 50.620629989561728 ], [ 35.405385156615495, 50.621387157133242 ], [ 35.406270157673113, 50.622576991888479 ], [ 35.406574991370732, 50.62329482607965 ], [ 35.406525824645307, 50.624032326961 ], [ 35.406348824433785, 50.624818994567768 ], [ 35.405394989960577, 50.62652999661249 ], [ 35.404903322706353, 50.626502954913512 ], [ 35.404512447239235, 50.62637020475487 ], [ 35.404018321648735, 50.626407079798938 ], [ 35.403605321155183, 50.626473454878258 ], [ 35.403435695952474, 50.626650455089781 ], [ 35.403538946075862, 50.626797955266049 ], [ 35.404564072300929, 50.62760183122672 ], [ 35.404121571772116, 50.628737582583987 ], [ 35.403738071313818, 50.629386583359569 ], [ 35.403566639195283, 50.629657914770199 ], [ 35.401973545064202, 50.632170718541936 ], [ 35.399702683083738, 50.635752572519223 ], [ 35.393685934301097, 50.645242852308506 ], [ 35.394374313199584, 50.650518793874163 ], [ 35.398254741278059, 50.680259554139482 ], [ 35.419012427072524, 50.69106492482701 ], [ 35.428062061405953, 50.691119885074791 ], [ 35.43029612637806, 50.69563555062139 ], [ 35.418159953757922, 50.71607305161708 ], [ 35.421718505258397, 50.728768424537705 ], [ 35.412263131753825, 50.73308617996674 ], [ 35.408358479345708, 50.740018930160744 ], [ 35.407263494047982, 50.743854407277325 ], [ 35.408373560201142, 50.744732445257604 ], [ 35.408142296419236, 50.746166538548863 ], [ 35.409344868085157, 50.747190864006392 ], [ 35.407541010586264, 50.749239447688822 ], [ 35.404210812126792, 50.751434259301512 ], [ 35.405690900331003, 50.752487732323907 ], [ 35.404349570395937, 50.75368749216684 ], [ 35.400094316808818, 50.754740914478603 ], [ 35.400375971048554, 50.757427466560934 ], [ 35.400197583654709, 50.758397955712454 ], [ 35.401089520623891, 50.759413562343262 ], [ 35.400946810708824, 50.76099335107093 ], [ 35.410230330348242, 50.766289529326393 ], [ 35.408398322737639, 50.776834224294412 ], [ 35.386542259188971, 50.786683458579816 ], [ 35.38256452214015, 50.79156652188508 ], [ 35.377573189409731, 50.795635752347643 ], [ 35.387228820122843, 50.800820245776052 ], [ 35.386515270547498, 50.804224992975982 ], [ 35.381984230744074, 50.80877929997402 ], [ 35.382019908222837, 50.810560319071442 ], [ 35.383239389239471, 50.813820717292067 ], [ 35.385119821008658, 50.816607890278156 ], [ 35.393227951264294, 50.852108352478481 ], [ 35.394840315238234, 50.864490148823748 ], [ 35.39333443062614, 50.864900844627051 ], [ 35.392525484346912, 50.865137305847135 ], [ 35.390820474496849, 50.866008478763227 ], [ 35.388393635659163, 50.866867206351948 ], [ 35.385170295869621, 50.867688597958548 ], [ 35.382905246287784, 50.869679850338187 ], [ 35.382108745335934, 50.870239890069961 ], [ 35.38304214488889, 50.871036391021804 ], [ 35.385941906166735, 50.873923706972278 ], [ 35.387099321612396, 50.875106013072688 ], [ 35.389924410926007, 50.876201201881486 ], [ 35.39413093157799, 50.877868875749435 ], [ 35.39874814803327, 50.878914283248747 ], [ 35.401610573329002, 50.879524104290013 ], [ 35.401125205561485, 50.879847682801696 ], [ 35.39940775038405, 50.880681519735674 ], [ 35.396489321115148, 50.882050505746676 ], [ 35.394174490223818, 50.88308346791861 ], [ 35.392009003260974, 50.883942195507331 ], [ 35.390322661401967, 50.884558239212282 ], [ 35.389053238009943, 50.885099610952999 ], [ 35.387870931909532, 50.885921002559598 ], [ 35.387211329558774, 50.886512155609807 ], [ 35.386265484678454, 50.887426887171685 ], [ 35.383813755186026, 50.89032664844953 ], [ 35.381399361675719, 50.893052175144156 ], [ 35.379756578462519, 50.895342115380743 ], [ 35.379681906498277, 50.895628357910304 ], [ 35.379756578462519, 50.895342115380735 ], [ 35.376806053970618, 50.903094534303349 ], [ 35.366537942053881, 50.912194234291398 ], [ 35.361648818363108, 50.922144332502938 ], [ 35.355529786035035, 50.924878347185434 ], [ 35.349516927705402, 50.925869603432226 ], [ 35.337629969315309, 50.924790882384926 ], [ 35.332357155087792, 50.929295105779573 ], [ 35.325372988874165, 50.938768585753422 ], [ 35.315983679328674, 50.940400744324599 ], [ 35.312699733625571, 50.941653970055846 ], [ 35.310988381639447, 50.948181855463915 ], [ 35.316261195866964, 50.950862685708998 ], [ 35.311127139908592, 50.954854505061547 ], [ 35.312098447792607, 50.968196930453672 ], [ 35.309693304460765, 50.976701454854343 ], [ 35.313486030484064, 50.982117908471942 ], [ 35.33322214854828, 50.992321586371489 ], [ 35.336645964443285, 50.993405072414212 ], [ 35.338450536912333, 50.994176682711327 ], [ 35.339495944411645, 50.994873621044199 ], [ 35.340055984143412, 50.995371434139109 ], [ 35.339097693935713, 50.995981255180375 ], [ 35.338363419620727, 50.996678193513247 ], [ 35.337753598579461, 50.997001772024937 ], [ 35.33756677091138, 50.997028119516592 ], [ 35.338368152568087, 50.997698057621143 ], [ 35.339321709828425, 50.998495211309674 ], [ 35.340463697426955, 50.999885794848012 ], [ 35.341151172952216, 51.000722924909375 ], [ 35.338487872894454, 51.001755887081316 ], [ 35.333522187272735, 51.004468968448563 ], [ 35.328245368466703, 51.008451473207835 ], [ 35.327638658757294, 51.009465767388683 ], [ 35.326555915275868, 51.010274713667911 ], [ 35.324689116169957, 51.011705926315777 ], [ 35.323581482033788, 51.012601989886612 ], [ 35.32292187968303, 51.013274037564742 ], [ 35.323046332956757, 51.013827854632815 ], [ 35.324085517792383, 51.01425099576349 ], [ 35.345556172123445, 51.011538100401651 ], [ 35.348130997320162, 51.011580731619084 ], [ 35.352444958833978, 51.011246786033773 ], [ 35.359106788107162, 51.011226902353506 ], [ 35.367690634340924, 51.010756521137353 ], [ 35.3754922, 51.0120302 ], [ 35.380556190746177, 51.012508649931355 ], [ 35.382622115090051, 51.01295668171678 ], [ 35.382522552471066, 51.013865190614979 ], [ 35.382709232381657, 51.014923043441662 ], [ 35.383032810893347, 51.017300100969855 ], [ 35.383779530535712, 51.020150080938208 ], [ 35.393798019070758, 51.02061055805099 ], [ 35.394818535915327, 51.023124514180282 ], [ 35.400107800048737, 51.031512664829492 ], [ 35.400381597250934, 51.033653261137601 ], [ 35.403779171623697, 51.036129881284779 ], [ 35.412951377897393, 51.039888370151345 ], [ 35.412254439564521, 51.042004075804712 ], [ 35.406392690371966, 51.051599423209062 ], [ 35.404140086117501, 51.051624313863819 ], [ 35.399317521760565, 51.052912405246893 ], [ 35.398695255391928, 51.053335546377561 ], [ 35.389809291647815, 51.060435605643711 ], [ 35.382615892426379, 51.065712424449742 ], [ 35.382615892426365, 51.06571242444975 ], [ 35.352413506573747, 51.061446679351228 ], [ 35.323598039347885, 51.06333614118099 ], [ 35.317400169992737, 51.059208294011285 ], [ 35.303914753453121, 51.060955198061407 ], [ 35.298356403726459, 51.064565042528741 ], [ 35.289594153812203, 51.067724507642055 ], [ 35.287101116172558, 51.066592931361313 ], [ 35.273866599766897, 51.057562877971364 ], [ 35.26160787512724, 51.05737331006457 ], [ 35.251876722578231, 51.059395367737096 ], [ 35.243246393511164, 51.067278841404132 ], [ 35.243128663232902, 51.067230754389065 ], [ 35.240776496359459, 51.066502702737758 ], [ 35.239955104752859, 51.06605467095234 ], [ 35.238293653548595, 51.066204014880817 ], [ 35.236762878281752, 51.06590532702387 ], [ 35.235474786898671, 51.065214611354683 ], [ 35.234261367479832, 51.064729243587145 ], [ 35.233794667703357, 51.064355883765963 ], [ 35.232450572347098, 51.063786510038668 ], [ 35.230471765294837, 51.063319810262193 ], [ 35.230212544199674, 51.063137395417449 ], [ 35.228959658019043, 51.062255734771817 ], [ 35.2282502743588, 51.061172991290391 ], [ 35.227018186948897, 51.060276927719556 ], [ 35.226346139270774, 51.059847563925196 ], [ 35.225860771503235, 51.059231520220244 ], [ 35.224124648334737, 51.059567544059313 ], [ 35.221604469541759, 51.061191659281448 ], [ 35.219592281805944, 51.062403820228788 ], [ 35.217180155660756, 51.063525158163834 ], [ 35.214809320796249, 51.064701241600559 ], [ 35.211915782182089, 51.066288020840581 ], [ 35.205330533536795, 51.067701340145476 ], [ 35.199912263931097, 51.068864203606722 ], [ 35.198754848485429, 51.069872275123913 ], [ 35.198101468798363, 51.07625672806612 ], [ 35.188070008171067, 51.083985221425252 ], [ 35.176106166941985, 51.081562964838369 ], [ 35.166417140594483, 51.07737140778805 ], [ 35.151462339058135, 51.07897220344546 ], [ 35.1475532, 51.0825396 ], [ 35.149313902781088, 51.095275043430163 ], [ 35.158056076813928, 51.102539973198681 ], [ 35.157631817146779, 51.103136716010567 ], [ 35.155815985771333, 51.103584268064211 ], [ 35.154763821796784, 51.103264588468072 ], [ 35.154441384449747, 51.103200652283533 ], [ 35.150775780925507, 51.106280144721268 ], [ 35.155222022237318, 51.109817578320893 ], [ 35.149440281385623, 51.120466511933635 ], [ 35.111484573824342, 51.121351162165375 ], [ 35.097785434231156, 51.127039164166256 ], [ 35.050168045016548, 51.11269629186215 ], [ 35.046949081006453, 51.112861838582667 ], [ 35.047527268512461, 51.115173880606562 ], [ 35.047180735923718, 51.115408637345134 ], [ 35.04632376464108, 51.115989188179022 ], [ 35.044583612593748, 51.116243695475511 ], [ 35.042523637492522, 51.115514973653227 ], [ 35.042356261857343, 51.115033259573032 ], [ 35.0414804, 51.1122485 ], [ 35.03986, 51.1103768 ], [ 35.0374145, 51.1104034 ], [ 35.0332956, 51.1135283 ], [ 35.0305607, 51.1122417 ], [ 35.030431197114659, 51.108401274168664 ], [ 35.029989739193276, 51.107536752405956 ], [ 35.02860098614893, 51.105789314800475 ], [ 35.021738888154154, 51.106686641329233 ], [ 35.0193974, 51.1068814 ], [ 34.998439496228194, 51.101560904248849 ], [ 34.977302783016057, 51.109466781734895 ], [ 34.966338217730886, 51.115024257830875 ], [ 34.955324426178251, 51.122729737401507 ], [ 34.945913113154269, 51.12801259535955 ], [ 34.936628694238472, 51.131131587087182 ], [ 34.931586371822085, 51.135823478372551 ], [ 34.929836392909571, 51.134031148820128 ], [ 34.912480397887101, 51.124342122472633 ], [ 34.905908710451413, 51.125353151308893 ], [ 34.884087338068788, 51.121730297978964 ], [ 34.868506509264165, 51.11734161869353 ], [ 34.862223839484663, 51.115916882170467 ], [ 34.851770539215288, 51.119311329354879 ], [ 34.8517645, 51.119302 ], [ 34.844547915866563, 51.116933221156579 ], [ 34.836114140956688, 51.11789192315193 ], [ 34.833253780736648, 51.119066061017215 ], [ 34.813267428869423, 51.128396423960062 ], [ 34.812519416064625, 51.128862777622309 ], [ 34.812418630558994, 51.130263110706238 ], [ 34.8049502, 51.1429358 ], [ 34.801987207341071, 51.142684652583313 ], [ 34.800655277351041, 51.142941694100145 ], [ 34.786609362105921, 51.151395125474522 ], [ 34.781317553701257, 51.152937555395496 ], [ 34.770556887540081, 51.152098479913057 ], [ 34.750465971746564, 51.155524943748496 ], [ 34.730890140499383, 51.163256201118323 ], [ 34.71674457985079, 51.171577438452623 ], [ 34.731329, 51.182469 ], [ 34.73681185033729, 51.179128048367822 ], [ 34.7368202984456, 51.179122900548798 ], [ 34.736808007231744, 51.179134030287599 ], [ 34.736782264659894, 51.179174099444701 ], [ 34.739160631521877, 51.179501156711034 ], [ 34.740181720419002, 51.179602559784875 ], [ 34.741449482295621, 51.179428450699966 ], [ 34.74259046700741, 51.179465447129253 ], [ 34.744518337727321, 51.179675093001244 ], [ 34.746819979301108, 51.179724421303156 ], [ 34.748865882922232, 51.179909401965233 ], [ 34.750439654938496, 51.180057385960474 ], [ 34.752092115555563, 51.180402680101984 ], [ 34.75298596621068, 51.180435570374833 ], [ 34.753772028795474, 51.180464494460466 ], [ 34.755280290668274, 51.180163464290302 ], [ 34.755635583708298, 51.179448009962563 ], [ 34.756547412874198, 51.179016091033176 ], [ 34.75719103050259, 51.178486524513787 ], [ 34.758377700504958, 51.178095650085673 ], [ 34.758578831013835, 51.177566072993343 ], [ 34.759664935761755, 51.17718779991732 ], [ 34.760570023051699, 51.17708692657289 ], [ 34.761615901697844, 51.176544728565261 ], [ 34.765216137806704, 51.175825991145516 ], [ 34.769238747984204, 51.175044193862114 ], [ 34.769721461205492, 51.174754168918291 ], [ 34.77213502731199, 51.174640680400202 ], [ 34.772974747186538, 51.174952773152775 ], [ 34.773385395556481, 51.175194462114163 ], [ 34.774453056426772, 51.175822838763729 ], [ 34.776092270074109, 51.17625156070757 ], [ 34.777470014059901, 51.176837894558808 ], [ 34.77777458034388, 51.176886075170657 ], [ 34.778546062282381, 51.17700811911898 ], [ 34.779300301690661, 51.177335957241851 ], [ 34.779396088849296, 51.177734180942124 ], [ 34.779491375674091, 51.178130324564052 ], [ 34.779933862793619, 51.179618150341547 ], [ 34.780426632540355, 51.180815941289964 ], [ 34.780765605294768, 51.181148293379145 ], [ 34.781603246017276, 51.181969573675246 ], [ 34.782980990003054, 51.183551831248323 ], [ 34.784409016616067, 51.184837769505798 ], [ 34.785977834585296, 51.183879622838532 ], [ 34.786219191195933, 51.183665297831801 ], [ 34.786903034926119, 51.183640083059615 ], [ 34.787727670012501, 51.1831988223135 ], [ 34.788109817979361, 51.18283320306665 ], [ 34.789195922727295, 51.18253061942788 ], [ 34.7896839, 51.1821236 ], [ 34.789919992559241, 51.181332873032517 ], [ 34.790040670864563, 51.18046291140292 ], [ 34.790764740696517, 51.180034228619753 ], [ 34.792916837141476, 51.179012938869498 ], [ 34.795048820535541, 51.178092497859055 ], [ 34.797040012573405, 51.17670549724415 ], [ 34.798709395797061, 51.175658914614026 ], [ 34.800760926987593, 51.175368893536877 ], [ 34.803033701737874, 51.175923714873861 ], [ 34.805527720047927, 51.176037200233957 ], [ 34.807358007678687, 51.176440701474284 ], [ 34.80828320801951, 51.176503748224086 ], [ 34.80916818225856, 51.175835448289561 ], [ 34.809067617004118, 51.174965382916575 ], [ 34.808544677681041, 51.173880930626567 ], [ 34.8087292, 51.17285420000001 ], [ 34.809127956156779, 51.172355088286139 ], [ 34.813633279555575, 51.171522789364566 ], [ 34.81409587972599, 51.170980525924726 ], [ 34.814960740914152, 51.170122980027898 ], [ 34.816127297865627, 51.169177138854096 ], [ 34.834621248156672, 51.169120387766768 ], [ 34.835103961377968, 51.169470351692659 ], [ 34.834877689555469, 51.178587394795997 ], [ 34.833746330443041, 51.180062597456534 ], [ 34.833474804256056, 51.183154696006561 ], [ 34.836702948923509, 51.183636931212121 ], [ 34.839146684606341, 51.184648663188526 ], [ 34.840685332999222, 51.185726558804269 ], [ 34.842601101096257, 51.186520781548921 ], [ 34.84441127567613, 51.187579723919058 ], [ 34.844893988897439, 51.187920093085168 ], [ 34.845919754492698, 51.188742641525387 ], [ 34.846960604876124, 51.188931731045471 ], [ 34.845844330551863, 51.191153474791513 ], [ 34.8621658, 51.198993799999982 ], [ 34.863508617493792, 51.198536457903288 ], [ 34.872453896876003, 51.191909788649426 ], [ 34.8764269, 51.191208599999989 ], [ 34.876979333325686, 51.191966511688356 ], [ 34.880147138840456, 51.194859294088459 ], [ 34.881580193716196, 51.195105077686129 ], [ 34.882937824651094, 51.195322500544961 ], [ 34.883458509320192, 51.195739997609586 ], [ 34.884431218679474, 51.195960583445924 ], [ 34.885585204974142, 51.195563555123933 ], [ 34.887078599002542, 51.195435938150986 ], [ 34.888323094026198, 51.19547847718124 ], [ 34.88988436960134, 51.195081444704819 ], [ 34.890631066615533, 51.194670228890367 ], [ 34.89422878859304, 51.194131388819621 ], [ 34.894590823509013, 51.19391868705705 ], [ 34.897102440738593, 51.193308936562488 ], [ 34.898165918304258, 51.192968607196448 ], [ 34.898595834766979, 51.19319549371977 ], [ 34.899410413327928, 51.194202289188965 ], [ 34.900625803062638, 51.195683526248587 ], [ 34.901514741277026, 51.19668373338429 ], [ 34.903528560497136, 51.197562841552283 ], [ 34.904795682703053, 51.198640435132475 ], [ 34.905361362259264, 51.19964711162585 ], [ 34.905361362259264, 51.201192529913158 ], [ 34.90502195452553, 51.201773820621206 ], [ 34.90423000314685, 51.201943953099324 ], [ 34.904026358506613, 51.202978912136373 ], [ 34.904501529333828, 51.203616888998425 ], [ 34.90588178745098, 51.20438244956901 ], [ 34.90789560667109, 51.205318117431062 ], [ 34.90824943679695, 51.205283657617713 ], [ 34.908868575507768, 51.205204704157097 ], [ 34.910746631634382, 51.205715061690711 ], [ 34.910927649092372, 51.206112002529366 ], [ 34.9118514, 51.2064639 ], [ 34.911883886272527, 51.206526635890654 ], [ 34.913416639139683, 51.206168708084164 ], [ 34.917082242663916, 51.20582847370796 ], [ 34.918336337373638, 51.205991903042289 ], [ 34.918386078626071, 51.205985631182905 ], [ 34.919933267627215, 51.205573296276398 ], [ 34.9242542, 51.2052337 ], [ 34.924311605496705, 51.205238483303191 ], [ 34.9301336, 51.2057236 ], [ 34.933667967252013, 51.207090163564907 ], [ 34.936880416821339, 51.20889782472139 ], [ 34.937989759061466, 51.209811893637294 ], [ 34.938080267790461, 51.210322200118391 ], [ 34.93909849099164, 51.211115998960032 ], [ 34.939437898725366, 51.212079879157606 ], [ 34.939324762814117, 51.212661032468063 ], [ 34.939279508449623, 51.215382433299773 ], [ 34.939534570788112, 51.216126158928738 ], [ 34.939935696734828, 51.217295821952476 ], [ 34.939686797730097, 51.217607625901444 ], [ 34.94056925783778, 51.218075327865343 ], [ 34.941089683029503, 51.218061155148362 ], [ 34.94219841495967, 51.218613887877318 ], [ 34.943918080810548, 51.218798130645581 ], [ 34.945004185558467, 51.218769785652306 ], [ 34.946316562128878, 51.218557197646433 ], [ 34.947153767872067, 51.21899654510986 ], [ 34.950998257070061, 51.218780312895497 ], [ 34.951611322775001, 51.219024889963507 ], [ 34.952720054705168, 51.219818538780288 ], [ 34.952635926538917, 51.221095638696283 ], [ 34.952222256695713, 51.221689228283154 ], [ 34.95244852851819, 51.22205768846603 ], [ 34.951566068410507, 51.223361446969392 ], [ 34.950887252943055, 51.224027483257586 ], [ 34.950570472391583, 51.224679339228643 ], [ 34.950004792835365, 51.224806875186644 ], [ 34.949982165653125, 51.225713787362942 ], [ 34.950072674382113, 51.226649021828074 ], [ 34.95079674421406, 51.227215821345609 ], [ 34.952403274153696, 51.227499218486692 ], [ 34.953263107079131, 51.228151025288454 ], [ 34.955367435028244, 51.228406077610977 ], [ 34.956611930051899, 51.228292721197704 ], [ 34.957765916346574, 51.228717806307742 ], [ 34.958897275458988, 51.228958686127193 ], [ 34.960390669487396, 51.22959630309262 ], [ 34.964169408922871, 51.230772328987413 ], [ 34.965481785493282, 51.231608280926459 ], [ 34.966975179521675, 51.231735797683875 ], [ 34.969509423933495, 51.232033335410286 ], [ 34.971704260611602, 51.232600068614346 ], [ 34.972021041163075, 51.232996777703974 ], [ 34.973310790551231, 51.232996777703974 ], [ 34.974329013752417, 51.233464323311487 ], [ 34.97575452623407, 51.233818521366395 ], [ 34.976750122252994, 51.233917696333179 ], [ 34.977519446449449, 51.234158548933934 ], [ 34.977700463907432, 51.234399400273908 ], [ 34.978944958931088, 51.234767758708131 ], [ 34.979601147216293, 51.234994439355695 ], [ 34.979691655945295, 51.235433629932203 ], [ 34.980166826772511, 51.235461964664154 ], [ 34.980081007982434, 51.235100536223023 ], [ 34.980868269422203, 51.234385232582923 ], [ 34.982044882899118, 51.233705178285483 ], [ 34.982768952731071, 51.233591834925356 ], [ 34.982678444002062, 51.232996777703946 ], [ 34.982520053726333, 51.23264257332324 ], [ 34.982067510081365, 51.23228836621589 ], [ 34.982225900357108, 51.23180664017417 ], [ 34.982814207095558, 51.231622449472482 ], [ 34.984873280680169, 51.231395752212116 ], [ 34.988833037573634, 51.230120559312589 ], [ 34.991819825630429, 51.229199564685779 ], [ 34.992543895462383, 51.229199564685779 ], [ 34.993381101205571, 51.228816992268435 ], [ 34.994376697224496, 51.228873669864264 ], [ 34.995191275785444, 51.228689467422555 ], [ 34.995575937883672, 51.228859500471863 ], [ 34.995915345617398, 51.228831161673938 ], [ 34.996684669813831, 51.229100379549642 ], [ 34.997024077547565, 51.22907204090005 ], [ 34.997643601251831, 51.229227514679543 ], [ 34.998110182295491, 51.229142887491307 ], [ 34.998766370580682, 51.229667148876757 ], [ 34.99951306759489, 51.229482949611103 ], [ 34.9999489, 51.229222099999987 ], [ 35.000580112023563, 51.229679285567492 ], [ 35.002047312006717, 51.229936361861832 ], [ 35.002499855651678, 51.230389769645129 ], [ 35.002794009020917, 51.230446445303912 ], [ 35.003088162390142, 51.230942354340854 ], [ 35.00501147288125, 51.231551606698602 ], [ 35.005549591791116, 51.231881668646302 ], [ 35.006866901825632, 51.231919987931811 ], [ 35.01010258888715, 51.231664955084476 ], [ 35.01175437319128, 51.230899848061391 ], [ 35.012320052747484, 51.230333093916528 ], [ 35.01299886821495, 51.229397934316744 ], [ 35.013564547771153, 51.228108516430581 ], [ 35.015238959257537, 51.227159141707958 ], [ 35.018044729856342, 51.225458720119569 ], [ 35.019266597697744, 51.224721851253889 ], [ 35.02017168498768, 51.22452346146671 ], [ 35.020646855814896, 51.224027483257586 ], [ 35.02141618001135, 51.223545670736698 ], [ 35.022185504207798, 51.22253951656262 ], [ 35.022502284759277, 51.221448310415056 ], [ 35.022954828404245, 51.220895611717964 ], [ 35.02383728851192, 51.220442110394721 ], [ 35.025127037900091, 51.220187013937036 ], [ 35.026507296017243, 51.219747677835066 ], [ 35.027955435681143, 51.219535094344998 ], [ 35.029267563408965, 51.21962738331041 ], [ 35.03107798683142, 51.219846883127829 ], [ 35.031983074121356, 51.219705161215593 ], [ 35.03510562527164, 51.218812303135664 ], [ 35.038069786146181, 51.217749354271028 ], [ 35.038676609825387, 51.204289318917205 ], [ 35.041774987239442, 51.205140909067644 ], [ 35.043505966681444, 51.205768223608445 ], [ 35.044167811762208, 51.206416794065539 ], [ 35.044948449549779, 51.207075987466283 ], [ 35.045898791204209, 51.207405580628539 ], [ 35.046645488218402, 51.207671379847739 ], [ 35.047375214845914, 51.207915913774542 ], [ 35.047731592966322, 51.208351818858596 ], [ 35.0480031191533, 51.208511295297527 ], [ 35.049988654395598, 51.208766456451116 ], [ 35.051006877596777, 51.208968458028423 ], [ 35.051532959584058, 51.209319300767298 ], [ 35.052092982344703, 51.209531931429389 ], [ 35.052364508531682, 51.210042241012864 ], [ 35.052754827425467, 51.210308025014612 ], [ 35.054231251067179, 51.21061633253484 ], [ 35.055283415041728, 51.210903375611949 ], [ 35.055775556255632, 51.211488087456594 ], [ 35.056827720230181, 51.213072087697817 ], [ 35.057710180337864, 51.213603619192526 ], [ 35.059033870499405, 51.213922535144135 ], [ 35.062173392036364, 51.215804094296693 ], [ 35.062614622090202, 51.216176144910655 ], [ 35.062665533250268, 51.217228500368009 ], [ 35.063581934131328, 51.218238313796846 ], [ 35.063564963744639, 51.218674121171048 ], [ 35.063106763304113, 51.218865449934555 ], [ 35.062869177890505, 51.219471319106439 ], [ 35.062377036676594, 51.219853969211897 ], [ 35.061562458115652, 51.221246363583496 ], [ 35.061358813475422, 51.22179905806918 ], [ 35.06191883623606, 51.222532430891761 ], [ 35.061613369275712, 51.223074481555223 ], [ 35.061698221209156, 51.223287048700392 ], [ 35.062258243969794, 51.223648410594272 ], [ 35.062427947836667, 51.224243588705626 ], [ 35.062699474023646, 51.224477406572291 ], [ 35.06380254915824, 51.224860015064728 ], [ 35.065041387386351, 51.225933427467446 ], [ 35.065211091253211, 51.226571086348393 ], [ 35.065771114013856, 51.227527558104704 ], [ 35.067281478428939, 51.228951601444521 ], [ 35.0690427, 51.230243399999985 ], [ 35.0747075, 51.2319632 ], [ 35.0849051, 51.230337799999987 ], [ 35.1051432, 51.232775599999989 ], [ 35.113933071429564, 51.231045077687384 ], [ 35.1176099, 51.229647 ], [ 35.1197383, 51.2314849 ], [ 35.136333981855465, 51.22703869724613 ], [ 35.150229218659973, 51.223354493136085 ], [ 41.101522284398534, 50.859491016384389 ], [ 42.039993613809045, 46.429523747824454 ], [ 35.253203, 46.248701 ], [ 34.899239629992898, 47.401770481671178 ], [ 34.957751590433546, 47.390022390458007 ], [ 34.983549741101385, 47.396378438045318 ], [ 35.02882, 47.418144 ], [ 35.062432, 47.448694 ], [ 35.135375773924167, 47.447041980733594 ], [ 35.135469318746274, 47.446926661977756 ], [ 35.13572078986423, 47.446616657257039 ], [ 35.135729701331961, 47.446611147212558 ], [ 35.136119021480532, 47.446539341282637 ], [ 35.136295985184418, 47.446596786034412 ], [ 35.136869347585048, 47.446558489540188 ], [ 35.137527652563534, 47.446491470608215 ], [ 35.137987758193653, 47.446534554217152 ], [ 35.138458481646019, 47.446376580811886 ], [ 35.139159257913427, 47.446192277906135 ], [ 35.139527342417537, 47.446072600348792 ], [ 35.139966212403188, 47.445986432338898 ], [ 35.140242275781269, 47.446039090583938 ], [ 35.140305982714672, 47.44613483271258 ], [ 35.140268820336857, 47.446249723036942 ], [ 35.14032721835914, 47.44634307124069 ], [ 35.140640444115036, 47.446332300302572 ], [ 35.141235042160119, 47.446238952079682 ], [ 35.141994216449831, 47.44599121945425 ], [ 35.142307442205727, 47.44576861812898 ], [ 35.142286206561259, 47.44547779884924 ], [ 35.14255696102822, 47.44542753362559 ], [ 35.142838333317407, 47.44551729291986 ], [ 35.143406386806909, 47.445467027733926 ], [ 35.144011602674233, 47.445327003034173 ], [ 35.144277048230073, 47.445337774178164 ], [ 35.144431006652461, 47.445107989294797 ], [ 35.144813248252873, 47.444957192419594 ], [ 35.145158327475457, 47.444932059565033 ], [ 35.145705145320491, 47.445000277285203 ], [ 35.145896266120701, 47.444950011605236 ], [ 35.14634752356563, 47.44466995908045 ], [ 35.146825325566148, 47.444519160949554 ], [ 35.147462394900174, 47.444375543280131 ], [ 35.149171864279793, 47.444210382475553 ], [ 35.150180557391984, 47.444160116040791 ], [ 35.150987511881759, 47.444246287042397 ], [ 35.152001513905077, 47.444415038178306 ], [ 35.152394373327724, 47.444504799200239 ], [ 35.152994280283927, 47.444537113130657 ], [ 35.153073913950678, 47.444569427041216 ], [ 35.153063296128444, 47.444734586718489 ], [ 35.153190709995251, 47.444792033441225 ], [ 35.153535789217834, 47.444684320784646 ], [ 35.153710983284704, 47.444713044181306 ], [ 35.153705674373583, 47.4448351184421 ], [ 35.153795925862575, 47.444871022582532 ], [ 35.153960502107196, 47.444849480101205 ], [ 35.154252492218617, 47.444652006944672 ], [ 35.154655969463491, 47.444461713928824 ], [ 35.154905488285991, 47.444321686552996 ], [ 35.155314274441977, 47.444292962942654 ], [ 35.155707133864624, 47.444332457902831 ], [ 35.156349512109763, 47.444411447734247 ], [ 35.156498161621045, 47.444555065305636 ], [ 35.156434454687641, 47.444713044181306 ], [ 35.156583104198901, 47.444720225028014 ], [ 35.156917565599272, 47.444666368653785 ], [ 35.15720424679958, 47.444745357983791 ], [ 35.157453765622073, 47.444723815450999 ], [ 35.157570561666645, 47.444684320784646 ], [ 35.15760241513334, 47.444565836607673 ], [ 35.157613032955581, 47.444325277003188 ], [ 35.157692666622332, 47.444081125831993 ], [ 35.157889096333641, 47.443901602189072 ], [ 35.158266029022954, 47.443793887709241 ], [ 35.158865935979144, 47.443793887709241 ], [ 35.159402136001951, 47.443783116249122 ], [ 35.159837466713526, 47.443876468830176 ], [ 35.160182545936117, 47.443959049821459 ], [ 35.160272797425108, 47.444134982805402 ], [ 35.160352431091866, 47.444239106130979 ], [ 35.160729363781151, 47.44426782977073 ], [ 35.161361124204063, 47.444145754193464 ], [ 35.161727439071122, 47.444178068344428 ], [ 35.162045973738131, 47.444106259093111 ], [ 35.162391052960729, 47.443955459346277 ], [ 35.162667116338802, 47.44392673553596 ], [ 35.163505924295272, 47.443923145058569 ], [ 35.164148302540404, 47.443959049821459 ], [ 35.164610177807567, 47.443862106905407 ], [ 35.164886241185648, 47.443912373624919 ], [ 35.165523310519674, 47.44393391649001 ], [ 35.166043583809113, 47.44399854503235 ], [ 35.166940789787866, 47.443951868870847 ], [ 35.167710581899804, 47.444084716298597 ], [ 35.168199001722556, 47.443898011709962 ], [ 35.168549389856274, 47.443628725078469 ], [ 35.168921013634446, 47.443567686583691 ], [ 35.169435978012785, 47.443582048588844 ], [ 35.169807601790971, 47.44365026805972 ], [ 35.170487142413918, 47.443851335459279 ], [ 35.171028651347839, 47.443819021107601 ], [ 35.171840914748714, 47.44388005931075 ], [ 35.172111669215674, 47.443984183140905 ], [ 35.172929241527662, 47.444109849558004 ], [ 35.173943243550973, 47.44426782977073 ], [ 35.174495370307135, 47.444289372490253 ], [ 35.175174910930089, 47.444440171279886 ], [ 35.175780126797413, 47.444562246173916 ], [ 35.176311017909093, 47.444695092060229 ], [ 35.176544609998231, 47.444853070515379 ], [ 35.176693259509506, 47.444874612995228 ], [ 35.17684190902078, 47.444953602012532 ], [ 35.176810055554071, 47.445097218103776 ], [ 35.177022411998749, 47.445118760483645 ], [ 35.17804172293318, 47.444910517108724 ], [ 35.178923002178571, 47.444853070515393 ], [ 35.179284008134523, 47.444630464373667 ], [ 35.179963548757478, 47.444242696586826 ], [ 35.180770503247238, 47.444142163731037 ], [ 35.181577457736999, 47.444228334762045 ], [ 35.182426883515696, 47.444336048352284 ], [ 35.183584226139168, 47.444300143846711 ], [ 35.184019556850735, 47.444379133726642 ], [ 35.18455044796243, 47.444357591043868 ], [ 35.185028249962947, 47.444213972933333 ], [ 35.185824586630474, 47.444235515674919 ], [ 35.186589069831278, 47.444333654719351 ], [ 35.187148275135591, 47.444338441985138 ], [ 35.187544673832321, 47.44414695101424 ], [ 35.18835870687024, 47.44407514172044 ], [ 35.190220365035209, 47.443783116249143 ], [ 35.191204283228863, 47.443921948232735 ], [ 35.192513814637692, 47.443960246646476 ], [ 35.193115491230927, 47.4441182273085 ], [ 35.193568518312894, 47.444280994767048 ], [ 35.194495808121296, 47.444357591043882 ], [ 35.195500961959425, 47.444218760210006 ], [ 35.196718472242225, 47.443926735535975 ], [ 35.197815647206376, 47.443888437097833 ], [ 35.19892697926683, 47.443797478195478 ], [ 35.199323377963559, 47.443917160929054 ], [ 35.200038311327276, 47.443969821245567 ], [ 35.200675380661309, 47.444003332328634 ], [ 35.201008072424628, 47.444132589163338 ], [ 35.201645141758654, 47.444271420224609 ], [ 35.201892890944109, 47.444252271134495 ], [ 35.202586588663365, 47.444434187209183 ], [ 35.203492642827314, 47.444764506894423 ], [ 35.20405184813162, 47.444845889686817 ], [ 35.205000373584497, 47.445176206786833 ], [ 35.205028687777116, 47.44531503509382 ], [ 35.205552500340652, 47.445310247916908 ], [ 35.205835642266877, 47.445439501540321 ], [ 35.206125862741274, 47.445511308971653 ], [ 35.206593046919551, 47.44571236925789 ], [ 35.206862031749459, 47.445913428775604 ], [ 35.207541572372413, 47.446320332590922 ], [ 35.207973363809927, 47.446669788649267 ], [ 35.208497176373456, 47.446875631542298 ], [ 35.209360759248462, 47.446487880305874 ], [ 35.209424466181858, 47.44635862925854 ], [ 35.209714686656255, 47.446286822983886 ], [ 35.209969514389854, 47.446291610071931 ], [ 35.21041546292367, 47.446478306165112 ], [ 35.21073399759068, 47.446775103718437 ], [ 35.211165789028186, 47.446961798095558 ], [ 35.211696680139866, 47.447091047660763 ], [ 35.212015214806875, 47.447076686613642 ], [ 35.212482398985166, 47.447215509904865 ], [ 35.212892954778191, 47.447502729344194 ], [ 35.213218567993366, 47.447636764545798 ], [ 35.21408922941653, 47.447938342500613 ], [ 35.214556413594806, 47.448153754266819 ], [ 35.215412917921661, 47.44879041055227 ], [ 35.215667745655274, 47.449001031987834 ], [ 35.216474700145028, 47.449345683426721 ], [ 35.217232104797702, 47.44971905327025 ], [ 35.21746569688684, 47.44999189878741 ], [ 35.21830096556922, 47.450350903890303 ], [ 35.219277805214723, 47.450690759796366 ], [ 35.220091838252635, 47.451025826849573 ], [ 35.220828007260842, 47.451226866056821 ], [ 35.22170574723215, 47.451576289516943 ], [ 35.222031360447318, 47.451806046143403 ], [ 35.223071907026224, 47.452322994882934 ], [ 35.224112453605123, 47.452878230461693 ], [ 35.224254024568232, 47.453122340800554 ], [ 35.224848622613322, 47.453428673740255 ], [ 35.225237942761893, 47.453557907413987 ], [ 35.225690969843868, 47.453543548132579 ], [ 35.226363431918664, 47.453447819489739 ], [ 35.226816459000631, 47.453596198811873 ], [ 35.227425214142038, 47.453945606529629 ], [ 35.228515310558016, 47.454290225566176 ], [ 35.228862159417659, 47.454577406371463 ], [ 35.229329343595943, 47.454821508822832 ], [ 35.229739899388981, 47.455089541581877 ], [ 35.230164612278323, 47.454998602048903 ], [ 35.231028195153336, 47.455280992716162 ], [ 35.231700657228131, 47.45571175521976 ], [ 35.23231649091769, 47.455998928261742 ], [ 35.232918167510917, 47.456372250871638 ], [ 35.233534001200482, 47.456798218304378 ], [ 35.233965792637981, 47.456994449331489 ], [ 35.235339030980207, 47.457966021432533 ], [ 35.236273399336767, 47.458540341325275 ], [ 35.236761819159526, 47.458918431830277 ], [ 35.237257317530421, 47.459124226785221 ], [ 35.23759000929374, 47.459626745964677 ], [ 35.238984483280426, 47.460114902854173 ], [ 35.239706495192323, 47.460449909861637 ], [ 35.240138286629822, 47.46088063002032 ], [ 35.241561074809141, 47.461407060977734 ], [ 35.242233536883944, 47.461842558967398 ], [ 35.242785663640099, 47.461832987621783 ], [ 35.243210376529433, 47.462000485918487 ], [ 35.243748346189278, 47.462373765916979 ], [ 35.244357101330678, 47.462981536653835 ], [ 35.244838442605271, 47.462895396346838 ], [ 35.245213605657526, 47.462928895371888 ], [ 35.245687868383968, 47.462785327971403 ], [ 35.246013481599128, 47.462909753074463 ], [ 35.246785043348112, 47.463507946574097 ], [ 35.247188520592992, 47.463651512001128 ], [ 35.247754804445442, 47.464034351223091 ], [ 35.248851979409601, 47.464546394324138 ], [ 35.249581069869642, 47.465015364003285 ], [ 35.250048254047933, 47.465063217816933 ], [ 35.250331395974158, 47.465350339783988 ], [ 35.251067564982364, 47.465742737269331 ], [ 35.252030247531543, 47.466249978458492 ], [ 35.252528891923838, 47.466586009758359 ], [ 35.252893830406535, 47.467062404881645 ], [ 35.253963477683406, 47.467470740122195 ], [ 35.254479425193431, 47.467411191430521 ], [ 35.254743690991248, 47.467428205349314 ], [ 35.254919868189788, 47.467623865019569 ], [ 35.255133797645165, 47.467657892713952 ], [ 35.255498736127869, 47.467853551529203 ], [ 35.255549072470295, 47.4679896615798 ], [ 35.256153108579603, 47.468491564345193 ], [ 35.256467710719853, 47.468517084696742 ], [ 35.256807481031338, 47.468389482815056 ], [ 35.257147251342801, 47.468466043981245 ], [ 35.257461853483072, 47.46867871330214 ], [ 35.258078473677969, 47.469121062733237 ], [ 35.258720262044093, 47.469546395213797 ], [ 35.260582706714423, 47.470924448808169 ], [ 35.260960229282716, 47.471409310923946 ], [ 35.26124966325176, 47.471724043587301 ], [ 35.26123707916615, 47.47192819349624 ], [ 35.261513929049578, 47.472047280576895 ], [ 35.261954372045928, 47.472038774365799 ], [ 35.262143133330092, 47.472225910691897 ], [ 35.262294142357412, 47.47226844158218 ], [ 35.262520655898399, 47.472421552502155 ], [ 35.262709417182556, 47.472464083234087 ], [ 35.263011435237196, 47.472642711932373 ], [ 35.26341412597673, 47.472676736377494 ], [ 35.263640639517718, 47.472872376509414 ], [ 35.26385456897308, 47.473119052159397 ], [ 35.264030746171635, 47.473161582326838 ], [ 35.264508941424822, 47.473076521957516 ], [ 35.265138145705336, 47.473238136541518 ], [ 35.26579251815707, 47.473340208654271 ], [ 35.266434306523195, 47.473357220653781 ], [ 35.266925085861999, 47.473238136541518 ], [ 35.267529121971286, 47.473272160601127 ], [ 35.26814574216619, 47.473255148574076 ], [ 35.268850450960372, 47.473093534042398 ], [ 35.269165053100629, 47.473110546121774 ], [ 35.269504823412106, 47.472991461450512 ], [ 35.269769089209923, 47.472838352190962 ], [ 35.27015919586384, 47.472761797393908 ], [ 35.27031020489116, 47.472659724157673 ], [ 35.270423461661657, 47.47240454019974 ], [ 35.27039829349043, 47.471809106145734 ], [ 35.27037312531921, 47.471154120894312 ], [ 35.270549302517757, 47.470728801424613 ], [ 35.270347957147997, 47.470524646856553 ], [ 35.27032278897677, 47.470337504472504 ], [ 35.270410877576047, 47.470107828817689 ], [ 35.270423461661643, 47.469750553581832 ], [ 35.27049896617531, 47.469614448091264 ], [ 35.270712895630695, 47.469333729403758 ], [ 35.270423461661643, 47.469001969021868 ], [ 35.270096275435776, 47.468755274047012 ], [ 35.269869761894803, 47.468500071130421 ], [ 35.269769089209909, 47.468074730182444 ], [ 35.269416734812829, 47.467181502987827 ], [ 35.269416734812829, 47.466798686686218 ], [ 35.2692499956785, 47.466694475099104 ], [ 35.268822136767753, 47.465894803799955 ], [ 35.268809552682129, 47.465197208263376 ], [ 35.268532702798709, 47.46432094709359 ], [ 35.268494950541879, 47.463597807942847 ], [ 35.268243268829679, 47.462798089533976 ], [ 35.267966418946244, 47.462313147977845 ], [ 35.26732463058012, 47.461462362509721 ], [ 35.266997444354253, 47.460756200114702 ], [ 35.26694710801182, 47.460364828919118 ], [ 35.266934523926203, 47.460024503772154 ], [ 35.2667960989845, 47.459420421210815 ], [ 35.26669542629962, 47.458952465160081 ], [ 35.266204646960816, 47.458093116838242 ], [ 35.265952965248616, 47.457557080574134 ], [ 35.265764203964459, 47.456842357054548 ], [ 35.265839708478111, 47.456467974190858 ], [ 35.266141726532766, 47.456170167736666 ], [ 35.266192062875206, 47.455906394897283 ], [ 35.266091390190326, 47.455719200466611 ], [ 35.266116558361553, 47.455532005369541 ], [ 35.266267567388866, 47.455242702545107 ], [ 35.266091390190326, 47.455038487828375 ], [ 35.266280151474483, 47.454868308291942 ], [ 35.266116558361553, 47.45461303795463 ], [ 35.266116558361546, 47.454289693748443 ], [ 35.268369109685793, 47.453889765269444 ], [ 35.268595623226759, 47.452953750556908 ], [ 35.270495820153918, 47.450809363140273 ], [ 35.270885926807843, 47.450485995546352 ], [ 35.27152771517396, 47.450366859615841 ], [ 35.272350140418446, 47.450241386939396 ], [ 35.273591505214036, 47.450051999071761 ], [ 35.273503416614766, 47.450766814886258 ], [ 35.272773539649364, 47.452017719184092 ], [ 35.272660282878881, 47.452681452239531 ], [ 35.272584778365214, 47.452902694729801 ], [ 35.272534442022781, 47.453055862062435 ], [ 35.272723203306931, 47.453226047464362 ], [ 35.272635114707654, 47.45334517691802 ], [ 35.272622530622051, 47.453447287663494 ], [ 35.272823875991818, 47.453779146217009 ], [ 35.272698035135718, 47.453991874957495 ], [ 35.272735787392541, 47.454349257304251 ], [ 35.272408601166674, 47.454476893268058 ], [ 35.272207255796914, 47.454630056015674 ], [ 35.272169503540084, 47.454842781313978 ], [ 35.272232423968134, 47.455157613176191 ], [ 35.272509273851547, 47.455310773941108 ], [ 35.272685451050101, 47.455625603001387 ], [ 35.272836460077421, 47.455642620734736 ], [ 35.272987469104748, 47.455574549768315 ], [ 35.273125894046466, 47.455438407571108 ], [ 35.273390159844276, 47.45535331851886 ], [ 35.273616673385256, 47.455361827430288 ], [ 35.273729930155753, 47.45548946093637 ], [ 35.273704761984533, 47.45574472701913 ], [ 35.273478248443539, 47.456212711619109 ], [ 35.273578921128433, 47.456527535279299 ], [ 35.273402743929886, 47.456799813681556 ], [ 35.273251734902566, 47.456884900393121 ], [ 35.272987469104748, 47.456527535279299 ], [ 35.272710619221314, 47.456578587587117 ], [ 35.272861628248648, 47.456825339709503 ], [ 35.272698035135704, 47.45701253020232 ], [ 35.272773539649364, 47.457267788891301 ], [ 35.272974885019131, 47.457344366256358 ], [ 35.272937132762301, 47.457523046341116 ], [ 35.273251734902551, 47.458016540563669 ], [ 35.273566337042816, 47.458288811255493 ], [ 35.273893523268683, 47.458544063748604 ], [ 35.27410745272406, 47.458680197904918 ], [ 35.274535311634807, 47.459258764136905 ], [ 35.274774409261404, 47.45936937166222 ], [ 35.275038675059214, 47.459811799436622 ], [ 35.275428781713131, 47.460220191000865 ], [ 35.276636853931706, 47.461419822874909 ], [ 35.277945598835174, 47.463019289459972 ], [ 35.280525336385274, 47.4660734548264 ], [ 35.281934753973616, 47.467791876546514 ], [ 35.282563958254137, 47.468829707997642 ], [ 35.282916312651224, 47.469816479552158 ], [ 35.283067321678544, 47.470794726167831 ], [ 35.283016985336104, 47.471772954575229 ], [ 35.28263946276779, 47.473210491976872 ], [ 35.282287108370703, 47.473976028392691 ], [ 35.281607567747749, 47.475158334944751 ], [ 35.280147813816967, 47.477803543191705 ], [ 35.278927157512776, 47.480210481921823 ], [ 35.278549634944468, 47.480661239107206 ], [ 35.277945598835174, 47.482081524192594 ], [ 35.277140217356127, 47.484403224907474 ], [ 35.276360004048286, 47.486656792294831 ], [ 35.275718215682168, 47.488127936956843 ], [ 35.275265188600208, 47.489684074036774 ], [ 35.274371718521877, 47.492201006905837 ], [ 35.273985806563161, 47.493788199848616 ], [ 35.274237488275368, 47.495057919663864 ], [ 35.274791188042208, 47.496304936027272 ], [ 35.275546233178829, 47.497313863956812 ], [ 35.278029492739243, 47.500045807431647 ], [ 35.279388573985152, 47.501564751855057 ], [ 35.281032894504897, 47.503106322155944 ], [ 35.282677215024634, 47.504126454082453 ], [ 35.284187305297863, 47.50493121083629 ], [ 35.286251095337938, 47.506053315855887 ], [ 35.288734354898359, 47.507175396888542 ], [ 35.28992014150063, 47.508664916762683 ], [ 35.291071621438171, 47.509000174386685 ], [ 35.291885598635396, 47.509751143693407 ], [ 35.295677541188333, 47.510877577506385 ], [ 35.296312840464225, 47.512245357491068 ], [ 35.300104783017161, 47.51396173683986 ], [ 35.307946758453866, 47.515785328388411 ], [ 35.315949537378096, 47.513159423953496 ], [ 35.319280108293491, 47.51428319031691 ], [ 35.321848573760342, 47.515103242544278 ], [ 35.323689823101034, 47.515644786468009 ], [ 35.325051419252134, 47.516356529910631 ], [ 35.327527048617775, 47.518166833884258 ], [ 35.328393518895751, 47.519079722212837 ], [ 35.32862560914878, 47.519899774440205 ], [ 35.328935505466099, 47.520558309886482 ], [ 35.330976357204698, 47.520799878380267 ], [ 35.333299170182151, 47.522636639060678 ], [ 35.337049638109718, 47.527992573964603 ], [ 35.337309496861174, 47.529265871660698 ], [ 35.337099582251568, 47.530331593456729 ], [ 35.330884403857439, 47.550411519614904 ], [ 35.330881034127017, 47.550423972966463 ], [ 35.330459910183954, 47.553363002781076 ], [ 35.329655144538179, 47.558124951081254 ], [ 35.329094682749158, 47.560869421224453 ], [ 35.328706670741383, 47.562517973747362 ], [ 35.328633567213139, 47.562725154727879 ], [ 35.327867367345803, 47.56444461280406 ], [ 35.327023102656248, 47.565738465600639 ], [ 35.325184935302829, 47.568402955452783 ], [ 35.324835576428164, 47.568667102369986 ], [ 35.324763025214182, 47.569014510212192 ], [ 35.32415522257228, 47.569895501949986 ], [ 35.323187395256163, 47.571162662905607 ], [ 35.322018336517893, 47.572041899428683 ], [ 35.320142215305239, 47.572970980257821 ], [ 35.308063329697909, 47.577889804503734 ], [ 35.301385413188349, 47.580633954307253 ], [ 35.299998093470897, 47.581435823793747 ], [ 35.298796102723323, 47.582228751698445 ], [ 35.297392897665574, 47.583557414777466 ], [ 35.296275270366785, 47.585045401133527 ], [ 35.295004801510714, 47.586786068380746 ], [ 35.294422109843609, 47.587733322407374 ], [ 35.292001821752109, 47.591242792496246 ], [ 35.288629289375955, 47.596109696155835 ], [ 35.295273762845817, 47.596954194226029 ], [ 35.29721589979836, 47.596997108243933 ], [ 35.298310651159362, 47.596698539690934 ], [ 35.300986710041812, 47.59073269767822 ], [ 35.302971638014533, 47.590362251510598 ], [ 35.3041126, 47.5892719 ], [ 35.307593921538768, 47.581537892055259 ], [ 35.323255627677902, 47.577392815386204 ], [ 35.329674, 47.5785719 ], [ 35.3327835, 47.580389 ], [ 35.331196489946066, 47.58493832836966 ], [ 35.33324452563334, 47.586117034481269 ], [ 35.335418686916071, 47.587751408829682 ], [ 35.338302722919899, 47.588950959127601 ], [ 35.340794917934971, 47.58945142616335 ], [ 35.342115571706515, 47.589433564750749 ], [ 35.3482804, 47.5899744 ], [ 35.3510423, 47.5889502 ], [ 35.3534724, 47.58514 ], [ 35.3552158, 47.5799691 ], [ 35.36113801927614, 47.578553709406101 ], [ 35.362494560538209, 47.580136746824294 ], [ 35.3658037, 47.581767 ], [ 35.366390700186329, 47.585881865993358 ], [ 35.370084732573972, 47.586177320342649 ], [ 35.375179682917775, 47.585996791265238 ], [ 35.376471229429065, 47.576162597026467 ], [ 35.402343693344839, 47.566861242694308 ], [ 35.403023858038608, 47.558208184699446 ], [ 35.410329207383199, 47.537475842516898 ], [ 35.427541847139217, 47.542863565574734 ], [ 35.449499378362006, 47.542555327695446 ], [ 35.471178966151591, 47.543158400111288 ], [ 35.487001888741602, 47.551305898427991 ], [ 35.506565618911196, 47.54677601748341 ], [ 35.526588974870201, 47.548438337860738 ], [ 35.537547887379212, 47.547071501442964 ], [ 35.539645469231338, 47.544469219120998 ], [ 35.547136935824604, 47.543935683213753 ], [ 35.54729394665452, 47.542451855690274 ], [ 35.571675370355656, 47.545570620397811 ], [ 35.590099049356333, 47.540354054502316 ], [ 35.600680752920297, 47.53442992575421 ], [ 35.608443315947518, 47.52381307060115 ], [ 35.621566216615008, 47.51568141219046 ], [ 35.629487604461211, 47.517089291572724 ], [ 35.651891830487372, 47.514065656443435 ], [ 35.661123523090083, 47.508574396837076 ], [ 35.678028439759352, 47.515728342111842 ], [ 35.707482754857146, 47.519178102394172 ], [ 35.714527489172973, 47.515548632176376 ], [ 35.71743684796661, 47.515580847932 ], [ 35.733580522241695, 47.505194874570634 ], [ 35.739126362307367, 47.50686454669485 ], [ 35.744655451317811, 47.503310562321822 ], [ 35.758473210568312, 47.495088536762459 ], [ 35.795391915656026, 47.480377388760843 ], [ 35.806506240732027, 47.478849021024615 ], [ 35.826984405623378, 47.478730146114977 ], [ 35.839396937471626, 47.480835890411996 ], [ 35.856667275306364, 47.486530034254685 ], [ 35.871664877571305, 47.474688200691006 ], [ 35.878883362166874, 47.472505819804148 ], [ 35.883334955066708, 47.474139104559491 ], [ 35.898863183168359, 47.474909023615531 ], [ 35.901091073500105, 47.480218893432244 ], [ 35.916267529444113, 47.495562419600518 ], [ 35.932323415782243, 47.500508067594431 ], [ 35.936682646696148, 47.526569455865037 ], [ 35.940380673297682, 47.529154232332445 ], [ 35.943462867440843, 47.530353138319683 ], [ 35.958373580465214, 47.52092752735232 ], [ 35.968053416365656, 47.523012236968903 ], [ 35.971085357343433, 47.521926284521179 ], [ 35.972944724462401, 47.5199013756516 ], [ 35.990472304193226, 47.517330707557967 ], [ 35.992224497836844, 47.523321846197028 ], [ 35.994587967691722, 47.525918951220589 ], [ 35.997808243441995, 47.525742936148525 ], [ 35.9987761, 47.5257009 ], [ 36.004763789613065, 47.522992880711961 ], [ 36.020057067003776, 47.52694014287075 ], [ 36.022653480548279, 47.526465077015082 ], [ 36.023178118081532, 47.527349362072457 ], [ 36.05146529536475, 47.529914862186395 ], [ 36.061733692156899, 47.533918590631366 ], [ 36.076323861171517, 47.548811133794366 ], [ 36.079489810590303, 47.548630232307659 ], [ 36.083000220601342, 47.555765588648313 ], [ 36.087248987750058, 47.556002739449042 ], [ 36.086630388705991, 47.562975628597627 ], [ 36.082084781206916, 47.569217609073924 ], [ 36.082013948510173, 47.570811344750702 ], [ 36.089646171584519, 47.578939396702268 ], [ 36.112418883588262, 47.582321657971868 ], [ 36.115106740786551, 47.582043639362965 ], [ 36.119480573114117, 47.581560592613947 ], [ 36.124592003860734, 47.589902678859971 ], [ 36.148233586949971, 47.600275490592303 ], [ 36.154461660573155, 47.606781995742168 ], [ 36.15747025522208, 47.606069872307707 ], [ 36.166917200882288, 47.607927336277761 ], [ 36.175101779363686, 47.612020011258089 ], [ 36.176379967015556, 47.622876139800653 ], [ 36.178716375142002, 47.632744484225356 ], [ 36.1827927, 47.6331433 ], [ 36.198156717568153, 47.640039370357776 ], [ 36.198263728627381, 47.643620342057204 ], [ 36.206931624424733, 47.649616117511421 ], [ 36.210855363263043, 47.650433123807161 ], [ 36.213316617625253, 47.651946954632201 ], [ 36.217044169521643, 47.653136362353486 ], [ 36.220629040005726, 47.655142675603429 ], [ 36.221696758401535, 47.658158004726154 ], [ 36.220632321823508, 47.660308524949293 ], [ 36.234558031079558, 47.664381138033605 ], [ 36.2393974, 47.6658125 ], [ 36.241753667880907, 47.665658762296047 ], [ 36.246578808409069, 47.668256689194486 ], [ 36.241915009554454, 47.670314891505917 ], [ 36.236178318005571, 47.67169432496997 ], [ 36.227814134144239, 47.671606741892887 ], [ 36.222055546826091, 47.675022481899092 ], [ 36.217763976049085, 47.678700971136529 ], [ 36.212202450654381, 47.688707337693131 ], [ 36.214532747775493, 47.700592388285564 ], [ 36.216030392438917, 47.703109497169976 ], [ 36.205309606666752, 47.711440876093661 ], [ 36.19964691335889, 47.723258710761144 ], [ 36.196737843463488, 47.7366121771284 ], [ 36.198136861810134, 47.747035657776003 ], [ 36.19560530480193, 47.751925611664404 ], [ 36.191830175930022, 47.761308556905483 ], [ 36.197181976271963, 47.761845953608194 ], [ 36.209884174593888, 47.76199522948486 ], [ 36.224540557273059, 47.763368547452473 ], [ 36.24143981063493, 47.764965730354987 ], [ 36.254277005767726, 47.763962981742985 ], [ 36.250005824110445, 47.786703426582719 ], [ 36.250338986953196, 47.786656906925003 ], [ 36.265192772465035, 47.786059769819005 ], [ 36.272410445783017, 47.784498995972328 ], [ 36.282257061293443, 47.781547495779371 ], [ 36.29519196631518, 47.779099064152526 ], [ 36.308767991188382, 47.778307512870064 ], [ 36.321972579110785, 47.787213418116941 ], [ 36.335193334459511, 47.790749045269216 ], [ 36.334724081528009, 47.79437444306464 ], [ 36.328781548006731, 47.79381218817278 ], [ 36.326328674034684, 47.804152781172043 ], [ 36.33006190269532, 47.810141274067512 ], [ 36.337243715016022, 47.816315881001799 ], [ 36.347589465996322, 47.82110010658738 ], [ 36.35663225752706, 47.82253712034008 ], [ 36.366611829615032, 47.8241930552093 ], [ 36.378027522209038, 47.824376233845271 ], [ 36.390432379437328, 47.820426902453633 ], [ 36.400382642943541, 47.816587478243576 ], [ 36.415271402475661, 47.818228758821931 ], [ 36.41506624240337, 47.819723496491491 ], [ 36.423360571040362, 47.819445064964825 ], [ 36.446177301937524, 47.822756934703271 ], [ 36.447397480989444, 47.822490206360129 ], [ 36.480847117776648, 47.824504898708888 ], [ 36.477726970655603, 47.836241031037893 ], [ 36.488625012226834, 47.837580260430791 ], [ 36.499447573771953, 47.844145403744548 ], [ 36.504855828781785, 47.84664152144137 ], [ 36.502228336469329, 47.859253484541171 ], [ 36.502964107604768, 47.866281275618064 ], [ 36.509782376867655, 47.874985594762052 ], [ 36.520020597899212, 47.878050936941428 ], [ 36.53279483037096, 47.878554605153134 ], [ 36.539626310383355, 47.881050722849949 ], [ 36.541327852652316, 47.888481724655769 ], [ 36.542877832120013, 47.9063731800113 ], [ 36.552098516404243, 47.911100327261714 ], [ 36.558016397862907, 47.912681180636085 ], [ 36.565318719536556, 47.906527338020382 ], [ 36.572790375124079, 47.912998057930423 ], [ 36.567734380260283, 47.926757465851743 ], [ 36.566336175323556, 47.92933774162929 ], [ 36.568811685703331, 47.932148252691093 ], [ 36.568636822921235, 47.933003370836438 ], [ 36.570455661234, 47.932880484520886 ], [ 36.569487866779284, 47.931971640373369 ], [ 36.576066306399646, 47.922909851287756 ], [ 36.577693725260424, 47.92111266379402 ], [ 36.580398449564257, 47.924107941596766 ], [ 36.580272381906028, 47.925620874967855 ], [ 36.582977106209853, 47.929053610425314 ], [ 36.590872468469719, 47.93448183693534 ], [ 36.590872468469698, 47.934481836935348 ], [ 36.590872468469719, 47.934481836935355 ], [ 36.598026607041888, 47.944509240086177 ], [ 36.605971494809872, 47.948146016174192 ], [ 36.607398593960561, 47.950595388185022 ], [ 36.604683795433878, 47.959092554795355 ], [ 36.609417815024173, 47.960724705209259 ], [ 36.620808532509749, 47.968194803099131 ], [ 36.624520021923686, 47.970648038244761 ], [ 36.632534271097839, 47.971469640496174 ], [ 36.636973300706188, 47.981147141321962 ], [ 36.634460642437304, 47.989937180357607 ], [ 36.634699896356466, 47.99325355282302 ], [ 36.636051992674254, 48.011995377469425 ], [ 36.635593106624441, 48.024397472866042 ], [ 36.640273258565983, 48.025989818582545 ], [ 36.640407267006992, 48.029888313675919 ], [ 36.632601275318336, 48.055557242211286 ], [ 36.637660093966353, 48.058983277928739 ], [ 36.648420534337724, 48.064699350843092 ], [ 36.648859333560743, 48.067833949471115 ], [ 36.652959, 48.067573 ], [ 36.658364398101902, 48.078236491499837 ], [ 36.661982626009085, 48.084481044845155 ], [ 36.681681866837089, 48.086584773820888 ], [ 36.683943259279083, 48.085532920088589 ], [ 36.687728997737501, 48.086674292294184 ], [ 36.693290348039291, 48.086226698369572 ], [ 36.697310601269493, 48.084771991213515 ], [ 36.69843626511269, 48.085156667166054 ], [ 36.715464551113008, 48.085347172947472 ], [ 36.71474649085998, 48.085032105693593 ], [ 36.714270226406448, 48.084475242640231 ], [ 36.71421160924293, 48.084116212513713 ], [ 36.71443875075154, 48.082606820553274 ], [ 36.713718292309352, 48.081865751006973 ], [ 36.713537511862555, 48.080650472721047 ], [ 36.713538555299309, 48.079824610655329 ], [ 36.714199533516073, 48.079785729583755 ], [ 36.723846805495263, 48.078093298962827 ], [ 36.723328553560492, 48.08009857102968 ], [ 36.725431496988584, 48.082653755672794 ], [ 36.7266840357915, 48.083289707851655 ], [ 36.727387258001073, 48.083170900411567 ], [ 36.728109217774943, 48.082880790900369 ], [ 36.7268073, 48.080638 ], [ 36.727316231768341, 48.078737143095253 ], [ 36.731207682337505, 48.075916936757814 ], [ 36.744291, 48.0771528 ], [ 36.773033547636025, 48.073668719404019 ], [ 36.80027796455262, 48.062144431365525 ], [ 36.816478988229981, 48.064952849402054 ], [ 36.839303142947138, 48.077779575235709 ], [ 36.848281962420096, 48.079652987290508 ], [ 36.868445848292808, 48.083489907375522 ], [ 36.875156553540648, 48.088475818449758 ], [ 36.89324769307656, 48.091463303471002 ], [ 36.900986680544712, 48.095837921556701 ], [ 36.913851490881363, 48.100044364389177 ], [ 36.913439653862014, 48.101738995555579 ], [ 36.904370393680146, 48.103713533458532 ], [ 36.903130815600832, 48.113936604597228 ], [ 36.915669465223147, 48.114872263825958 ], [ 36.912641334551786, 48.128449318905844 ], [ 36.90681227374894, 48.132731345519495 ], [ 36.904532, 48.134801 ], [ 36.90663, 48.139399 ], [ 36.901639971694649, 48.143509417933394 ], [ 36.900500899946088, 48.148829598278923 ], [ 36.904768732040488, 48.17382821583071 ], [ 36.915727609055502, 48.171065556854003 ], [ 36.921272208302163, 48.184793402617878 ], [ 36.929882250636837, 48.186669665525031 ], [ 36.93243447098893, 48.192839484586791 ], [ 36.930140503682793, 48.198775508654229 ], [ 36.928715441973971, 48.20988910118794 ], [ 36.93028427595987, 48.222305611306531 ], [ 36.954176676347878, 48.235631500981917 ], [ 36.960775358140069, 48.235207489300493 ], [ 36.966755689563513, 48.236470690768023 ], [ 36.96727014115465, 48.237462555841191 ], [ 36.972128411664222, 48.237247018002705 ], [ 36.974574395273713, 48.239927960274848 ], [ 36.981810521526974, 48.242535163568036 ], [ 36.984043928310058, 48.243390360175219 ], [ 36.980942163312513, 48.257582093437179 ], [ 36.983492385884254, 48.258640921831784 ], [ 36.9874519, 48.2591455 ], [ 36.988616069148996, 48.262870094762583 ], [ 36.99449249802543, 48.263357896568905 ], [ 37.000397732925776, 48.262298389914683 ], [ 37.0030738, 48.2609053 ], [ 37.00613103955272, 48.261067447210849 ], [ 37.008301215308521, 48.260915608365387 ], [ 37.0117887309151, 48.259731250622835 ], [ 37.012571371442228, 48.258607589521418 ], [ 37.014158185316482, 48.253259553392148 ], [ 37.01983066094391, 48.242966294126965 ], [ 37.020737103190648, 48.24326517241969 ], [ 37.020833821310859, 48.243297062975046 ], [ 37.036511443452149, 48.245390788373385 ], [ 37.045996122203576, 48.252112738264692 ], [ 37.050666020285895, 48.254739205679947 ], [ 37.051110614519452, 48.254859463546531 ], [ 37.050998801623422, 48.256148829631883 ], [ 37.05056692680283, 48.261128977419439 ], [ 37.05105504024025, 48.261500958812341 ], [ 37.05229146683601, 48.261898130283861 ], [ 37.057807315162137, 48.26939008181801 ], [ 37.055612131134033, 48.280116595272979 ], [ 37.060071967039228, 48.280588140306428 ], [ 37.069169428859873, 48.269282509220247 ], [ 37.084173443819353, 48.270415969199938 ], [ 37.106195254744797, 48.282499221881409 ], [ 37.11495028805551, 48.296610553884634 ], [ 37.105862361520202, 48.303673452923448 ], [ 37.096883990822988, 48.307467316437979 ], [ 37.092011387992734, 48.309512446704261 ], [ 37.089880248968505, 48.310277405445966 ], [ 37.086078026328451, 48.312941172276844 ], [ 37.077180105698709, 48.320089357734112 ], [ 37.079917015250643, 48.322423998806777 ], [ 37.073545782723507, 48.327047694484762 ], [ 37.064175547438779, 48.34080286995421 ], [ 37.080230148245803, 48.338376809911558 ], [ 37.09077864475676, 48.33247148381804 ], [ 37.112081672948626, 48.326648511493218 ], [ 37.121185476987215, 48.334156004605191 ], [ 37.128631525007549, 48.333530391722235 ], [ 37.14533396760222, 48.324471408165067 ], [ 37.164283634096492, 48.324254847795899 ], [ 37.174980231264946, 48.314890071459438 ], [ 37.175174752671076, 48.314719769686604 ], [ 37.170970495412845, 48.31169623559537 ], [ 37.176533996719819, 48.306628842685207 ], [ 37.177097810090352, 48.306683935373542 ], [ 37.186009368115606, 48.304920788409419 ], [ 37.199115669929164, 48.299600071849561 ], [ 37.201889831059049, 48.299154394903802 ], [ 37.202366295565227, 48.301254785975893 ], [ 37.205018001343888, 48.313259286214631 ], [ 37.204565973315241, 48.315213363471713 ], [ 37.203036965634368, 48.322074316799565 ], [ 37.205391366842072, 48.322128300970128 ], [ 37.206850299872869, 48.317064474534376 ], [ 37.207336818601341, 48.314156670785039 ], [ 37.224278565836983, 48.30911998497411 ], [ 37.237106676380186, 48.310803311696972 ], [ 37.237678413467016, 48.315065856705985 ], [ 37.247717304940863, 48.317109414463175 ], [ 37.250067, 48.3212615 ], [ 37.248852960800157, 48.324280295852382 ], [ 37.223368102048539, 48.322617490400127 ], [ 37.22000080620252, 48.32576665271187 ], [ 37.219410385244274, 48.332860773994845 ], [ 37.224720793723122, 48.341557279021636 ], [ 37.2165276, 48.3448761 ], [ 37.2155901, 48.3498063 ], [ 37.214150113302907, 48.350541811106886 ], [ 37.2138516, 48.3552134 ], [ 37.21339840956054, 48.361959919027463 ], [ 37.2332454, 48.3683148 ], [ 37.254682860684589, 48.378966549557639 ], [ 37.260153, 48.3848532 ], [ 37.252608078691502, 48.39585384718302 ], [ 37.252541074470997, 48.397655639382208 ], [ 37.26230836459623, 48.409260269921099 ], [ 37.2565519, 48.4133443 ], [ 37.252089500000018, 48.4137828 ], [ 37.2513579, 48.417267099999989 ], [ 37.254148, 48.421173 ], [ 37.2567247, 48.4217504 ], [ 37.250497445745651, 48.432144314640688 ], [ 37.256712087197343, 48.440879509763768 ], [ 37.269225125376359, 48.451635294421777 ], [ 37.274484956685868, 48.459689529671891 ], [ 37.285523902013793, 48.46267760369286 ], [ 37.294803986553504, 48.471141007229278 ], [ 37.302844493013929, 48.469541732042913 ], [ 37.303213016226685, 48.470119253896755 ], [ 37.312560104986922, 48.467453713579843 ], [ 37.344816306385908, 48.461655156793313 ], [ 37.3514275, 48.4639111 ], [ 37.3600317, 48.471961899999989 ], [ 37.365392932853872, 48.474450458296516 ], [ 37.374325109918125, 48.481077231935025 ], [ 37.374342983553689, 48.488179059799428 ], [ 37.37500029132535, 48.48909922479826 ], [ 37.379818681943057, 48.492796767484485 ], [ 37.38111203942465, 48.493006847042189 ], [ 37.383584634610052, 48.492754751468496 ], [ 37.389713611643415, 48.490832376100713 ], [ 37.39558789748007, 48.485473493144703 ], [ 37.399845500650031, 48.485054268435213 ], [ 37.410303907629107, 48.484141637799105 ], [ 37.44382194055418, 48.484670448138324 ], [ 37.446482387737532, 48.490364049659284 ], [ 37.449344433444999, 48.486687092656815 ], [ 37.459465144574473, 48.480069704610621 ], [ 37.464102141923355, 48.470575958891899 ], [ 37.470239462310516, 48.465573787677293 ], [ 37.471476210344775, 48.461438411437761 ], [ 37.473517578194517, 48.460435634248405 ], [ 37.475968020011109, 48.459427039080261 ], [ 37.484978364362753, 48.454379335464665 ], [ 37.486627207414159, 48.451275356059078 ], [ 37.507228004047604, 48.445423092398435 ], [ 37.524939949800149, 48.445573987688384 ], [ 37.545768294449033, 48.448102137066741 ], [ 37.558298083683177, 48.451924158051327 ], [ 37.572603484760656, 48.44893545104776 ], [ 37.58362567903346, 48.449457654172988 ], [ 37.586925636893248, 48.447557697880541 ], [ 37.598986396583875, 48.445724339334717 ], [ 37.608568000115852, 48.442268556320222 ], [ 37.611549687928253, 48.441601818713622 ], [ 37.639216953631646, 48.451129895538138 ], [ 37.639113941381659, 48.452428321106943 ], [ 37.639319769040625, 48.454843204295315 ], [ 37.670141874519999, 48.465859438568422 ], [ 37.681026434257035, 48.471943790222447 ], [ 37.687821515892772, 48.476858639616786 ], [ 37.689264252017402, 48.477046756400227 ], [ 37.693175805894718, 48.476067384033371 ], [ 37.69493867615504, 48.476435390619713 ], [ 37.695461008084031, 48.475598472415307 ], [ 37.695555977525672, 48.471301105181347 ], [ 37.694167049441766, 48.469775658525108 ], [ 37.693590801921516, 48.469332946165366 ], [ 37.700782434027559, 48.46364036481954 ], [ 37.714983837555643, 48.460971959633092 ], [ 37.723976497699134, 48.461877854143864 ], [ 37.732438878129003, 48.451294354859478 ], [ 37.736826224848834, 48.451323439123087 ], [ 37.747662324907516, 48.451896443284312 ], [ 37.749242116554349, 48.451598160945402 ], [ 37.777341837776987, 48.442119930490819 ], [ 37.783803062488701, 48.443248104935492 ], [ 37.783516489689305, 48.444915437586509 ], [ 37.783803062488701, 48.446374353656154 ], [ 37.785535525321393, 48.451063726737139 ], [ 37.785783020011777, 48.452770137497168 ], [ 37.785600655503075, 48.454098793203443 ], [ 37.784545546559855, 48.456104802799203 ], [ 37.783177812744569, 48.457628849050522 ], [ 37.781562584238898, 48.458696984030084 ], [ 37.777550565047385, 48.460325238572089 ], [ 37.780317429026297, 48.466275310306678 ], [ 37.776110702491785, 48.472374335974358 ], [ 37.779395568803373, 48.473684740864151 ], [ 37.797600305094775, 48.460149610004677 ], [ 37.798345450630663, 48.46051964427101 ], [ 37.806342867738195, 48.463479621861289 ], [ 37.809552433568193, 48.466002158908481 ], [ 37.816916530136105, 48.47260361859378 ], [ 37.801052419177068, 48.479273480918749 ], [ 37.79816169879021, 48.480609198012679 ], [ 37.790155655540488, 48.48496679837298 ], [ 37.787808151981075, 48.486194683132922 ], [ 37.786566228883245, 48.489072684703039 ], [ 37.7837434, 48.496752 ], [ 37.7878485, 48.5045855 ], [ 37.814505164483258, 48.507080964188802 ], [ 37.815510622807281, 48.507436406228429 ], [ 37.818934805061268, 48.507697491186512 ], [ 37.823073173454105, 48.507731614943111 ], [ 37.821986527529702, 48.514221011433428 ], [ 37.817937836532472, 48.516702467205931 ], [ 37.814193885717827, 48.522478019237823 ], [ 37.815964281064289, 48.525220680881105 ], [ 37.809818822111581, 48.530032158561667 ], [ 37.808486862904275, 48.531725370166065 ], [ 37.794906896569273, 48.536368166753292 ], [ 37.804985988094799, 48.539605820171303 ], [ 37.809227675114663, 48.541136367646224 ], [ 37.824030560135405, 48.546348084264672 ], [ 37.8361527, 48.5524221 ], [ 37.828644924208795, 48.561907609426918 ], [ 37.833487078175757, 48.564669114874441 ], [ 37.831878170048462, 48.566984683609071 ], [ 37.8342009, 48.5683928 ], [ 37.833900909261047, 48.570245371768472 ], [ 37.83311810297667, 48.572792062067897 ], [ 37.837498090520185, 48.575720905633965 ], [ 37.837479452275332, 48.576257328071861 ], [ 37.837097368255563, 48.578088520410176 ], [ 37.8344, 48.578295 ], [ 37.832281, 48.580757 ], [ 37.82695965611051, 48.583772510798632 ], [ 37.82426139745094, 48.58552469243655 ], [ 37.825103056115395, 48.585901321678861 ], [ 37.826637845444701, 48.585704819815668 ], [ 37.826761618777709, 48.586474447749175 ], [ 37.824310906784142, 48.588259284442756 ], [ 37.822677098788432, 48.588652267540354 ], [ 37.820338456510157, 48.588790215748396 ], [ 37.818144, 48.590592 ], [ 37.817543, 48.593017 ], [ 37.7844991, 48.5890699 ], [ 37.783306635134657, 48.595641263349115 ], [ 37.794454458847426, 48.597435282665231 ], [ 37.783046990306715, 48.602176544284575 ], [ 37.773741509863846, 48.600492686447424 ], [ 37.767919776265472, 48.60082504262288 ], [ 37.767127626934212, 48.6020527992533 ], [ 37.760868323398292, 48.606156225163502 ], [ 37.75850987864947, 48.615168684554945 ], [ 37.763488690943753, 48.61959827237493 ], [ 37.76532053627227, 48.619835552750096 ], [ 37.7764591, 48.619809 ], [ 37.783721269757898, 48.622150794707089 ], [ 37.786918995646445, 48.626771660443794 ], [ 37.784480648221979, 48.63261431675275 ], [ 37.790088911943904, 48.636394654714074 ], [ 37.801366212498984, 48.641995110274607 ], [ 37.803950515259793, 48.654257547165393 ], [ 37.803717792332023, 48.656525221329574 ], [ 37.805309142568973, 48.666615737492236 ], [ 37.8145389739433, 48.676051639847572 ], [ 37.823551041600993, 48.676306041823047 ], [ 37.824706864404689, 48.67847393697118 ], [ 37.834070704220032, 48.678120001278636 ], [ 37.834707244314821, 48.67847393697118 ], [ 37.835502106672642, 48.678604100409004 ], [ 37.835699215818515, 48.679419685769659 ], [ 37.838318172140305, 48.679224953168713 ], [ 37.83919683668114, 48.679016095212255 ], [ 37.851343421194194, 48.687761430098462 ], [ 37.849741719934123, 48.691722737726046 ], [ 37.842126044678501, 48.69321157605826 ], [ 37.82922844301028, 48.69689586488105 ], [ 37.829729625843349, 48.700689979524192 ], [ 37.830625965447318, 48.700621816146963 ], [ 37.830781262315647, 48.697580003564632 ], [ 37.836880350992573, 48.696111925468237 ], [ 37.841582975138763, 48.694584169400429 ], [ 37.849291557703864, 48.693130550973862 ], [ 37.8477652, 48.702131799999989 ], [ 37.849486558969915, 48.701716768426927 ], [ 37.850645244770362, 48.700893931037676 ], [ 37.851266723982334, 48.700185897711947 ], [ 37.8539978, 48.6921265 ], [ 37.8591231, 48.6886523 ], [ 37.864821526412449, 48.692500019900322 ], [ 37.869704655339753, 48.697904191043854 ], [ 37.871318612330704, 48.704414279733186 ], [ 37.865720164042592, 48.717189791274038 ], [ 37.849790251970148, 48.72565112349146 ], [ 37.849943917124186, 48.726370674960748 ], [ 37.850500206099341, 48.726602188150899 ], [ 37.8530766996331, 48.726563117074953 ], [ 37.85778692973237, 48.726455355221866 ], [ 37.859990351203116, 48.726603028859252 ], [ 37.866611617117194, 48.727007555349019 ], [ 37.872944982841183, 48.72861560155863 ], [ 37.885378756351713, 48.730949947070563 ], [ 37.861181220946001, 48.740178139548817 ], [ 37.851155321751058, 48.741980414285074 ], [ 37.833353669542063, 48.750938626073705 ], [ 37.834149038615756, 48.751757737507802 ], [ 37.847421018084162, 48.758215659538948 ], [ 37.851122092523859, 48.758161957587788 ], [ 37.851492832894237, 48.755865165858495 ], [ 37.859672076054991, 48.755793938777259 ], [ 37.862800328371392, 48.759037869543995 ], [ 37.866523230896405, 48.759256154857127 ], [ 37.880585211972864, 48.757939867728524 ], [ 37.893369520753936, 48.768525043853614 ], [ 37.894326368734824, 48.771564222797366 ], [ 37.892807644614244, 48.772775546821116 ], [ 37.890441766476833, 48.773427246329277 ], [ 37.888484534562856, 48.773481478246893 ], [ 37.872017652910323, 48.780387819354821 ], [ 37.870809832696331, 48.781544754380441 ], [ 37.870709572558134, 48.782266698406126 ], [ 37.871074249504808, 48.782591736554245 ], [ 37.871978014111768, 48.782631375352793 ], [ 37.878407427236745, 48.782219131847881 ], [ 37.883068949946335, 48.781156812046717 ], [ 37.886357396937171, 48.779719100320378 ], [ 37.891455536027436, 48.777987987111416 ], [ 37.89243956192378, 48.777827152968435 ], [ 37.893438459647271, 48.776907532842053 ], [ 37.895880209638008, 48.773974261749281 ], [ 37.897418195021785, 48.772436276365504 ], [ 37.902669368621588, 48.770890071944983 ], [ 37.912205169541252, 48.770561291333323 ], [ 37.926103202620666, 48.767683246474228 ], [ 37.927458373776822, 48.767087768321701 ], [ 37.93896227114702, 48.763544527311396 ], [ 37.951811957909619, 48.76556370095301 ], [ 37.963495261068246, 48.767160105004976 ], [ 37.973197330169718, 48.776239840645026 ], [ 37.979862007372851, 48.779068286275468 ], [ 38.013714362854238, 48.789881765499004 ], [ 37.999436380969648, 48.796851241026602 ], [ 37.998829408256078, 48.802017754499055 ], [ 38.013317182120467, 48.817716743211633 ], [ 38.0113683, 48.8235115 ], [ 37.990150198395185, 48.835504355828235 ], [ 37.99058358974154, 48.841908155537418 ], [ 37.964917314043483, 48.847287718360285 ], [ 37.96033608962918, 48.848961401045038 ], [ 37.987361438904806, 48.853175830187382 ], [ 37.99370619002827, 48.862910696958878 ], [ 37.98637313573817, 48.872078816667489 ], [ 38.008123143478421, 48.878356560599272 ], [ 38.00393930750166, 48.882100017831263 ], [ 38.003005665643428, 48.884093165231427 ], [ 38.000543569861783, 48.886024309662979 ], [ 37.986444919102802, 48.887400514931393 ], [ 37.971591754666207, 48.880215977314606 ], [ 37.960303421615045, 48.883112910987826 ], [ 37.958705009161385, 48.884018992362577 ], [ 37.962899344895099, 48.885802770582771 ], [ 37.96565259685881, 48.886544180804506 ], [ 37.966753897644288, 48.887595929935955 ], [ 37.9676182, 48.8892594 ], [ 37.962175799980386, 48.895939295609445 ], [ 37.954607705761966, 48.897241586008199 ], [ 37.952855361798647, 48.89775915354015 ], [ 37.948904426489037, 48.900211145572285 ], [ 37.947836055885844, 48.901063431766332 ] ] ] ] } }
]
}
