{
"type": "FeatureCollection",
"name": "russia050826",
"crs": { "type": "name", "properties": { "name": "urn:ogc:def:crs:OGC:1.3:CRS84" } },
"features": [
{ "type": "Feature", "properties": { "fid": null, "id": null }, "geometry": { "type": "MultiPolygon", "coordinates": [ [ [ [ 34.061730649107041, 52.166880294590243 ], [ 34.071779783534772, 52.171143528756495 ], [ 34.072021651886608, 52.201775586990252 ], [ 34.024546349680598, 52.206333637779622 ], [ 34.000013988278667, 52.210420133634955 ], [ 33.994836513724408, 52.229697478628147 ], [ 34.034635715214975, 52.269621521639323 ], [ 33.940228116334922, 52.254458705250194 ], [ 33.944571559520213, 52.29572141551045 ], [ 33.914167457223179, 52.313095188251616 ], [ 33.853359252629112, 52.322867935418515 ], [ 33.838157201480598, 52.356529620104517 ], [ 33.724141817866723, 52.3652165064751 ], [ 33.689394272384398, 52.364130645678777 ], [ 33.573207167177877, 52.315266909844254 ], [ 33.522171709750715, 52.306580023473678 ], [ 33.488097080436226, 52.310613514134779 ], [ 33.506969658602202, 52.359787202493493 ], [ 33.447247314804457, 52.368474088864069 ], [ 33.424444238081684, 52.35110031612291 ], [ 33.392954274988327, 52.376075114438329 ], [ 33.339747095968519, 52.352186176919233 ], [ 33.170352811742191, 52.380418557623621 ], [ 33.154064899797355, 52.342413429752327 ], [ 33.120403215111352, 52.332640682585428 ], [ 33.069367757684191, 52.306580023473678 ], [ 33.010731274682769, 52.285948668343551 ], [ 32.967296842829867, 52.27183247799136 ], [ 32.915175524606383, 52.260973870028131 ], [ 32.883685561513026, 52.257716287639163 ], [ 32.833735964882187, 52.277261781972975 ], [ 32.801160140992508, 52.258802148435485 ], [ 32.703432669323469, 52.251201122861225 ], [ 32.622794, 52.296173 ], [ 32.589417285709601, 52.298978997899425 ], [ 32.543811132264047, 52.329383100196459 ], [ 32.494947396429531, 52.320696213825876 ], [ 32.421108862279596, 52.339155847363358 ], [ 32.362472379278174, 52.333726543381744 ], [ 32.34618446733333, 52.303322441084717 ], [ 32.383103734408301, 52.247943540472264 ], [ 32.334239998573786, 52.235999071712705 ], [ 32.327724833795848, 52.199079804637741 ], [ 32.335325859370109, 52.146958486414249 ], [ 32.273431793979718, 52.088322003412834 ], [ 32.172446739921718, 52.068776509079022 ], [ 32.135527472846746, 52.062261344301085 ], [ 32.091007180197522, 52.03511482439302 ], [ 31.988936265343195, 52.051402736337863 ], [ 31.924870478360159, 52.049231014745217 ], [ 31.95418871986087, 52.076377534653282 ], [ 31.940751192506379, 52.086014549220643 ], [ 31.913876137797395, 52.100130739572833 ], [ 31.886458152690249, 52.107460299948016 ], [ 31.862704947770695, 52.111668010533762 ], [ 31.84519544242999, 52.109496288941124 ], [ 31.828500332686531, 52.102981124163193 ], [ 31.814791340132956, 52.098909146176979 ], [ 31.798759272066331, 52.102723257162531 ], [ 31.788846173827263, 52.11067344339196 ], [ 31.782054382251086, 52.111932144768851 ], [ 31.783029911840522, 52.116418651517684 ], [ 31.799860754183523, 52.1202191643048 ], [ 31.781944051044203, 52.137050006647797 ], [ 31.782486981442368, 52.185913742482334 ], [ 31.554407408145977, 54.750539882221339 ], [ 46.942389495778968, 54.270745146400301 ], [ 46.942389495778968, 45.899654257474296 ], [ 35.253203, 46.248701 ], [ 34.899239629992898, 47.401770481671178 ], [ 34.957751590433546, 47.390022390458007 ], [ 34.983549741101385, 47.396378438045318 ], [ 35.02882, 47.418144 ], [ 35.062432, 47.448694 ], [ 35.078273642109103, 47.45141662050527 ], [ 35.116598829435517, 47.450889209670521 ], [ 35.149542347658191, 47.444152655972964 ], [ 35.177516619497553, 47.445320907278308 ], [ 35.198523312436045, 47.443901016109884 ], [ 35.220622896282883, 47.453415292228364 ], [ 35.262455904336058, 47.472986701962242 ], [ 35.270749369114469, 47.473244726949112 ], [ 35.266295604703615, 47.454625036416836 ], [ 35.267789935402121, 47.452515393077768 ], [ 35.273322570204861, 47.449886416777346 ], [ 35.273679356390353, 47.457701599619647 ], [ 35.28299694780457, 47.471677986740978 ], [ 35.277764061833885, 47.481332115771515 ], [ 35.274911042569912, 47.489931919568043 ], [ 35.274874211242974, 47.49535148663329 ], [ 35.280896, 47.503398 ], [ 35.293281459082522, 47.51009107587317 ], [ 35.311833953247245, 47.512481974758927 ], [ 35.32367772784044, 47.515936986779487 ], [ 35.331142531363135, 47.52163031865755 ], [ 35.337152, 47.530162 ], [ 35.330884403857439, 47.550411519614904 ], [ 35.330881034127017, 47.550423972966463 ], [ 35.330459910183954, 47.553363002781076 ], [ 35.329655144538179, 47.558124951081254 ], [ 35.329094682749158, 47.560869421224453 ], [ 35.340230161432622, 47.562682460711216 ], [ 35.348355536682348, 47.572804665456147 ], [ 35.346688, 47.5778414 ], [ 35.360429219154753, 47.5777723450095 ], [ 35.377024313271257, 47.569910483631283 ], [ 35.384454216045427, 47.56908675018898 ], [ 35.389492098677302, 47.557965386643147 ], [ 35.387686065280967, 47.55394933869605 ], [ 35.401263376010029, 47.550441905875701 ], [ 35.410329207383199, 47.537475842516898 ], [ 35.425499209336742, 47.540223883684185 ], [ 35.449499378362006, 47.542555327695446 ], [ 35.471178966151591, 47.543158400111288 ], [ 35.478222234764736, 47.548527036647044 ], [ 35.492272242930753, 47.549074065653507 ], [ 35.506565618911196, 47.54677601748341 ], [ 35.526588974870201, 47.548438337860738 ], [ 35.537547887379212, 47.547071501442964 ], [ 35.539645469231338, 47.544469219120998 ], [ 35.547136935824604, 47.543935683213753 ], [ 35.54729394665452, 47.542451855690274 ], [ 35.571675370355656, 47.545570620397811 ], [ 35.590099049356333, 47.540354054502316 ], [ 35.600680752920297, 47.53442992575421 ], [ 35.608443315947518, 47.52381307060115 ], [ 35.621566216615008, 47.51568141219046 ], [ 35.629487604461211, 47.517089291572724 ], [ 35.651891830487372, 47.514065656443435 ], [ 35.661123523090083, 47.508574396837076 ], [ 35.678028439759352, 47.515728342111842 ], [ 35.707482754857146, 47.519178102394172 ], [ 35.714527489172973, 47.515548632176376 ], [ 35.71743684796661, 47.515580847932 ], [ 35.733580522241695, 47.505194874570634 ], [ 35.739126362307367, 47.50686454669485 ], [ 35.744655451317811, 47.503310562321822 ], [ 35.758473210568312, 47.495088536762459 ], [ 35.795391915656026, 47.480377388760843 ], [ 35.806506240732027, 47.478849021024615 ], [ 35.826984405623378, 47.478730146114977 ], [ 35.855737028975462, 47.47725491530489 ], [ 35.882519857041949, 47.474131091767987 ], [ 35.88670894759143, 47.475469873283799 ], [ 35.902371251776522, 47.472921869753705 ], [ 35.916323929837233, 47.493452199655444 ], [ 35.919903324320323, 47.494945671146667 ], [ 35.924227589463122, 47.498014333748102 ], [ 35.932323415782243, 47.500508067594431 ], [ 35.936682646696148, 47.526569455865037 ], [ 35.940380673297682, 47.529154232332445 ], [ 35.943462867440843, 47.530353138319683 ], [ 35.958373580465214, 47.52092752735232 ], [ 35.968053416365656, 47.523012236968903 ], [ 35.971085357343433, 47.521926284521179 ], [ 35.972944724462401, 47.5199013756516 ], [ 35.990472304193226, 47.517330707557967 ], [ 35.992224497836844, 47.523321846197028 ], [ 35.994587967691722, 47.525918951220589 ], [ 35.997808243441995, 47.525742936148525 ], [ 35.9987761, 47.5257009 ], [ 36.004763789613065, 47.522992880711961 ], [ 36.020057067003776, 47.52694014287075 ], [ 36.022653480548279, 47.526465077015082 ], [ 36.023178118081532, 47.527349362072457 ], [ 36.073872758034696, 47.543221393881311 ], [ 36.066242972455598, 47.552956226286121 ], [ 36.063843700314692, 47.553517761201981 ], [ 36.063919132129215, 47.555373708022032 ], [ 36.070712499909284, 47.564805086121183 ], [ 36.082013948510173, 47.570811344750702 ], [ 36.08748923489987, 47.578848650906707 ], [ 36.094165251883744, 47.585146037058017 ], [ 36.117069785647878, 47.589992188186919 ], [ 36.121768806526809, 47.599463293030858 ], [ 36.126270111721489, 47.604487395796795 ], [ 36.127595377947145, 47.620199766718962 ], [ 36.139755811927053, 47.633228826157151 ], [ 36.162108829492922, 47.64165625087648 ], [ 36.157683106056552, 47.648227800931821 ], [ 36.152902260267354, 47.651199531425647 ], [ 36.15842217400462, 47.652459743036076 ], [ 36.161413089607038, 47.65172073374238 ], [ 36.171540630083143, 47.645178100655663 ], [ 36.175466928557363, 47.644672393348067 ], [ 36.178111406059109, 47.643264167201181 ], [ 36.181148513408274, 47.634642817205204 ], [ 36.199259242462531, 47.638517761670656 ], [ 36.202862244372746, 47.647435554102891 ], [ 36.195269913367405, 47.656926996123211 ], [ 36.177541718493558, 47.661596476890416 ], [ 36.171919514269646, 47.669891029694746 ], [ 36.199143002121602, 47.677888365152533 ], [ 36.200718295365718, 47.684976387385305 ], [ 36.191730415342775, 47.695298247712408 ], [ 36.183892269388146, 47.698300169024463 ], [ 36.178196492681302, 47.696975029137562 ], [ 36.176197158816848, 47.699230091752121 ], [ 36.163226998591213, 47.699842263367522 ], [ 36.157349645871932, 47.702722709195243 ], [ 36.153248356469255, 47.710332167581946 ], [ 36.158226402105015, 47.711365583347956 ], [ 36.170884975235147, 47.712760467439445 ], [ 36.186986891794625, 47.717909798082133 ], [ 36.194573215030204, 47.72292284910413 ], [ 36.198600302306126, 47.72837948376435 ], [ 36.19812008712119, 47.736833842051496 ], [ 36.194749117233457, 47.755548536945454 ], [ 36.191830175930022, 47.761308556905483 ], [ 36.197181976271963, 47.761845953608194 ], [ 36.209884174593888, 47.76199522948486 ], [ 36.229412581236929, 47.760397571245115 ], [ 36.241601783696225, 47.7644818707167 ], [ 36.249280608487098, 47.778862065721086 ], [ 36.270900600616734, 47.781291775602156 ], [ 36.29519196631518, 47.779099064152526 ], [ 36.320030168938899, 47.803779986888735 ], [ 36.329854027142659, 47.810114392503692 ], [ 36.337569129380263, 47.812801946572478 ], [ 36.351942807297853, 47.814236313304527 ], [ 36.369659766212372, 47.817834824400968 ], [ 36.390432379437328, 47.820426902453633 ], [ 36.413720804972812, 47.82358518275889 ], [ 36.441083950180719, 47.825231319757769 ], [ 36.463815891211794, 47.823441182882931 ], [ 36.470156244262228, 47.823837183560471 ], [ 36.497403124748672, 47.848698672438651 ], [ 36.546568030416125, 47.851873064351182 ], [ 36.560408663102905, 47.858603308125218 ], [ 36.573417105849657, 47.861747707738147 ], [ 36.578935839136157, 47.873206989159819 ], [ 36.574293095260217, 47.896117951509638 ], [ 36.624859583984559, 47.903194802221684 ], [ 36.630115520447895, 47.909566076665051 ], [ 36.629261430772601, 47.921293630031442 ], [ 36.6084566822719, 47.922775897479418 ], [ 36.610953252091996, 47.926899606226414 ], [ 36.627575151157295, 47.93756689302279 ], [ 36.629655626007356, 47.949728142868892 ], [ 36.628944336496467, 47.961792233672298 ], [ 36.636973300706188, 47.981147141321962 ], [ 36.643152454519125, 47.98787197306681 ], [ 36.65874268872993, 47.997090062983446 ], [ 36.680318880896934, 48.017542274068333 ], [ 36.700089398066048, 48.026743117076634 ], [ 36.701580398857615, 48.031942712780186 ], [ 36.706577922552576, 48.038026637636975 ], [ 36.707016304065824, 48.053013018218401 ], [ 36.722876354210413, 48.054547676471472 ], [ 36.724047794669744, 48.055419380621522 ], [ 36.729113229630521, 48.055386500680299 ], [ 36.729956698604589, 48.058034600947707 ], [ 36.732016332145911, 48.057779598699739 ], [ 36.733310958943306, 48.058976147709458 ], [ 36.733046148916564, 48.060329621179463 ], [ 36.733246629742425, 48.0622645110288 ], [ 36.7360429, 48.0643453 ], [ 36.738636582814422, 48.064860814970352 ], [ 36.739068125080223, 48.067038141856891 ], [ 36.748267821564781, 48.076924382855225 ], [ 36.773033547636025, 48.073668719404019 ], [ 36.80027796455262, 48.062144431365525 ], [ 36.816478988229981, 48.064952849402054 ], [ 36.839303142947138, 48.077779575235709 ], [ 36.848281962420096, 48.079652987290508 ], [ 36.868445848292808, 48.083489907375522 ], [ 36.875156553540648, 48.088475818449758 ], [ 36.890573602410697, 48.091021716815064 ], [ 36.892373842259857, 48.09489209551392 ], [ 36.902022887800236, 48.09866515924201 ], [ 36.903182694324983, 48.11423863270862 ], [ 36.909318412328957, 48.114048377886803 ], [ 36.915669465223147, 48.114872263825958 ], [ 36.912641334551786, 48.128449318905844 ], [ 36.91413020824173, 48.134807969670121 ], [ 36.911259305382181, 48.14866782541651 ], [ 36.902171782998742, 48.153786278409456 ], [ 36.906537872866345, 48.166738298516719 ], [ 36.915727609055502, 48.171065556854003 ], [ 36.9223293735594, 48.180848695936533 ], [ 36.929882250636837, 48.186669665525031 ], [ 36.93243447098893, 48.192839484586791 ], [ 36.930140503682793, 48.198775508654229 ], [ 36.928715441973971, 48.20988910118794 ], [ 36.93078255181706, 48.220171769618773 ], [ 36.954937632663224, 48.233548085551952 ], [ 36.960775358140069, 48.235207489300493 ], [ 36.965796220908445, 48.238867272128061 ], [ 36.973320141166539, 48.23855322381182 ], [ 36.976463342967705, 48.239000746408834 ], [ 36.980980124596179, 48.239034738362818 ], [ 36.981982177176931, 48.241370099313876 ], [ 36.982026923478301, 48.24403888001914 ], [ 36.983741316571653, 48.244774921893075 ], [ 36.980942163312513, 48.257582093437179 ], [ 36.983492385884254, 48.258640921831784 ], [ 36.9874519, 48.2591455 ], [ 36.988616069148996, 48.262870094762583 ], [ 36.995798028570917, 48.264340550157662 ], [ 37.008777323852037, 48.262043065705598 ], [ 37.019921126896747, 48.253497620770752 ], [ 37.036511443452149, 48.245390788373385 ], [ 37.045996122203576, 48.252112738264692 ], [ 37.050666020285895, 48.254739205679947 ], [ 37.051110614519452, 48.254859463546531 ], [ 37.050998801623422, 48.256148829631883 ], [ 37.05056692680283, 48.261128977419439 ], [ 37.05105504024025, 48.261500958812341 ], [ 37.05229146683601, 48.261898130283861 ], [ 37.057807315162137, 48.26939008181801 ], [ 37.055612131134033, 48.280116595272979 ], [ 37.092348896906415, 48.28412810368571 ], [ 37.102551883301381, 48.295700400209725 ], [ 37.087356299420819, 48.302086022411729 ], [ 37.087749919439773, 48.303182901574594 ], [ 37.063142455319309, 48.318097058370334 ], [ 37.063545591887063, 48.320645622879084 ], [ 37.055240146186556, 48.322383016830535 ], [ 37.047925429517832, 48.329599679453743 ], [ 37.036651394515914, 48.348755267478886 ], [ 37.039416617568335, 48.349770028232072 ], [ 37.040969963007029, 48.349176218641112 ], [ 37.064175547438779, 48.34080286995421 ], [ 37.068883236664064, 48.349455019826657 ], [ 37.068706075643732, 48.351595677969271 ], [ 37.070880324529661, 48.35213082845415 ], [ 37.071427913137974, 48.35100700594446 ], [ 37.072483152184454, 48.349724907252849 ], [ 37.106605139806931, 48.347047627348417 ], [ 37.124975578973718, 48.348831444464061 ], [ 37.144099871181503, 48.352640588794927 ], [ 37.161539004187212, 48.350941833918732 ], [ 37.18411566745413, 48.35343086794316 ], [ 37.196047003208733, 48.353173300104061 ], [ 37.202177073523643, 48.35385817815164 ], [ 37.201725627470083, 48.356126331831213 ], [ 37.194377273814503, 48.360320535504975 ], [ 37.194465553749403, 48.361470725811699 ], [ 37.19234090388435, 48.368181786862721 ], [ 37.18970145499695, 48.368940316395005 ], [ 37.190592717761234, 48.37416737927721 ], [ 37.214594089394183, 48.380468251398206 ], [ 37.2297264, 48.3872422 ], [ 37.233039327375437, 48.392875926320087 ], [ 37.224344797658858, 48.425176284546794 ], [ 37.231557049445549, 48.425318866130738 ], [ 37.244537010127772, 48.430098155339188 ], [ 37.269225125376359, 48.451635294421777 ], [ 37.274484956685868, 48.459689529671891 ], [ 37.278971383140821, 48.474209274364199 ], [ 37.302844493013929, 48.469541732042913 ], [ 37.303213016226685, 48.470119253896755 ], [ 37.31806043267683, 48.474239211924704 ], [ 37.341373817196704, 48.47372677221108 ], [ 37.350499698195925, 48.474536755189838 ], [ 37.367274841165354, 48.48181172097695 ], [ 37.376196715267575, 48.48510895769757 ], [ 37.374859671173347, 48.488771677021063 ], [ 37.3806387, 48.4933927 ], [ 37.390278529651539, 48.491478023148645 ], [ 37.398554494129989, 48.48705633099609 ], [ 37.447073663668071, 48.483158713994172 ], [ 37.444997432270647, 48.487186108462886 ], [ 37.446482387737532, 48.490364049659284 ], [ 37.449344433444999, 48.486687092656815 ], [ 37.459465144574473, 48.480069704610621 ], [ 37.464102141923355, 48.470575958891899 ], [ 37.470239462310516, 48.465573787677293 ], [ 37.471476210344775, 48.461438411437761 ], [ 37.473517578194517, 48.460435634248405 ], [ 37.475968020011109, 48.459427039080261 ], [ 37.484978364362753, 48.454379335464665 ], [ 37.486627207414159, 48.451275356059078 ], [ 37.507228004047604, 48.445423092398435 ], [ 37.524939949800149, 48.445573987688384 ], [ 37.534015871413857, 48.444774318814581 ], [ 37.55150588875815, 48.447544055929932 ], [ 37.57256744117575, 48.448310497378728 ], [ 37.586925636893248, 48.447557697880541 ], [ 37.598986396583875, 48.445724339334717 ], [ 37.608568000115852, 48.442268556320222 ], [ 37.611549687928253, 48.441601818713622 ], [ 37.626104755774243, 48.446731104893431 ], [ 37.635171050374836, 48.449268766871711 ], [ 37.638252221223141, 48.458500797829814 ], [ 37.64387314803767, 48.466021059409037 ], [ 37.651991496029083, 48.480186530322577 ], [ 37.653116119747082, 48.488106319774964 ], [ 37.660682104496651, 48.489547059553736 ], [ 37.660239395048471, 48.496924229117539 ], [ 37.665576460773522, 48.504404752505749 ], [ 37.67940519002611, 48.495847921728192 ], [ 37.6863436, 48.4964505 ], [ 37.689876847394757, 48.491907827247111 ], [ 37.700839062239901, 48.491101329025419 ], [ 37.702860003666416, 48.490320762315903 ], [ 37.703746555714794, 48.490421085269034 ], [ 37.705633683555099, 48.48894356657236 ], [ 37.706090706240751, 48.488886566714882 ], [ 37.716365964620245, 48.483951698649435 ], [ 37.717881591156001, 48.482694411724069 ], [ 37.734230842747387, 48.476011504366063 ], [ 37.770096279803596, 48.469897565058567 ], [ 37.763323516797975, 48.48083016018257 ], [ 37.762999071349412, 48.483610898634012 ], [ 37.7799668, 48.4917466 ], [ 37.771836349193457, 48.497768970343728 ], [ 37.769512579003894, 48.501563592180432 ], [ 37.770102389501815, 48.504354402829108 ], [ 37.7738057, 48.5114247 ], [ 37.769367315206601, 48.519274108032363 ], [ 37.7708795, 48.5223588 ], [ 37.756009927285966, 48.518886393422292 ], [ 37.75294972406342, 48.52164762269328 ], [ 37.747228222994615, 48.522330622950207 ], [ 37.742256334689564, 48.525395310817899 ], [ 37.741505718804802, 48.529632158907077 ], [ 37.74364208709224, 48.53175809712743 ], [ 37.743480415978603, 48.536713174969641 ], [ 37.741898348652235, 48.540635601007281 ], [ 37.769977461714824, 48.544185398256104 ], [ 37.774275479556728, 48.542257403381733 ], [ 37.798910940583603, 48.539077195318399 ], [ 37.805886569348999, 48.543796718260069 ], [ 37.814227325923127, 48.546319797123743 ], [ 37.820730087807299, 48.5471167919099 ], [ 37.834033950268598, 48.551958015507942 ], [ 37.828001746470505, 48.561477042310699 ], [ 37.836544462831945, 48.566742145047762 ], [ 37.8342009, 48.5683928 ], [ 37.833249054471047, 48.572814681414769 ], [ 37.837555641503329, 48.575790450744876 ], [ 37.837137222742768, 48.577865110432654 ], [ 37.835725059425876, 48.57762974987984 ], [ 37.834208291418847, 48.578083036870446 ], [ 37.832751512318922, 48.580210326413784 ], [ 37.824061636475257, 48.581561142817598 ], [ 37.818134037367315, 48.590435107364485 ], [ 37.817532560399009, 48.593163546365638 ], [ 37.7844991, 48.5890699 ], [ 37.783306635134657, 48.595641263349115 ], [ 37.794454458847426, 48.597435282665231 ], [ 37.783046990306715, 48.602176544284575 ], [ 37.773741509863846, 48.600492686447424 ], [ 37.767919776265472, 48.60082504262288 ], [ 37.767127626934212, 48.6020527992533 ], [ 37.760868323398292, 48.606156225163502 ], [ 37.75850987864947, 48.615168684554945 ], [ 37.763488690943753, 48.61959827237493 ], [ 37.76532053627227, 48.619835552750096 ], [ 37.7764591, 48.619809 ], [ 37.783721269757898, 48.622150794707089 ], [ 37.781845594126132, 48.62950653595442 ], [ 37.784480648221979, 48.63261431675275 ], [ 37.798544924909393, 48.642606424220816 ], [ 37.790952918410063, 48.654313302350808 ], [ 37.785985538522013, 48.657762493317755 ], [ 37.797047493074551, 48.666507497131569 ], [ 37.801633867357339, 48.666507497131569 ], [ 37.804770286382087, 48.669051600103529 ], [ 37.806178497776401, 48.678406172457905 ], [ 37.796456872730197, 48.679609527878469 ], [ 37.78734123296816, 48.69023804267713 ], [ 37.803447398310801, 48.693356948706864 ], [ 37.805383989361445, 48.701203992976538 ], [ 37.817386194563731, 48.719128406513285 ], [ 37.819269237684182, 48.718495658324073 ], [ 37.815187361603208, 48.712298935324441 ], [ 37.827982174871302, 48.705895452494872 ], [ 37.8337087771028, 48.706442803797842 ], [ 37.84390703346974, 48.70504823613085 ], [ 37.852305206639144, 48.700924312548914 ], [ 37.858600943087453, 48.705824624766244 ], [ 37.849373369751518, 48.712351220137833 ], [ 37.835855067835112, 48.720019832229575 ], [ 37.832011282350912, 48.723377813598788 ], [ 37.830274132266318, 48.729227703627252 ], [ 37.833136503587774, 48.73170750434619 ], [ 37.827926726685043, 48.735965049477507 ], [ 37.82334523808283, 48.738006349915103 ], [ 37.821016243455396, 48.73870426370744 ], [ 37.820564257547815, 48.739624842332489 ], [ 37.853146520194706, 48.732791263950133 ], [ 37.864241034285776, 48.729004513631637 ], [ 37.885378756351713, 48.730949947070563 ], [ 37.861181220946001, 48.740178139548817 ], [ 37.851155321751058, 48.741980414285074 ], [ 37.833353669542063, 48.750938626073705 ], [ 37.840584347612101, 48.758408158198598 ], [ 37.837556624146586, 48.762553792769275 ], [ 37.833351125367571, 48.762483551604298 ], [ 37.832193229287292, 48.765289818493947 ], [ 37.8389682, 48.764865 ], [ 37.851122092523859, 48.758161957587788 ], [ 37.851492832894237, 48.755865165858495 ], [ 37.859672076054991, 48.755793938777259 ], [ 37.862800328371392, 48.759037869543995 ], [ 37.866523230896405, 48.759256154857127 ], [ 37.880585211972864, 48.757939867728524 ], [ 37.893369520753936, 48.768525043853614 ], [ 37.905493087188546, 48.771651853380256 ], [ 37.9272096888877, 48.770457483876918 ], [ 37.932719481049013, 48.774476493665482 ], [ 37.945962161892453, 48.779576538624916 ], [ 37.955942786555767, 48.792098108968631 ], [ 37.940686557076226, 48.79837169866115 ], [ 37.941720273559653, 48.801615429695332 ], [ 37.946532402016985, 48.800866876379743 ], [ 37.948243381024035, 48.806748366716491 ], [ 37.9437877065265, 48.812273403093407 ], [ 37.950395171595503, 48.81346273227684 ], [ 37.9551826, 48.8218588 ], [ 37.956104368926084, 48.826706427812368 ], [ 37.952657445171276, 48.842443104679575 ], [ 37.940802178971957, 48.843552981618508 ], [ 37.938788191905907, 48.842358975000785 ], [ 37.935727889664591, 48.842186648320592 ], [ 37.930113661899966, 48.840575157885134 ], [ 37.919914255972593, 48.840373759178533 ], [ 37.906744162855482, 48.833153705143303 ], [ 37.889698306164973, 48.826621131570803 ], [ 37.860646003101508, 48.82000887978478 ], [ 37.857683439972462, 48.820049195112389 ], [ 37.85833955973326, 48.828937769234876 ], [ 37.86830122417841, 48.827413532305705 ], [ 37.871834176736527, 48.838410256711946 ], [ 37.87874866960027, 48.839440037801694 ], [ 37.875965134577115, 48.846156099916115 ], [ 37.895158948991579, 48.851337280297599 ], [ 37.901674563864511, 48.851035196655673 ], [ 37.907746075743816, 48.853064881492891 ], [ 37.910422, 48.8591431 ], [ 37.9083825, 48.8625545 ], [ 37.910626538833171, 48.865136809077256 ], [ 37.91638552130545, 48.872384771593794 ], [ 37.914578793146184, 48.875625633257251 ], [ 37.921740006577487, 48.881977113114665 ], [ 37.922626945855683, 48.88279799383033 ], [ 37.923694557949794, 48.883100420171367 ], [ 37.926774399416374, 48.885654302312737 ], [ 37.927599636684171, 48.886673113754462 ], [ 37.929811216812595, 48.888879201311596 ], [ 37.931872304177318, 48.891948011894165 ], [ 37.931422753492924, 48.893440520166337 ], [ 37.93264553135446, 48.895364597095508 ], [ 37.932753423518712, 48.897792170791206 ], [ 37.931171005109661, 48.900633331116531 ], [ 37.938013166526069, 48.908887081681883 ], [ 37.937481158904895, 48.919915658084008 ], [ 37.939673976394765, 48.924039824866682 ], [ 37.947210965850942, 48.931165720405815 ], [ 37.949732049432107, 48.93392608461189 ], [ 37.953723765102275, 48.93530620948227 ], [ 37.954012639262615, 48.937876590344246 ], [ 37.965813434713596, 48.939624517977528 ], [ 37.9653286, 48.9419142 ], [ 37.954322412387583, 48.945751203843685 ], [ 37.95364434119606, 48.945638708369081 ], [ 37.953245553604425, 48.945220203069972 ], [ 37.953966717255426, 48.944437134844073 ], [ 37.954418043738571, 48.942880868863583 ], [ 37.952032460899169, 48.941970377829314 ], [ 37.950968619903215, 48.94130337967011 ], [ 37.950162679754769, 48.940128170748565 ], [ 37.948663631078638, 48.939768191308517 ], [ 37.946261929436247, 48.940212871415987 ], [ 37.945584939711551, 48.941165744019841 ], [ 37.943102644054321, 48.941462189564149 ], [ 37.942538485950408, 48.940466972555754 ], [ 37.939008468100205, 48.940594022640532 ], [ 37.935043242569819, 48.941229268213277 ], [ 37.934785341722318, 48.940054057546682 ], [ 37.936381103216242, 48.939757603638633 ], [ 37.93518831179653, 48.938105899631772 ], [ 37.93441460925402, 48.935469412682814 ], [ 37.934833698131222, 48.935215286101077 ], [ 37.935333381023248, 48.934008167171072 ], [ 37.935204430599505, 48.932493932856332 ], [ 37.936187677580619, 48.932292737427879 ], [ 37.936719598078582, 48.932652770779761 ], [ 37.938121933936898, 48.932398629859712 ], [ 37.937880151892365, 48.931413821575184 ], [ 37.937557775832971, 48.931101432093335 ], [ 37.936058727156848, 48.931344990162316 ], [ 37.934856374680024, 48.931342286585711 ], [ 37.934728925911905, 48.930868462393839 ], [ 37.935446212644024, 48.930640786409953 ], [ 37.93539785623512, 48.930090123924238 ], [ 37.935994251944976, 48.929708892491817 ], [ 37.936816310896404, 48.928935830929156 ], [ 37.936010370747944, 48.928205117900873 ], [ 37.930705, 48.9150088 ], [ 37.919875485096853, 48.912570119874111 ], [ 37.914488446680672, 48.914709424371573 ], [ 37.912216188770522, 48.913971164936264 ], [ 37.890897813995608, 48.925228435915294 ], [ 37.881591768959126, 48.930172612464524 ], [ 37.880813073832606, 48.936265143905018 ], [ 37.881349224575452, 48.936231601376548 ], [ 37.882038561244819, 48.936198058825539 ], [ 37.882408760567252, 48.93644124180971 ], [ 37.882983207791739, 48.936340614511671 ], [ 37.883085331742748, 48.936080659719515 ], [ 37.88337893810192, 48.936021960062959 ], [ 37.883685309954977, 48.936164516251992 ], [ 37.884221460697816, 48.935904560542795 ], [ 37.88464272199576, 48.935309173011241 ], [ 37.885000155824336, 48.935099527823802 ], [ 37.885255465701881, 48.935233700845174 ], [ 37.885549072061039, 48.93555236032568 ], [ 37.885178872738614, 48.935845860679166 ], [ 37.885000155824336, 48.936583796801365 ], [ 37.8856256650243, 48.936617339093182 ], [ 37.886072457310014, 48.936776664671477 ], [ 37.886634139040609, 48.93734687836389 ], [ 37.886685201016128, 48.937757763604289 ], [ 37.886493718607966, 48.937858388045555 ], [ 37.88626393971817, 48.938034480329669 ], [ 37.886710732003877, 48.938076406972428 ], [ 37.887004338363049, 48.938302810234731 ], [ 37.887208586265089, 48.938914932431949 ], [ 37.887144758795699, 48.939216798148991 ], [ 37.886621373546738, 48.939619282931865 ], [ 37.886187346754902, 48.939912759373314 ], [ 37.885663961505941, 48.93989598933743 ], [ 37.884744845946791, 48.93978698396684 ], [ 37.883915088844773, 48.939845679195969 ], [ 37.883404469089683, 48.940021764469201 ], [ 37.883047035261121, 48.940021764469201 ], [ 37.882485353530527, 48.940097229396137 ], [ 37.882089623220331, 48.940256543867179 ], [ 37.881553472477492, 48.940105614380983 ], [ 37.880736480869352, 48.940088844409885 ], [ 37.880340750559157, 48.940189464151885 ], [ 37.878886434777726, 48.940347563631683 ], [ 37.877718728857353, 48.940889712809003 ], [ 37.877114024005728, 48.941536121443498 ], [ 37.876123559162551, 48.941828047923593 ], [ 37.876019299705369, 48.942484882503805 ], [ 37.8756231137681, 48.942797660875335 ], [ 37.875331187288005, 48.943454495455548 ], [ 37.875133094319374, 48.944330274895833 ], [ 37.875044948340246, 48.954503238866828 ], [ 37.879541704448961, 48.964458699897818 ], [ 37.889158226157299, 48.974358443527279 ], [ 37.92692709073247, 48.978716701983281 ], [ 37.937715032076092, 48.982189294087263 ], [ 37.953276356625224, 49.000414814322824 ], [ 37.951255460825976, 49.008837972936149 ], [ 37.949875716129164, 49.008862768363734 ], [ 37.948514872044633, 49.008404050954717 ], [ 37.94736193469523, 49.008577620201081 ], [ 37.945736482038726, 49.0084164487781 ], [ 37.942013061418564, 49.011912511791216 ], [ 37.941749869703045, 49.012790291290386 ], [ 37.939924662551512, 49.014182737883175 ], [ 37.939535796800996, 49.019480165550966 ], [ 37.940807887224821, 49.019685561418825 ], [ 37.941662824036591, 49.020465764234977 ], [ 37.941168407623785, 49.020900852078775 ], [ 37.9408089012651, 49.021905108731865 ], [ 37.937635388535938, 49.021785244834383 ], [ 37.931210282184743, 49.029458886546806 ], [ 37.933530427962594, 49.04645819269038 ], [ 37.946814934759246, 49.064720937221132 ], [ 37.951788885316155, 49.068919977482786 ], [ 37.941239777240853, 49.071822509951247 ], [ 37.931382034723889, 49.069584161444247 ], [ 37.92463245403188, 49.070327400953524 ], [ 37.919437426318886, 49.069430721711328 ], [ 37.908946098746142, 49.066088473832835 ], [ 37.8971537811383, 49.06653598511793 ], [ 37.874369181408902, 49.064757950558409 ], [ 37.865799913485105, 49.061159920909041 ], [ 37.834974226001471, 49.059659173184912 ], [ 37.798930199474228, 49.068695075686236 ], [ 37.786434739678654, 49.074358222669616 ], [ 37.776423757269335, 49.072312182469169 ], [ 37.762294314145123, 49.063691678462888 ], [ 37.746154885274137, 49.057505054881148 ], [ 37.735300201552612, 49.064650559789058 ], [ 37.73324656910868, 49.063653656925752 ], [ 37.731135970555528, 49.063872010141495 ], [ 37.729730358524719, 49.06432956439609 ], [ 37.712795327140455, 49.06734670388682 ], [ 37.712259125227078, 49.0706263106321 ], [ 37.711957606234819, 49.071827958854463 ], [ 37.712045774621181, 49.073197589311761 ], [ 37.712819198310292, 49.074954365977021 ], [ 37.712896540679203, 49.076578555724147 ], [ 37.71423345877038, 49.078291136750032 ], [ 37.715415692123727, 49.078965120250544 ], [ 37.716598415619124, 49.079883731326767 ], [ 37.717505856901965, 49.08194386829323 ], [ 37.719296214027572, 49.084935971982617 ], [ 37.723773438905859, 49.087139016991173 ], [ 37.72392850809576, 49.087473434126146 ], [ 37.72172612034327, 49.088324808550965 ], [ 37.721545717867379, 49.088394546522387 ], [ 37.721415605253235, 49.088444844001522 ], [ 37.713563677645745, 49.08887537374693 ], [ 37.711445101399896, 49.085559758461457 ], [ 37.709648081924328, 49.087023089358304 ], [ 37.712147725423705, 49.089189859382763 ], [ 37.710773705110462, 49.09001809874561 ], [ 37.7069264, 49.0892393 ], [ 37.682081728417963, 49.094420050169802 ], [ 37.68209249985464, 49.095206365047552 ], [ 37.682469500138495, 49.096983652100015 ], [ 37.709320733930177, 49.101517053195103 ], [ 37.709867146487852, 49.102508965478293 ], [ 37.712350705697276, 49.103820054078689 ], [ 37.713577355096241, 49.105862553855907 ], [ 37.710523883235332, 49.107213724775903 ], [ 37.705594715505519, 49.105974501674005 ], [ 37.699863767827168, 49.108333584235538 ], [ 37.69553123152523, 49.106219414535538 ], [ 37.687831672171143, 49.105014456847286 ], [ 37.679537390137703, 49.106117424768684 ], [ 37.678503341231277, 49.106641469326995 ], [ 37.678598777040747, 49.108976683956733 ], [ 37.678913319031786, 49.116672420085294 ], [ 37.684690997963671, 49.123415181455151 ], [ 37.6886444, 49.1282404 ], [ 37.7003972, 49.1302842 ], [ 37.703465196651401, 49.129152729909983 ], [ 37.706949034177221, 49.12717931030042 ], [ 37.714846964389849, 49.129877255357606 ], [ 37.721111233924034, 49.133995612929716 ], [ 37.718211593883247, 49.137086996698947 ], [ 37.725978239375081, 49.148064890881663 ], [ 37.724053668545153, 49.151111689585264 ], [ 37.737330397756246, 49.158577004980422 ], [ 37.759848872839441, 49.161260808545521 ], [ 37.763668113408123, 49.16397186311152 ], [ 37.759899126004832, 49.166206317719286 ], [ 37.750657398219268, 49.175717778193238 ], [ 37.751056320527326, 49.178025828689833 ], [ 37.753682405930952, 49.181478280422766 ], [ 37.77610294258281, 49.182798649161157 ], [ 37.79548479015795, 49.183309487324884 ], [ 37.800502380702191, 49.181618892190514 ], [ 37.800822780697061, 49.183435970626178 ], [ 37.804039237339474, 49.189217240745769 ], [ 37.809597774061281, 49.188135536366346 ], [ 37.82414989828807, 49.19041117000846 ], [ 37.841637028151347, 49.190235882472557 ], [ 37.86323219731208, 49.195121903955012 ], [ 37.870971184780196, 49.198701300906293 ], [ 37.878423816851011, 49.205881428788963 ], [ 37.884740552093596, 49.214674075125281 ], [ 37.884167837204032, 49.220209962153916 ], [ 37.882500671970369, 49.220637251862833 ], [ 37.880576338496546, 49.22059485788089 ], [ 37.878430523510346, 49.221299847343204 ], [ 37.876396, 49.226102 ], [ 37.878908893686535, 49.226639075761355 ], [ 37.888352846842331, 49.22640760632126 ], [ 37.909866901510668, 49.229955004964566 ], [ 37.907949523529659, 49.234770204581508 ], [ 37.909495296382076, 49.238195689081884 ], [ 37.914647467138863, 49.242372054075645 ], [ 37.918640697853526, 49.245180315661571 ], [ 37.920979365976407, 49.244918733614796 ], [ 37.92269425524492, 49.244082157720761 ], [ 37.932055582881425, 49.242643128349641 ], [ 37.929473239459512, 49.250794534251568 ], [ 37.930972170710355, 49.254604898781643 ], [ 37.947582135398008, 49.252590785741148 ], [ 37.955358812740151, 49.26051991686532 ], [ 37.965383776665107, 49.264387973908022 ], [ 37.967389382106397, 49.269439142570064 ], [ 37.973139210738353, 49.274811767577205 ], [ 37.9609683223254, 49.286024708786464 ], [ 37.957463164040334, 49.294710458336425 ], [ 37.957438037457671, 49.300101408541295 ], [ 37.959875315978472, 49.303214454655453 ], [ 37.962250804907995, 49.31772179162612 ], [ 37.952569762061742, 49.32231442074643 ], [ 37.954680395007586, 49.329880283379232 ], [ 37.936564128889046, 49.338558304353064 ], [ 37.932004390659266, 49.340592551282576 ], [ 37.941074350481657, 49.349681944093341 ], [ 37.942101399549074, 49.351216465195812 ], [ 37.950170173414968, 49.35855695191384 ], [ 37.946589635381848, 49.362067232232924 ], [ 37.93441580606919, 49.37192577021122 ], [ 37.915589713989668, 49.379852073446905 ], [ 37.897447225869023, 49.380054556002563 ], [ 37.89723743476641, 49.379600640281737 ], [ 37.891827229782962, 49.379857949331964 ], [ 37.876599539302482, 49.377312360034857 ], [ 37.84275266274566, 49.377143683213667 ], [ 37.832723032319748, 49.3811321918594 ], [ 37.821094808239842, 49.393368880596185 ], [ 37.81859411783438, 49.392279195470884 ], [ 37.800360463610616, 49.395631916959154 ], [ 37.786415746099088, 49.399914796506607 ], [ 37.768130391861227, 49.403913062898781 ], [ 37.759458558280166, 49.407687029523885 ], [ 37.751398354720436, 49.408856780746198 ], [ 37.738495251602295, 49.413121179391716 ], [ 37.721944054470754, 49.419640498638998 ], [ 37.721752654069753, 49.425467558382081 ], [ 37.725205427799651, 49.427678228407338 ], [ 37.72125554232354, 49.436209509580081 ], [ 37.722692938688951, 49.442317415577648 ], [ 37.73769513262382, 49.448652397427978 ], [ 37.757942393378279, 49.460160994356571 ], [ 37.773489466416891, 49.465562403523819 ], [ 37.778039419689279, 49.481691143159175 ], [ 37.744458840943011, 49.491440484616582 ], [ 37.732389893835986, 49.500784720582999 ], [ 37.733753, 49.510818 ], [ 37.724388983020461, 49.512634156760676 ], [ 37.721810233537397, 49.514429795917522 ], [ 37.71268627713323, 49.513634410711184 ], [ 37.712130898807303, 49.513120245569176 ], [ 37.6998561104337, 49.514914507274192 ], [ 37.699677410454662, 49.517858994873471 ], [ 37.693526052349753, 49.52635660633883 ], [ 37.691941996868181, 49.526582899979054 ], [ 37.691881436791213, 49.527105928220571 ], [ 37.692095176187578, 49.527704533004773 ], [ 37.698294464324213, 49.530190798824428 ], [ 37.696801227725096, 49.540884438127165 ], [ 37.69680760407504, 49.540902295918698 ], [ 37.701658187261529, 49.552821104994052 ], [ 37.705768220235214, 49.555103318527806 ], [ 37.719530864958756, 49.556565810557871 ], [ 37.731168449112154, 49.557307500548227 ], [ 37.741571832567693, 49.55656669630018 ], [ 37.74343889027373, 49.554340589035291 ], [ 37.749194971457598, 49.555352647265423 ], [ 37.750889358249999, 49.556127617009821 ], [ 37.753835182841179, 49.562593288236528 ], [ 37.761810316700959, 49.57118030161871 ], [ 37.762656759945024, 49.57132386532863 ], [ 37.764287551524255, 49.573125126613824 ], [ 37.766710000325254, 49.572011322257218 ], [ 37.773135166003982, 49.575169067172354 ], [ 37.784728975112884, 49.576991444330723 ], [ 37.795241805872081, 49.585115645515359 ], [ 37.790812798359291, 49.593918284244339 ], [ 37.794384096214237, 49.60027294405468 ], [ 37.788874267768016, 49.603781370766285 ], [ 37.789229700059948, 49.607512012771757 ], [ 37.792028170004436, 49.60826348676617 ], [ 37.798433984856771, 49.626509492331557 ], [ 37.800030915920438, 49.637233817542835 ], [ 37.779018416785256, 49.642615768488135 ], [ 37.770309114011589, 49.654581002955673 ], [ 37.777709400986005, 49.673414831684482 ], [ 37.767248016765073, 49.694017474543053 ], [ 37.775942697540486, 49.697319602613021 ], [ 37.7695729, 49.7040325 ], [ 37.774411552525379, 49.723094919655253 ], [ 37.768890807719181, 49.734609214392691 ], [ 37.755642570603655, 49.738944185770656 ], [ 37.75189643533308, 49.740950131884787 ], [ 37.742180268615506, 49.742118307503169 ], [ 37.732916016628977, 49.73995101200223 ], [ 37.728933930931532, 49.737848776701121 ], [ 37.719636174063346, 49.73622166924919 ], [ 37.708548598998028, 49.735594070660582 ], [ 37.699077647793771, 49.738125689833737 ], [ 37.68524680999289, 49.747922549147411 ], [ 37.676573595296361, 49.751432463285241 ], [ 37.66980790386836, 49.753358192065868 ], [ 37.668032873891306, 49.751939503055681 ], [ 37.664037691563408, 49.75208437058793 ], [ 37.660598365331531, 49.751367784594265 ], [ 37.657281492121655, 49.751672789804722 ], [ 37.650034169832452, 49.748712795872862 ], [ 37.643083367925243, 49.74880499048556 ], [ 37.635383167683017, 49.747022458541942 ], [ 37.63225608594685, 49.744810015184434 ], [ 37.62516179845143, 49.743517992327646 ], [ 37.620610077846742, 49.745606493292541 ], [ 37.616623955660394, 49.753124352330389 ], [ 37.612934099312213, 49.754586022946242 ], [ 37.610321573284665, 49.757317836816512 ], [ 37.599305870756154, 49.769182910918495 ], [ 37.597609075501168, 49.77982769023744 ], [ 37.594511750829341, 49.783444991371844 ], [ 37.594781083409501, 49.785740446245583 ], [ 37.591737625253693, 49.795129810889506 ], [ 37.593353620734646, 49.797250859728862 ], [ 37.591441359415519, 49.808063287460612 ], [ 37.598026705494107, 49.81957811747418 ], [ 37.60286681776536, 49.820106436251095 ], [ 37.615975361615334, 49.831661663035213 ], [ 37.624194575233787, 49.844666565663758 ], [ 37.629070702686803, 49.850462905661729 ], [ 37.635049258955284, 49.855165085889787 ], [ 37.638838956523273, 49.861765745539174 ], [ 37.640160876050608, 49.868195651328378 ], [ 37.64261785678454, 49.876319235533053 ], [ 37.644552825977577, 49.8829587310275 ], [ 37.645707832621163, 49.88975829081204 ], [ 37.646455473452775, 49.890022064684473 ], [ 37.647220915256561, 49.890675758937782 ], [ 37.649020424135898, 49.891331965819639 ], [ 37.65505234719982, 49.889644142353973 ], [ 37.664853083813867, 49.882373951959217 ], [ 37.680624439554329, 49.885001512406355 ], [ 37.687277646685374, 49.893778488616242 ], [ 37.698354109638998, 49.896540963789327 ], [ 37.704038433552853, 49.897258144843882 ], [ 37.719630480924032, 49.904483079911955 ], [ 37.728342902623758, 49.928601613153901 ], [ 37.746458364816498, 49.931523461894663 ], [ 37.75283369829512, 49.940153020171188 ], [ 37.750801983337396, 49.946705621991342 ], [ 37.7475857470736, 49.954049374299345 ], [ 37.733403929765764, 49.955397715010562 ], [ 37.727901149998949, 49.960642996151428 ], [ 37.72780933747714, 49.96135489274976 ], [ 37.730510054125169, 49.962169544446176 ], [ 37.734401463461943, 49.966354302845005 ], [ 37.744709125262816, 49.970269937990935 ], [ 37.747507598409754, 49.977959959125023 ], [ 37.754122171302541, 49.983276808247908 ], [ 37.766985607529136, 49.98382890890236 ], [ 37.775287676387947, 49.986179126111004 ], [ 37.782042700993003, 49.992628806971659 ], [ 37.784849689569832, 49.997101982520974 ], [ 37.783644269673196, 50.003571033344407 ], [ 37.787387759096603, 50.018311912979414 ], [ 37.783512824778818, 50.021210237834993 ], [ 37.769084207562997, 50.021619783738501 ], [ 37.764377939369489, 50.025810880167604 ], [ 37.764626904657923, 50.02739888791772 ], [ 37.768437309358688, 50.027913532433004 ], [ 37.770008356089875, 50.031239993588329 ], [ 37.765619797646345, 50.038981571811483 ], [ 37.764188301959535, 50.039429474265859 ], [ 37.76354562578242, 50.040116697173019 ], [ 37.762831341431948, 50.050313977239469 ], [ 37.757572651838778, 50.066180434602757 ], [ 37.762475055269803, 50.06719876798244 ], [ 37.762774107108974, 50.069260520578126 ], [ 37.75235288158521, 50.070400807579986 ], [ 37.750356548400511, 50.070012877931532 ], [ 37.74070455217727, 50.07003638890864 ], [ 37.737645949958512, 50.070941552763323 ], [ 37.733305298905556, 50.073680451011285 ], [ 37.724807146633097, 50.08287166125023 ], [ 37.718012287811796, 50.085739146237387 ], [ 37.711510468724029, 50.085938923635389 ], [ 37.671060970735461, 50.085193909375015 ], [ 37.658958183890654, 50.095835370412082 ], [ 37.650455927967514, 50.119395012063734 ], [ 37.656859779438804, 50.134338506643097 ], [ 37.65996827494623, 50.141592232931636 ], [ 37.651797362391385, 50.145240512699367 ], [ 37.649052550421459, 50.143274612881008 ], [ 37.631744999711593, 50.139925704365368 ], [ 37.627627515883873, 50.139664420811471 ], [ 37.623632333555982, 50.139925704365368 ], [ 37.619759452727919, 50.139742806027478 ], [ 37.617307994029893, 50.139372574385213 ], [ 37.603477859508729, 50.148158232084342 ], [ 37.605466748851143, 50.159094298695408 ], [ 37.605466748851136, 50.159094298695408 ], [ 37.630337435796868, 50.182682657727987 ], [ 37.633930929724208, 50.194634480306398 ], [ 37.616365587630142, 50.214598147561802 ], [ 37.582696704234834, 50.224069364177986 ], [ 37.571516687221305, 50.230419142222004 ], [ 37.53889907982871, 50.235706044627861 ], [ 37.539268057287899, 50.238349276002765 ], [ 37.54583585606153, 50.239600039766749 ], [ 37.559266635576122, 50.237499681900118 ], [ 37.566572389268124, 50.23818407833528 ], [ 37.570188368368214, 50.237877281148322 ], [ 37.588636973621171, 50.245594000409319 ], [ 37.62801299371656, 50.241145255283882 ], [ 37.629276861185517, 50.245852276702976 ], [ 37.625435695348521, 50.247785665963235 ], [ 37.625361350203292, 50.249180193131394 ], [ 37.62565873078421, 50.250273600663562 ], [ 37.626179146800837, 50.252206810556643 ], [ 37.626290664518685, 50.253450678731824 ], [ 37.626538481669463, 50.254448918875561 ], [ 37.626749126247617, 50.255819484366519 ], [ 37.62772800399317, 50.258101031952975 ], [ 37.628037775431636, 50.261348879951704 ], [ 37.627133242831313, 50.262299427719562 ], [ 37.626897816538076, 50.26382026469269 ], [ 37.626786298820242, 50.264889574113759 ], [ 37.626811080535319, 50.267899353219676 ], [ 37.626736735390082, 50.271479158577954 ], [ 37.626773907962693, 50.272849234106928 ], [ 37.626885425680548, 50.274124240079601 ], [ 37.627034115971, 50.274662741663342 ], [ 37.627034115971014, 50.275763483303969 ], [ 37.626897816538076, 50.277165110283626 ], [ 37.626352618806379, 50.279160575802536 ], [ 37.626526090811922, 50.279564409837732 ], [ 37.626476527381769, 50.280973842959085 ], [ 37.626352618806379, 50.282858300693434 ], [ 37.626402182236532, 50.285098966361971 ], [ 37.626315446233768, 50.287022845994954 ], [ 37.626141974228219, 50.289176232183685 ], [ 37.626141974228219, 50.29064871222846 ], [ 37.626241101088532, 50.291432433026884 ], [ 37.626315446233761, 50.292928591433856 ], [ 37.627058897686091, 50.294480113423674 ], [ 37.628657318308584, 50.296427360238702 ], [ 37.630652246372321, 50.297860039725393 ], [ 37.635844015681037, 50.301437592359491 ], [ 37.637380482015836, 50.302339852969602 ], [ 37.637752207741997, 50.302696003762229 ], [ 37.637553954021378, 50.30327375382037 ], [ 37.636934411144445, 50.304983219737572 ], [ 37.636302477409963, 50.30734946236867 ], [ 37.635955533398892, 50.308750159219407 ], [ 37.635856406538565, 50.309438622209292 ], [ 37.635905969968725, 50.309786806592804 ], [ 37.635720107105655, 50.310356557357437 ], [ 37.636513121988123, 50.310831344446441 ], [ 37.635311208806861, 50.31227150294967 ], [ 37.634084513910537, 50.312160723074967 ], [ 37.633737569899452, 50.312200287345554 ], [ 37.630701809802467, 50.313371374845538 ], [ 37.629809668059671, 50.313664142213604 ], [ 37.627170415403938, 50.314083508546084 ], [ 37.622449498681689, 50.314740244615621 ], [ 37.616526668778178, 50.315491919344467 ], [ 37.612697893798718, 50.315974567378518 ], [ 37.609092154254945, 50.316346440390511 ], [ 37.606229866163503, 50.316346440390511 ], [ 37.604402214676561, 50.316295011317521 ], [ 37.59777310589336, 50.316144679862028 ], [ 37.596187076128395, 50.316097206672048 ], [ 37.595071898949918, 50.316033909011679 ], [ 37.590859007386761, 50.315211031757592 ], [ 37.587996719295319, 50.314601776921947 ], [ 37.586249608382346, 50.314309015327581 ], [ 37.585357466639572, 50.313873825842236 ], [ 37.58498574091341, 50.31332785521802 ], [ 37.584403370609081, 50.3129638713188 ], [ 37.58201193510412, 50.310898605567367 ], [ 37.580029397897924, 50.308999431453095 ], [ 37.576876, 50.306363 ], [ 37.57655995778709, 50.306514564112987 ], [ 37.57529609031814, 50.307915285554898 ], [ 37.57410656799442, 50.309260572391629 ], [ 37.572855091382998, 50.310582081815831 ], [ 37.571046026182351, 50.312520756724027 ], [ 37.569398042129698, 50.314372315284544 ], [ 37.567923530082595, 50.316073470059294 ], [ 37.566758789473958, 50.317252374170124 ], [ 37.565730348298231, 50.318454984481782 ], [ 37.557750636043316, 50.327347026976867 ], [ 37.554281195932475, 50.3338172362458 ], [ 37.551679115849339, 50.334228515608871 ], [ 37.544529591049503, 50.334687246082893 ], [ 37.542745307563933, 50.334608154937861 ], [ 37.542026637826687, 50.334196878861178 ], [ 37.539969755475262, 50.334347153225039 ], [ 37.53788809140876, 50.334481608831915 ], [ 37.534777986166539, 50.333643232366555 ], [ 37.533278692404352, 50.333904237946413 ], [ 37.525732660163271, 50.335406969451988 ], [ 37.521420641739795, 50.336237405944821 ], [ 37.520925007438258, 50.336498397273111 ], [ 37.518917688516986, 50.338254119850248 ], [ 37.516637770729851, 50.34003350219777 ], [ 37.514345462085195, 50.341939344468877 ], [ 37.511991199152838, 50.344042799440409 ], [ 37.51097514883466, 50.344833547892485 ], [ 37.509798017368489, 50.345908944658852 ], [ 37.508682840189998, 50.346818268511342 ], [ 37.507914607022606, 50.347695947194445 ], [ 37.506948120134588, 50.349229869185862 ], [ 37.505907288101326, 50.350542361036084 ], [ 37.505709034380708, 50.352455687775148 ], [ 37.501025290231077, 50.352874711851726 ], [ 37.49935252446334, 50.3531672359019 ], [ 37.492996014545987, 50.354621923330122 ], [ 37.485734972028304, 50.356226771334548 ], [ 37.484656967422431, 50.35662995122258 ], [ 37.484297632553812, 50.357080559986493 ], [ 37.482414222207929, 50.359104293972663 ], [ 37.482538130783311, 50.359349349653776 ], [ 37.482947029082091, 50.361554793853941 ], [ 37.481968151336538, 50.362993415489854 ], [ 37.481323826744529, 50.363443963848553 ], [ 37.481645989040523, 50.363807561159781 ], [ 37.480741456440207, 50.36419486827517 ], [ 37.479204990105401, 50.365356770657172 ], [ 37.478436756937995, 50.365759873000329 ], [ 37.477780041488451, 50.365744065129803 ], [ 37.475747940852088, 50.366716239370966 ], [ 37.474558418528382, 50.367735815349214 ], [ 37.473269769344348, 50.368423423989078 ], [ 37.472625444752346, 50.368439230967084 ], [ 37.471844820727398, 50.369442963287774 ], [ 37.470952678984617, 50.370683768384396 ], [ 37.470952678984617, 50.372288073371536 ], [ 37.471064196702464, 50.374967062739579 ], [ 37.470791597836616, 50.375694078004543 ], [ 37.468102781750709, 50.377819743507985 ], [ 37.467408893728546, 50.378475598765704 ], [ 37.46716107657776, 50.378957607089639 ], [ 37.466479579413139, 50.380861887157252 ], [ 37.465736127960824, 50.381667824990231 ], [ 37.465352011377114, 50.382426342205676 ], [ 37.465017458223564, 50.383548293344816 ], [ 37.465005067366022, 50.384362086366188 ], [ 37.465252884516801, 50.385507693652727 ], [ 37.46561221938542, 50.386123939918249 ], [ 37.465909599966345, 50.387230002873395 ], [ 37.46613263540204, 50.387790924941584 ], [ 37.466008726826651, 50.390232043710661 ], [ 37.466008726826651, 50.391274813419521 ], [ 37.465990140540342, 50.391748792069635 ], [ 37.466095462829422, 50.392052925874495 ], [ 37.466039703970488, 50.392590092504264 ], [ 37.466324693693899, 50.39562338983923 ], [ 37.466014922255425, 50.396610749445635 ], [ 37.465829059392341, 50.397645480244314 ], [ 37.465891013680036, 50.398585406965069 ], [ 37.466237957691121, 50.399327856913416 ], [ 37.466225566833579, 50.400204564750794 ], [ 37.467328353154528, 50.406822790695088 ], [ 37.465891013680036, 50.409010234938442 ], [ 37.465494506238791, 50.410992272300703 ], [ 37.465209516515401, 50.411924038107138 ], [ 37.464837790789247, 50.413084771572656 ], [ 37.464453674205537, 50.413874369922652 ], [ 37.465011262794782, 50.414750808680381 ], [ 37.465395379378478, 50.415406153192649 ], [ 37.462805690152891, 50.41860378854097 ], [ 37.4579078, 50.421066105575669 ], [ 37.454251427863149, 50.423368541959952 ], [ 37.450980747742335, 50.425983213062075 ], [ 37.435477842524854, 50.431817589243202 ], [ 37.396595142894803, 50.431033038758436 ], [ 37.396279176027562, 50.431064610978268 ], [ 37.395250734851849, 50.431198792677648 ], [ 37.393206243357952, 50.43137243901824 ], [ 37.390343955266509, 50.431597389012559 ], [ 37.387283413454455, 50.431822337938094 ], [ 37.381242870404336, 50.432295911129984 ], [ 37.378646985749981, 50.432493231895215 ], [ 37.377556590286559, 50.432627409545823 ], [ 37.376305113675159, 50.432844460822572 ], [ 37.373436630154941, 50.433258828678632 ], [ 37.370673468923812, 50.433708709673191 ], [ 37.369050266586243, 50.433945487426875 ], [ 37.36750140939391, 50.434178317729902 ], [ 37.366126024207112, 50.434442716854996 ], [ 37.364366522436612, 50.43479393131971 ], [ 37.363319494974583, 50.435018865057557 ], [ 37.361188267477928, 50.435480567802706 ], [ 37.357136457062772, 50.436360552872209 ], [ 37.355575209012883, 50.436668346478982 ], [ 37.354342318687785, 50.436913001508017 ], [ 37.353313877512065, 50.437165547308481 ], [ 37.352966933500987, 50.437224737535558 ], [ 37.352626184918662, 50.437311549734737 ], [ 37.351826974607427, 50.437354955774623 ], [ 37.349187721951672, 50.437339171764727 ], [ 37.346114789282069, 50.437319441744954 ], [ 37.342874580035698, 50.437244467594816 ], [ 37.342403727449224, 50.437216845509553 ], [ 37.340830088541814, 50.437189223408204 ], [ 37.339529048500239, 50.437201061453614 ], [ 37.332645927137492, 50.437055058686575 ], [ 37.330762516791609, 50.436605209492022 ], [ 37.328953451590962, 50.436147463818237 ], [ 37.328631289294954, 50.435784420998573 ], [ 37.327107213817698, 50.435358236744605 ], [ 37.325025549751189, 50.434616351298033 ], [ 37.323513865131467, 50.434079660961643 ], [ 37.322411078810525, 50.433732387501827 ], [ 37.321134820484033, 50.433345648150834 ], [ 37.320007252448015, 50.43292733468391 ], [ 37.319585963291694, 50.432690551838057 ], [ 37.317578644370414, 50.431451368962527 ], [ 37.315769579169753, 50.430164794462982 ], [ 37.31405964082942, 50.42909920015795 ], [ 37.313638351673106, 50.428901865247575 ], [ 37.311321261313353, 50.427338943707277 ], [ 37.310503464715808, 50.426573251196785 ], [ 37.309821967551173, 50.425878591610136 ], [ 37.30953697782779, 50.425428636212736 ], [ 37.30936350582224, 50.424970782472592 ], [ 37.30917764295917, 50.423976119438549 ], [ 37.309190033816705, 50.423155111989892 ], [ 37.309128079529003, 50.42280775840014 ], [ 37.30889265323578, 50.422349879321217 ], [ 37.308273110358847, 50.421331477222175 ], [ 37.307616394909282, 50.420084102179906 ], [ 37.306972070317279, 50.418907750049257 ], [ 37.305695811990766, 50.416468107882785 ], [ 37.304952360538429, 50.415378518366197 ], [ 37.301990945586688, 50.410798810153871 ], [ 37.3012598849919, 50.409495881243622 ], [ 37.301148367274052, 50.408872041990726 ], [ 37.299841131803717, 50.406420037245915 ], [ 37.299562337509101, 50.406072560931335 ], [ 37.298025871174296, 50.404864271185808 ], [ 37.292908447010817, 50.401420871291869 ], [ 37.29231368584896, 50.401093103445582 ], [ 37.290628529223696, 50.400635014465266 ], [ 37.288144162287175, 50.399928127093055 ], [ 37.287400710834859, 50.399742518046764 ], [ 37.275195716159217, 50.396527812029902 ], [ 37.274749645287834, 50.396417228583132 ], [ 37.273758376684732, 50.396314543723037 ], [ 37.269384403973561, 50.395169197514704 ], [ 37.265295420985787, 50.39415811028001 ], [ 37.26418024380731, 50.393834241840374 ], [ 37.263597873502988, 50.39361306212237 ], [ 37.260091260819529, 50.392001578745656 ], [ 37.257897, 50.390997 ], [ 37.257656457313175, 50.390840328827863 ], [ 37.257439617306247, 50.390895627087929 ], [ 37.256863442430692, 50.391488104398462 ], [ 37.256058036690675, 50.392380756232612 ], [ 37.255847392112514, 50.392483449613465 ], [ 37.253802900618638, 50.391693494804635 ], [ 37.251237993108127, 50.390658634090727 ], [ 37.248512004449616, 50.389568451046451 ], [ 37.244299112886445, 50.387901528509964 ], [ 37.241845723093775, 50.386929788336445 ], [ 37.237521313812771, 50.385175865423669 ], [ 37.235898111475187, 50.384551706035175 ], [ 37.232639315942507, 50.38331126362533 ], [ 37.230706342166471, 50.382473749128906 ], [ 37.229752246135995, 50.382094492416606 ], [ 37.229169875831673, 50.381960171603758 ], [ 37.22711299348024, 50.381114731873232 ], [ 37.222478812760762, 50.379257872094236 ], [ 37.223336, 50.377942 ], [ 37.221165381861667, 50.376990034105845 ], [ 37.216878145153274, 50.375267353003942 ], [ 37.214362801072916, 50.374279548924306 ], [ 37.211413776978695, 50.373584122515659 ], [ 37.189883986118069, 50.359963445486997 ], [ 37.177648340253384, 50.35690689247221 ], [ 37.173758891030815, 50.358915573069567 ], [ 37.169677100825879, 50.354336388206519 ], [ 37.145599781606506, 50.335372995044402 ], [ 37.14529846921323, 50.333414464488108 ], [ 37.132756340843116, 50.330137692211231 ], [ 37.127558702059105, 50.323019186920085 ], [ 37.121570118242744, 50.324111444345711 ], [ 37.120929829407032, 50.325354357967974 ], [ 37.112370738630354, 50.327086478478456 ], [ 37.112493082395304, 50.335222338847764 ], [ 37.118029697621751, 50.340005673091021 ], [ 37.132342036302362, 50.346031920956541 ], [ 37.140343290069573, 50.355001401627483 ], [ 37.138109463779664, 50.360882895184709 ], [ 37.135507383696542, 50.360622037844124 ], [ 37.132471623599564, 50.360392798391629 ], [ 37.12727985429084, 50.359823647378178 ], [ 37.122484592423362, 50.359333539648048 ], [ 37.118036274566961, 50.358811806503688 ], [ 37.114765088176732, 50.358456076071931 ], [ 37.111791282367449, 50.358100342974346 ], [ 37.110006998881872, 50.357926428045289 ], [ 37.1036133163919, 50.357294004750258 ], [ 37.103489407816511, 50.357127992239199 ], [ 37.10495152900608, 50.354598205957792 ], [ 37.105447163307623, 50.353791808247081 ], [ 37.105856061606396, 50.353317450254345 ], [ 37.105670198743326, 50.352463593924071 ], [ 37.105571071883013, 50.351846910357779 ], [ 37.105509, 50.351607 ], [ 37.102101631772172, 50.351072091446461 ], [ 37.100230612283816, 50.350747928762758 ], [ 37.095286660125872, 50.349957278789205 ], [ 37.09147258571705, 50.349439754395078 ], [ 37.087424413332982, 50.327442067062499 ], [ 37.090509693577808, 50.321523317560008 ], [ 37.080705987660018, 50.319769261291796 ], [ 37.079089992179064, 50.322486301320936 ], [ 37.073177821534209, 50.327680922604458 ], [ 37.074441410175254, 50.331267883908069 ], [ 37.064266040484775, 50.334289647081306 ], [ 37.04549811075043, 50.343533543245044 ], [ 37.032625665157553, 50.348748476285238 ], [ 37.0381007, 50.334422599999989 ], [ 37.0488748, 50.3356774 ], [ 37.049071440934547, 50.333276301623151 ], [ 37.0443708, 50.3313439 ], [ 37.04240248015067, 50.326350314967669 ], [ 37.044434580787005, 50.326793300663709 ], [ 37.047358823166142, 50.324942225868455 ], [ 37.05264587557113, 50.321151995020458 ], [ 37.055643674867909, 50.318167057364391 ], [ 37.056002265395179, 50.316234652856295 ], [ 37.053803040970948, 50.315278182742105 ], [ 37.038175053853656, 50.311540994658259 ], [ 37.03079022486375, 50.310458799612839 ], [ 37.027894069727317, 50.308852267420114 ], [ 37.025933104766246, 50.307955230257072 ], [ 37.024076446452035, 50.307506711675551 ], [ 37.021969452185353, 50.306515798530327 ], [ 37.021187152333859, 50.306536659859702 ], [ 37.01925747936685, 50.306067279948806 ], [ 37.015784068026235, 50.305065936138902 ], [ 37.013405876477705, 50.30442966559302 ], [ 37.006062915417175, 50.301894955358662 ], [ 37.005032081485489, 50.301913350608892 ], [ 37.004454099440366, 50.302185911439572 ], [ 37.004274391272745, 50.30244263739332 ], [ 37.004471214503951, 50.303007434491562 ], [ 37.00402622285079, 50.303264160445309 ], [ 37.003350177839252, 50.303803284948181 ], [ 37.00190395496648, 50.304085683497306 ], [ 37.000509077284448, 50.303717709630263 ], [ 36.998866031180462, 50.30374338222564 ], [ 36.997698854448672, 50.303564666408384 ], [ 36.996722369466674, 50.303443868612952 ], [ 36.99440755711705, 50.302874792748803 ], [ 36.992524900122902, 50.302395570968471 ], [ 36.991228434056481, 50.302168796376009 ], [ 36.989345777062333, 50.30137294591939 ], [ 36.988575599201084, 50.301210352815346 ], [ 36.987289622512833, 50.301435883284377 ], [ 36.981969184657984, 50.302994598193884 ], [ 36.977219754513655, 50.301710968425148 ], [ 36.976509479374947, 50.301462800003193 ], [ 36.975593823473247, 50.300949348095699 ], [ 36.975242964669796, 50.30041878112462 ], [ 36.9738615, 50.2990686 ], [ 36.976124390444326, 50.297380857338638 ], [ 36.972829740704569, 50.29555810306703 ], [ 36.969653295216169, 50.29420740595102 ], [ 36.971509887084927, 50.289589839215502 ], [ 36.96385702362182, 50.287867690180541 ], [ 36.961370607263632, 50.286339155534115 ], [ 36.958119923582231, 50.285554507748941 ], [ 36.958271407295847, 50.284379324484632 ], [ 36.952355466472746, 50.283282900317921 ], [ 36.954025396028882, 50.280046726566376 ], [ 36.95421719949335, 50.279279876779867 ], [ 36.954299173332224, 50.278861378940519 ], [ 36.956210951731144, 50.275025407997234 ], [ 36.953131513039637, 50.271860263354625 ], [ 36.947359666027069, 50.265168576511911 ], [ 36.946503089991182, 50.263200934458467 ], [ 36.94573879294618, 50.262025264424963 ], [ 36.943639605365085, 50.261989598616537 ], [ 36.942632, 50.263060899999985 ], [ 36.942753733935092, 50.264400452620805 ], [ 36.940888243001524, 50.264358827318496 ], [ 36.936812150611054, 50.265377850416115 ], [ 36.935140952730961, 50.266315351665924 ], [ 36.931614329898366, 50.269825954255118 ], [ 36.930610607904093, 50.269632379299082 ], [ 36.927979422390536, 50.272492986982762 ], [ 36.926736942111724, 50.272280374468842 ], [ 36.924642067028564, 50.274093427791932 ], [ 36.923952079119118, 50.273988595590986 ], [ 36.920558732204057, 50.275771886011803 ], [ 36.919988079269395, 50.276281397560609 ], [ 36.918085099362962, 50.280588313150723 ], [ 36.9151097, 50.2813232 ], [ 36.897485379633245, 50.275065572756702 ], [ 36.89912867646116, 50.272179829592716 ], [ 36.905079771351247, 50.269061618914002 ], [ 36.905094620423391, 50.267572044163877 ], [ 36.906634146801473, 50.267720435463247 ], [ 36.9080605, 50.2672708 ], [ 36.910049207298883, 50.264240928311338 ], [ 36.909242788719894, 50.262217932997544 ], [ 36.905503938944548, 50.260319832241848 ], [ 36.901349661416383, 50.261897682618695 ], [ 36.899773479648339, 50.262381962845552 ], [ 36.8988242, 50.2630026 ], [ 36.897781870127481, 50.262553803032837 ], [ 36.896071285262934, 50.261319664289559 ], [ 36.895802479069943, 50.260601037126456 ], [ 36.895448143633722, 50.259023143798288 ], [ 36.893761995695819, 50.255945320277412 ], [ 36.893505407966138, 50.25475007124777 ], [ 36.893480971039509, 50.2541329047814 ], [ 36.89372534030587, 50.25221104407207 ], [ 36.8992776, 50.2540704 ], [ 36.89920069908456, 50.254634819148286 ], [ 36.900234119433584, 50.255880469671588 ], [ 36.900301884702372, 50.256963617566868 ], [ 36.905655340936683, 50.256638675783982 ], [ 36.908468542745318, 50.254613010253664 ], [ 36.904972435790221, 50.251921977014973 ], [ 36.904550898805752, 50.251453215897421 ], [ 36.904447041867542, 50.251089922859443 ], [ 36.904508134184127, 50.249218724523168 ], [ 36.8887974, 50.2482311 ], [ 36.8809403, 50.2504327 ], [ 36.8684253, 50.2600501 ], [ 36.866010017606314, 50.259549093714682 ], [ 36.865335234961634, 50.25935228210998 ], [ 36.862420548815841, 50.258593151634706 ], [ 36.860583640505311, 50.258274504274723 ], [ 36.85816566936186, 50.257271702288875 ], [ 36.851471477670735, 50.25595499924011 ], [ 36.84615278864996, 50.253698077080323 ], [ 36.841927872396141, 50.252586436239213 ], [ 36.84092375519279, 50.249686924029007 ], [ 36.8406944398806, 50.24909305215165 ], [ 36.841063741061127, 50.247857464444927 ], [ 36.840303329767423, 50.247231243379524 ], [ 36.837932635734091, 50.243183171492447 ], [ 36.837290497639231, 50.238543435157332 ], [ 36.819785342317857, 50.242708258354483 ], [ 36.815647841306649, 50.246255576291937 ], [ 36.809806755237076, 50.248216448951062 ], [ 36.805971590318258, 50.248480827985475 ], [ 36.799764516257675, 50.245551383110019 ], [ 36.785894188600793, 50.245546342915411 ], [ 36.778786702824171, 50.248383213095934 ], [ 36.74391709139654, 50.259866236130598 ], [ 36.726485176343665, 50.267796390234778 ], [ 36.716393471979657, 50.270508054139377 ], [ 36.713865305898032, 50.271819059162162 ], [ 36.709236664812572, 50.2706710215312 ], [ 36.706873382187908, 50.269249334938657 ], [ 36.705926331430234, 50.268727298738824 ], [ 36.705274691000625, 50.268449617577524 ], [ 36.704614362031982, 50.267722085256409 ], [ 36.704136492383597, 50.267449951989988 ], [ 36.701929603462041, 50.267483274514319 ], [ 36.700348289352874, 50.267061187483229 ], [ 36.700009436329488, 50.266844588738529 ], [ 36.699974682173242, 50.266150355354021 ], [ 36.699609763532671, 50.265667162945491 ], [ 36.699227467813969, 50.265339477947826 ], [ 36.698879926251522, 50.265395017936633 ], [ 36.697150906978329, 50.266433603797076 ], [ 36.696620906095582, 50.266905680791915 ], [ 36.696455823853405, 50.267672101711817 ], [ 36.695977954205041, 50.268655101792653 ], [ 36.695352379392624, 50.269032746146124 ], [ 36.694865821205212, 50.269086893436537 ], [ 36.693800389102826, 50.268899460245621 ], [ 36.692412394987784, 50.268362147676278 ], [ 36.690301079995898, 50.267381224209821 ], [ 36.688639396900427, 50.266650204410894 ], [ 36.688219088823331, 50.266131610912261 ], [ 36.687847653778469, 50.265263110357409 ], [ 36.687095009082284, 50.264032186757888 ], [ 36.687730358501142, 50.263376097730813 ], [ 36.688776241390634, 50.262876214310822 ], [ 36.688668720719761, 50.262695005275468 ], [ 36.688297285674892, 50.262769988408195 ], [ 36.687231853572492, 50.263201139130572 ], [ 36.686625827972975, 50.263132405218947 ], [ 36.685061890941952, 50.260720406964687 ], [ 36.68374231907201, 50.258258293146383 ], [ 36.683194941111154, 50.257052185880781 ], [ 36.68308742044028, 50.256114775725685 ], [ 36.683185166504707, 50.255564819850001 ], [ 36.683556601549583, 50.255089852848513 ], [ 36.683771642891351, 50.254821119421315 ], [ 36.683664122220463, 50.254614881111991 ], [ 36.683820515923571, 50.252702446996388 ], [ 36.67264814075817, 50.246608394966771 ], [ 36.674994046304704, 50.238056657326396 ], [ 36.667448050129977, 50.232729799748697 ], [ 36.666710718395727, 50.231429305795388 ], [ 36.662619394546681, 50.224213094042177 ], [ 36.65988250474237, 50.220823497332198 ], [ 36.655855366887479, 50.219697747726968 ], [ 36.652864337315634, 50.218928470217065 ], [ 36.65221921329033, 50.21893472455578 ], [ 36.651222203433058, 50.218546954004779 ], [ 36.64939435202804, 50.218002819045957 ], [ 36.648031, 50.217714 ], [ 36.647537176803695, 50.217802675890667 ], [ 36.645161947437813, 50.219234931849883 ], [ 36.642405508420616, 50.220954833055593 ], [ 36.640421263312504, 50.222118076535018 ], [ 36.638955072345922, 50.222580864439948 ], [ 36.635836972890303, 50.223237515248165 ], [ 36.63324670218266, 50.223919171762212 ], [ 36.619523154735383, 50.226902086131446 ], [ 36.617714852543251, 50.227064671490218 ], [ 36.616668969653745, 50.227002138725524 ], [ 36.615838128106013, 50.227127204172945 ], [ 36.615476467667584, 50.227033405118128 ], [ 36.614899765887394, 50.226664460379261 ], [ 36.614499007023191, 50.225757719656968 ], [ 36.61417644501055, 50.224688368790098 ], [ 36.615105032622722, 50.224275630463794 ], [ 36.615105032622722, 50.22410678193723 ], [ 36.613971178275214, 50.22380660530299 ], [ 36.613489, 50.223726 ], [ 36.612201974508864, 50.224156811192586 ], [ 36.611024134432377, 50.224306898643832 ], [ 36.610085772213758, 50.224607072129466 ], [ 36.606400745584388, 50.226089151023423 ], [ 36.600966064401568, 50.227827564617542 ], [ 36.599578070286526, 50.228321562673827 ], [ 36.596704335992015, 50.229365820203931 ], [ 36.5981604, 50.2309131 ], [ 36.586724462812754, 50.235036927325815 ], [ 36.584456754117753, 50.235999760559771 ], [ 36.581211584778359, 50.238175441967108 ], [ 36.579950660547091, 50.238650577570411 ], [ 36.578376948909622, 50.239675854053047 ], [ 36.575816002021313, 50.240901155558795 ], [ 36.57542501776355, 50.241082447494549 ], [ 36.575073131931575, 50.241351258406027 ], [ 36.575053582718681, 50.241882624352414 ], [ 36.573978376009855, 50.242864072937536 ], [ 36.571847511805082, 50.24373298188906 ], [ 36.570889600373569, 50.243839250242068 ], [ 36.569482057045647, 50.244108045606787 ], [ 36.568820735121356, 50.244585985460937 ], [ 36.539302593149209, 50.227804449153531 ], [ 36.482687175826058, 50.229845179214195 ], [ 36.472574511499559, 50.239730993828779 ], [ 36.463654378343634, 50.246015353265804 ], [ 36.45822836151752, 50.248608172725021 ], [ 36.452861971249916, 50.249446995877619 ], [ 36.443159930667434, 50.248942977756705 ], [ 36.416251264313189, 50.251856623891683 ], [ 36.396312143141138, 50.259786184793448 ], [ 36.380439553260793, 50.266883547194332 ], [ 36.368120706268726, 50.270656687336988 ], [ 36.359486780593748, 50.282484877564492 ], [ 36.351216143590889, 50.280990064998825 ], [ 36.33716259708055, 50.280777897552255 ], [ 36.31472830720179, 50.285611679481228 ], [ 36.294207624316343, 50.291780747662919 ], [ 36.283641798145027, 50.302049810674795 ], [ 36.273266776961016, 50.317662460549428 ], [ 36.282621794432202, 50.327271066966851 ], [ 36.281546587723376, 50.334115989693672 ], [ 36.281986445013352, 50.334727429798647 ], [ 36.282592470612876, 50.335270232277693 ], [ 36.283345115309061, 50.335675770312129 ], [ 36.282221035568, 50.336274712461822 ], [ 36.279933777660119, 50.337828183469725 ], [ 36.277079592578481, 50.33993682990252 ], [ 36.273814874026215, 50.342188860736314 ], [ 36.270432860196614, 50.344596731262726 ], [ 36.269807285384211, 50.344958525092977 ], [ 36.267705744998757, 50.346461811316992 ], [ 36.264177112072495, 50.349075295244873 ], [ 36.261225180926424, 50.35116473143006 ], [ 36.258380770451247, 50.353409993198596 ], [ 36.255526585369616, 50.355193653255803 ], [ 36.252657738378325, 50.355960731204974 ], [ 36.249886637451475, 50.356506409193209 ], [ 36.248019687620683, 50.356961655744115 ], [ 36.2238491, 50.358275 ], [ 36.219057223620275, 50.363758970551274 ], [ 36.221466815288586, 50.367858872792887 ], [ 36.228888023308627, 50.370901364574259 ], [ 36.215993189607133, 50.382510824031847 ], [ 36.212448483817163, 50.385713396840472 ], [ 36.208048762623278, 50.389928103978313 ], [ 36.207402905964052, 50.390867073648799 ], [ 36.205321793981163, 50.390280814792384 ], [ 36.189646291039573, 50.397574020017956 ], [ 36.190533638731168, 50.398637407885587 ], [ 36.191566912010309, 50.402910125395813 ], [ 36.184531454423713, 50.406311027857647 ], [ 36.167084220520806, 50.416497069335591 ], [ 36.165469005372167, 50.420251353194608 ], [ 36.164115717004378, 50.423292614150164 ], [ 36.162616913758342, 50.426362978081372 ], [ 36.161118110512305, 50.429942644086474 ], [ 36.160419639096673, 50.430786630380361 ], [ 36.15934282899758, 50.431295932454255 ], [ 36.157814922775884, 50.431368689893382 ], [ 36.15538482430901, 50.431674271137716 ], [ 36.153318513037767, 50.432445499992475 ], [ 36.153085689232562, 50.43327493479854 ], [ 36.152343563353455, 50.433624170506356 ], [ 36.14962243513007, 50.434278987458505 ], [ 36.145402503660634, 50.435326694581953 ], [ 36.135405631524428, 50.437698587097529 ], [ 36.132728157764518, 50.437756793048827 ], [ 36.129730551272445, 50.437705862841419 ], [ 36.12958503639419, 50.437429384572731 ], [ 36.128420917368139, 50.437538520731422 ], [ 36.1283408841851, 50.437785896024458 ], [ 36.12580164955952, 50.437880480695327 ], [ 36.124906733058246, 50.437887756439238 ], [ 36.123873577422629, 50.438149683220104 ], [ 36.121247033870112, 50.438302473842271 ], [ 36.119420822147994, 50.438375231281398 ], [ 36.118402218000206, 50.438055098549235 ], [ 36.117601886169801, 50.43811330450054 ], [ 36.116357733960704, 50.438666261037909 ], [ 36.114604279677721, 50.438986393770072 ], [ 36.112625277333436, 50.439379283941363 ], [ 36.11162122467347, 50.439561177539183 ], [ 36.107263054069698, 50.440747123796989 ], [ 36.103959866333277, 50.44168569476173 ], [ 36.104083553979798, 50.440950844626535 ], [ 36.103756145503723, 50.440798054004368 ], [ 36.103596079137638, 50.441125462480443 ], [ 36.103617906369379, 50.441751176456947 ], [ 36.101173256414675, 50.442424182768875 ], [ 36.099048739192135, 50.442998966537985 ], [ 36.098495782654759, 50.442780694220602 ], [ 36.095789205919196, 50.443602853282748 ], [ 36.09545452169921, 50.444010294941869 ], [ 36.093082629183634, 50.444650560406195 ], [ 36.092376882024091, 50.444927038674884 ], [ 36.092093128011491, 50.444759696564887 ], [ 36.090477912862852, 50.445574579883122 ], [ 36.090557946045891, 50.445865609639633 ], [ 36.088993661104638, 50.44689876527525 ], [ 36.0882042428901, 50.447069745257203 ], [ 36.087265671925351, 50.44761542605066 ], [ 36.086174310338428, 50.448146555356296 ], [ 36.085490390410627, 50.448226588539335 ], [ 36.084093447579363, 50.44810290089282 ], [ 36.083220358309831, 50.448059246429345 ], [ 36.083103946407221, 50.448357551929767 ], [ 36.081707003575964, 50.448313897466292 ], [ 36.079764379951243, 50.448059246429345 ], [ 36.077770826119135, 50.447906455807171 ], [ 36.075529896993984, 50.447637253282394 ], [ 36.075348003396165, 50.447353499269795 ], [ 36.07491873450531, 50.447302569062408 ], [ 36.074824149834448, 50.447528117123703 ], [ 36.073405379771451, 50.44729529331849 ], [ 36.072073918635404, 50.446996987818068 ], [ 36.072019350556062, 50.446698682317638 ], [ 36.071182640006086, 50.446502237231989 ], [ 36.07025862052916, 50.446138450036351 ], [ 36.069174534686148, 50.445781938584624 ], [ 36.068694335587907, 50.445541839035499 ], [ 36.067792143342714, 50.445389048413332 ], [ 36.067748488879239, 50.445680078169843 ], [ 36.067995864172275, 50.445774662840712 ], [ 36.069130880222673, 50.446131174292439 ], [ 36.067457459122728, 50.450962268250557 ], [ 36.067064568951437, 50.451107783128812 ], [ 36.064765433874989, 50.451238746519245 ], [ 36.060727396003372, 50.450889510811436 ], [ 36.057205935949568, 50.450569378079273 ], [ 36.055867199069617, 50.450205590883627 ], [ 36.053742681847076, 50.44973266752929 ], [ 36.051108862550635, 50.449427086284949 ], [ 36.04795118969249, 50.449179710991935 ], [ 36.046568798349057, 50.448743166357168 ], [ 36.046408731982979, 50.448102900892842 ], [ 36.045768466518645, 50.447971937502409 ], [ 36.044444281126516, 50.448553997015431 ], [ 36.043745809710884, 50.448510342551955 ], [ 36.041592189512698, 50.448874129747601 ], [ 36.039147539557987, 50.449077850577154 ], [ 36.037663287799781, 50.448117452380664 ], [ 36.035844351821574, 50.447346223525905 ], [ 36.033006811695579, 50.446996987818089 ], [ 36.027870136493135, 50.446880575915486 ], [ 36.026502296637524, 50.4465458916955 ], [ 36.025207214221048, 50.445687353913783 ], [ 36.023388278242841, 50.444945228034676 ], [ 36.022908079144599, 50.444523234887733 ], [ 36.02223871070462, 50.444566889351215 ], [ 36.021220106556825, 50.444872470595548 ], [ 36.019124692309937, 50.445032536961627 ], [ 36.016883763184794, 50.444828816132073 ], [ 36.01548682035353, 50.44461054381469 ], [ 36.014249943888352, 50.444756058692946 ], [ 36.012736589154493, 50.44461054381469 ], [ 36.011892602860605, 50.444159447692094 ], [ 36.011368749298882, 50.444232205131222 ], [ 36.010335593663264, 50.444523234887733 ], [ 36.007148817829453, 50.444930676546853 ], [ 36.005315330363423, 50.444857919107726 ], [ 36.003525497360869, 50.444625095302513 ], [ 36.00144463460181, 50.444203102155569 ], [ 36.000556993844441, 50.443679248593845 ], [ 35.998956330183624, 50.442980777178221 ], [ 35.997661247767148, 50.442296857250412 ], [ 35.995798657325466, 50.441889415591298 ], [ 35.99469274425072, 50.441903967079128 ], [ 35.9908220484891, 50.441074532273063 ], [ 35.989032215486553, 50.440637987638297 ], [ 35.986660322970977, 50.440543402967414 ], [ 35.982862384648492, 50.440281476186556 ], [ 35.979893881132064, 50.440165064283953 ], [ 35.978482386812978, 50.440390612345247 ], [ 35.977412852457796, 50.440463369784382 ], [ 35.976467005749129, 50.440412439576981 ], [ 35.976285112151309, 50.440114134076559 ], [ 35.976306939383043, 50.439495695843966 ], [ 35.976059564090008, 50.438709915501384 ], [ 35.975579364991766, 50.43838250702531 ], [ 35.974604415307446, 50.437662208377944 ], [ 35.974015080050513, 50.437291145438387 ], [ 35.973709498806173, 50.436338022985808 ], [ 35.972741824865764, 50.435734136241045 ], [ 35.972428967877519, 50.436127026412336 ], [ 35.971919665803618, 50.436301644266244 ], [ 35.97137398501016, 50.436257989802762 ], [ 35.969955214947163, 50.435421279252793 ], [ 35.968725614225896, 50.434882874203247 ], [ 35.968587375091552, 50.434606395934559 ], [ 35.968347275542435, 50.434620947422381 ], [ 35.967954385371137, 50.434722807837161 ], [ 35.967248638211593, 50.434657326141945 ], [ 35.96704491738204, 50.434388123617175 ], [ 35.96682664506465, 50.434671877629775 ], [ 35.965487908184691, 50.434737359324991 ], [ 35.965407875001652, 50.434635498910211 ], [ 35.965116845245142, 50.434664601885864 ], [ 35.965014984830361, 50.43481739250803 ], [ 35.963654420718662, 50.434890149947158 ], [ 35.962526680412175, 50.4350865950328 ], [ 35.961187943532224, 50.43470098060542 ], [ 35.960060203225737, 50.434191678531526 ], [ 35.959507246688361, 50.433784236872405 ], [ 35.959259871395325, 50.43353686157937 ], [ 35.959238044163584, 50.433260383310682 ], [ 35.959005220358378, 50.433202177359377 ], [ 35.95872874208969, 50.433362243725462 ], [ 35.956975287806699, 50.433340416493721 ], [ 35.955352796914148, 50.433471379884153 ], [ 35.954312365534612, 50.433544137323281 ], [ 35.952879043983792, 50.433878821543274 ], [ 35.951904094299472, 50.433951578982402 ], [ 35.950696320809946, 50.433871545799363 ], [ 35.949561304759548, 50.433755133896753 ], [ 35.94783695345221, 50.433515034347629 ], [ 35.945639678790542, 50.433282210542416 ], [ 35.943173201604104, 50.43302028376155 ], [ 35.942220079151525, 50.432845665907642 ], [ 35.940503003588084, 50.433569602426957 ], [ 35.939659017294197, 50.43378787474434 ], [ 35.938691343353796, 50.433802426232162 ], [ 35.937709117925564, 50.433445914780435 ], [ 35.937454466888617, 50.433140333536095 ], [ 35.937454466888617, 50.432259968522651 ], [ 35.937316227754273, 50.431430533716586 ], [ 35.937017922253851, 50.431219537143114 ], [ 35.936188487447787, 50.430833922715735 ], [ 35.935555497727371, 50.430950334618338 ], [ 35.934536893579576, 50.43145236094832 ], [ 35.933321844346139, 50.430950334618338 ], [ 35.932645200162241, 50.431044919289207 ], [ 35.93225230999095, 50.431372327765281 ], [ 35.931750283660968, 50.432281795754385 ], [ 35.930091414048846, 50.433307675646091 ], [ 35.928221547863259, 50.433889735159113 ], [ 35.92782138194805, 50.434711894221266 ], [ 35.927413940288936, 50.434973821002124 ], [ 35.926460817836357, 50.435141163112121 ], [ 35.925522246871608, 50.435497674563848 ], [ 35.924765569504672, 50.4358105315521 ], [ 35.923892480235139, 50.435948770686444 ], [ 35.923092148404734, 50.436137940028182 ], [ 35.922313643806064, 50.436778205492509 ], [ 35.921724308549123, 50.437076510992931 ], [ 35.921040388621321, 50.437185647151622 ], [ 35.92032736571786, 50.437054683761197 ], [ 35.91994175129048, 50.436559933175126 ], [ 35.919505206655714, 50.435977873662097 ], [ 35.919134143716164, 50.435563156259072 ], [ 35.918326536141841, 50.435315780966036 ], [ 35.917555307287081, 50.435097508648646 ], [ 35.916762251200588, 50.435148438856039 ], [ 35.916332982309726, 50.435097508648646 ], [ 35.915903713418871, 50.435308505222118 ], [ 35.914608631002388, 50.435272126502554 ], [ 35.913480890695908, 50.434981096746036 ], [ 35.911945708730308, 50.435272126502561 ], [ 35.91005401531298, 50.436414418296877 ], [ 35.909064514140837, 50.437083786736849 ], [ 35.90803135850522, 50.43730205905424 ], [ 35.907485677711755, 50.437447573932495 ], [ 35.906939996918297, 50.437833188359875 ], [ 35.906132389343973, 50.437993254725953 ], [ 35.904742722256628, 50.438284284482464 ], [ 35.903534948767103, 50.438204251299425 ], [ 35.902276245070183, 50.438051460677258 ], [ 35.901643255349775, 50.438044184933339 ], [ 35.90120707450221, 50.43832175456361 ], [ 35.900453671220035, 50.436061544717113 ], [ 35.89879480160792, 50.436312557882104 ], [ 35.897714353636864, 50.436312557882104 ], [ 35.896361065269083, 50.43607245833298 ], [ 35.894854986279135, 50.435723222625164 ], [ 35.893468957063746, 50.435985149406022 ], [ 35.891089788804244, 50.436503546159827 ], [ 35.890113020183954, 50.436983745258075 ], [ 35.888383212068682, 50.438096934076732 ], [ 35.88645150205982, 50.436339841921772 ], [ 35.885338313241157, 50.435052035249207 ], [ 35.883843147867076, 50.433644178802076 ], [ 35.881202052826723, 50.43142871478063 ], [ 35.878681007560928, 50.429169596295701 ], [ 35.875306411085894, 50.426203532751693 ], [ 35.874501092683012, 50.4254262260526 ], [ 35.87239476482025, 50.422501376999648 ], [ 35.867068920276068, 50.424356691697419 ], [ 35.865453705127429, 50.425109731192393 ], [ 35.863467427039232, 50.425720893681067 ], [ 35.861513889798637, 50.426190179163449 ], [ 35.86159028510972, 50.42681225526799 ], [ 35.861088258779738, 50.427292454366238 ], [ 35.859876847418256, 50.427925444086647 ], [ 35.85966948871674, 50.428896755899011 ], [ 35.859091067075674, 50.428962237594227 ], [ 35.857803260403102, 50.428340161489679 ], [ 35.855282215137315, 50.429311473302043 ], [ 35.851244177265684, 50.428307420642071 ], [ 35.846594976905401, 50.427292454366238 ], [ 35.842524198186176, 50.426332056169755 ], [ 35.838267887997176, 50.425251608198707 ], [ 35.835135680242715, 50.424640445710025 ], [ 35.833640514868627, 50.428842187819676 ], [ 35.831850681866072, 50.433633265186266 ], [ 35.825782711442777, 50.430904861218963 ], [ 35.819310937232324, 50.427969098550136 ], [ 35.812642717936228, 50.424891458875024 ], [ 35.806563833897066, 50.422163054907706 ], [ 35.802263869244591, 50.42017677681951 ], [ 35.800015664375529, 50.419194551391286 ], [ 35.799644601435979, 50.419107242464328 ], [ 35.797189037865401, 50.417994053645671 ], [ 35.796054021815003, 50.417295582230039 ], [ 35.795366464015245, 50.417208273303082 ], [ 35.794275102428323, 50.416629851662016 ], [ 35.79437332497114, 50.416258788722459 ], [ 35.795486513789811, 50.41532021775771 ], [ 35.795661131643719, 50.414719968884903 ], [ 35.794275102428308, 50.413508557523429 ], [ 35.794515201977433, 50.412635468253889 ], [ 35.79556290910088, 50.411915169606516 ], [ 35.796730665998886, 50.410812894403726 ], [ 35.798040299903192, 50.411031166721109 ], [ 35.798891561940991, 50.410998425873501 ], [ 35.800692308559412, 50.411042080336983 ], [ 35.801434434438519, 50.411183957343283 ], [ 35.803311576368031, 50.411140302879801 ], [ 35.804774000894504, 50.410747412708517 ], [ 35.806018153103594, 50.409743360048552 ], [ 35.806585661128793, 50.408270021906205 ], [ 35.80512323660232, 50.407757081960355 ], [ 35.802327797645567, 50.405167877908902 ], [ 35.776692267010013, 50.391332361374879 ], [ 35.765747753930846, 50.378175345651684 ], [ 35.756576744812065, 50.368345286652605 ], [ 35.748473385029165, 50.362018117852415 ], [ 35.744438075561511, 50.358866811270175 ], [ 35.743619554371321, 50.357917326689552 ], [ 35.743373998014285, 50.357598103425381 ], [ 35.740509173848615, 50.355347170152349 ], [ 35.738831205408722, 50.35404572145994 ], [ 35.737652534894849, 50.354283092605101 ], [ 35.729843842740408, 50.354258536969382 ], [ 35.729180840576355, 50.35420124048607 ], [ 35.72423697258759, 50.354127573578957 ], [ 35.717132208656722, 50.354225796121774 ], [ 35.708668699550131, 50.354324018664599 ], [ 35.704109536520768, 50.354405870783616 ], [ 35.700442561588702, 50.354389500359808 ], [ 35.69621899224731, 50.354651427140674 ], [ 35.691471569344195, 50.354725094047787 ], [ 35.687992854285874, 50.354798760954907 ], [ 35.68269702218533, 50.354864242650123 ], [ 35.67808056267264, 50.354954279981037 ], [ 35.672719248876881, 50.354987020828645 ], [ 35.671491467091592, 50.354733279259683 ], [ 35.665147927867601, 50.35280975446274 ], [ 35.659884836614665, 50.351426453651314 ], [ 35.658509721015143, 50.351131786022847 ], [ 35.656815382151443, 50.351270934625184 ], [ 35.648728392792343, 50.352204048781999 ], [ 35.646772127147784, 50.352310456536728 ], [ 35.641140701359262, 50.352965273488884 ], [ 35.637301836977258, 50.353358163660175 ], [ 35.630565407581976, 50.354127573578957 ], [ 35.630303480801111, 50.353661016500546 ], [ 35.628085288375694, 50.354004795400428 ], [ 35.62647280163101, 50.35190938115354 ], [ 35.623149605598833, 50.35383290595049 ], [ 35.618091144643444, 50.356967842108929 ], [ 35.615103542299238, 50.358809514786863 ], [ 35.611592086393316, 50.360937669881366 ], [ 35.607745036799408, 50.363270455273415 ], [ 35.603717912543665, 50.365791500539203 ], [ 35.601565201813457, 50.367174801350629 ], [ 35.601385127151616, 50.3674940246148 ], [ 35.601941721560941, 50.367600432369528 ], [ 35.60806016745763, 50.371938594677545 ], [ 35.608085349441843, 50.372056950003348 ], [ 35.608142019576654, 50.372323299636939 ], [ 35.608940077737088, 50.372855338410567 ], [ 35.611264677917234, 50.374525121638563 ], [ 35.609758598927279, 50.374852530114637 ], [ 35.609472116510709, 50.374893456174149 ], [ 35.609267486213163, 50.375179938590712 ], [ 35.609054670703713, 50.375646495669123 ], [ 35.608641317502659, 50.375998459780902 ], [ 35.607757314617253, 50.376542776372382 ], [ 35.606521347620067, 50.377263075019755 ], [ 35.605436807043056, 50.377709169068403 ], [ 35.605129861596737, 50.377574113072022 ], [ 35.603067188197457, 50.378351708202707 ], [ 35.602641557178551, 50.378130707481354 ], [ 35.602158629676339, 50.37840900468602 ], [ 35.602224111371555, 50.378687301890686 ], [ 35.602420556457204, 50.378826450493023 ], [ 35.602093147981122, 50.379333933630939 ], [ 35.60159385005511, 50.379464897021371 ], [ 35.601340108486148, 50.379718638590326 ], [ 35.601618405690814, 50.379923268887879 ], [ 35.599293805510669, 50.381372051394514 ], [ 35.598540766015695, 50.382026868346671 ], [ 35.597493058892226, 50.383074575470111 ], [ 35.59641261092117, 50.384940803783749 ], [ 35.596134313716504, 50.385857547516764 ], [ 35.595119347440672, 50.389549078084535 ], [ 35.594341752309994, 50.390441266181838 ], [ 35.593965232562503, 50.391194305676812 ], [ 35.593621453662621, 50.392512124793022 ], [ 35.59330223039845, 50.392774051573888 ], [ 35.592983007134272, 50.392872274116712 ], [ 35.590813925980264, 50.392643088183462 ], [ 35.589496106864054, 50.392561236064445 ], [ 35.587629878550416, 50.39246301352162 ], [ 35.58720424753151, 50.392274753647875 ], [ 35.586664023545978, 50.392389346614507 ], [ 35.586352985493704, 50.392536680428741 ], [ 35.586025577017629, 50.39282316284531 ], [ 35.585460797396401, 50.392790421997702 ], [ 35.58447857196817, 50.392708569878678 ], [ 35.584028385313559, 50.392782236785798 ], [ 35.583332642301897, 50.394263760140049 ], [ 35.583188633729954, 50.395650897769563 ], [ 35.582981445553685, 50.396562525745139 ], [ 35.582953820463516, 50.397957592798676 ], [ 35.582891664010639, 50.398793251776297 ], [ 35.5828364138303, 50.40133476007184 ], [ 35.582953820463523, 50.403530954740269 ], [ 35.583022883188946, 50.404207769449407 ], [ 35.582760444832338, 50.404698114799906 ], [ 35.582732819742169, 50.405140116242606 ], [ 35.582649944471662, 50.405816930951751 ], [ 35.582705194652, 50.40785428135171 ], [ 35.582794976195046, 50.407909531532049 ], [ 35.582779325615697, 50.408269494857116 ], [ 35.582746632287254, 50.409021441411348 ], [ 35.582891664010639, 50.409290786040501 ], [ 35.582753538559793, 50.410133351290654 ], [ 35.582608506836408, 50.4105339150981 ], [ 35.582560162928608, 50.411694168885198 ], [ 35.582622319381485, 50.412350264776713 ], [ 35.582732819742162, 50.413393111930596 ], [ 35.582601600563862, 50.414580990807856 ], [ 35.582622319381471, 50.416542372209847 ], [ 35.582912382828248, 50.416790998021369 ], [ 35.582788069922486, 50.417516156638307 ], [ 35.582632678790283, 50.418365628161006 ], [ 35.582674116425537, 50.41934977199827 ], [ 35.582819148148928, 50.419805585986062 ], [ 35.582850226375363, 50.420810448640957 ], [ 35.58271555406079, 50.421763514251786 ], [ 35.582705194651972, 50.422157171786694 ], [ 35.582860585784175, 50.422664782818551 ], [ 35.582953820463494, 50.424674508128348 ], [ 35.582995258098748, 50.426114465953404 ], [ 35.582933101645864, 50.427430110872713 ], [ 35.58267411642553, 50.427865206042874 ], [ 35.582798429331298, 50.429243007415039 ], [ 35.583109211595698, 50.429377679729619 ], [ 35.583171368048575, 50.429978525440795 ], [ 35.583539127061449, 50.430123557164173 ], [ 35.587423905366471, 50.431309709473318 ], [ 35.587408366253243, 50.432635713801432 ], [ 35.587988493146796, 50.434189625123437 ], [ 35.587708789108838, 50.435474191816304 ], [ 35.587398006844438, 50.436479054471199 ], [ 35.587770945561715, 50.437245650723391 ], [ 35.58762591383833, 50.43850949859862 ], [ 35.587470522706134, 50.440622817996541 ], [ 35.58637242537192, 50.443513093055486 ], [ 35.586268831283782, 50.44388603177277 ], [ 35.586268831283782, 50.444466158666316 ], [ 35.586444941233609, 50.4445283151192 ], [ 35.586299909510224, 50.445978632353075 ], [ 35.586330987736659, 50.44742894958695 ], [ 35.586330987736659, 50.448361296380149 ], [ 35.585087858679039, 50.449449034305587 ], [ 35.58437305947092, 50.450205271148967 ], [ 35.582529084702138, 50.451313727891993 ], [ 35.579431621466931, 50.453002311528572 ], [ 35.579129899801245, 50.453253746249977 ], [ 35.578747900485247, 50.453572079013313 ], [ 35.578064179503563, 50.4548048486621 ], [ 35.578136695365252, 50.455146709152942 ], [ 35.578613228170667, 50.455706117228864 ], [ 35.577763756647975, 50.456369119392924 ], [ 35.577245786207307, 50.45675241751902 ], [ 35.576779612810704, 50.456969965104101 ], [ 35.575163545035814, 50.457684764312226 ], [ 35.574007855849693, 50.458563088093676 ], [ 35.571513401843383, 50.45768394276832 ], [ 35.571524802690398, 50.457239309734881 ], [ 35.571734580718868, 50.456866371017597 ], [ 35.571524802690398, 50.456353580281338 ], [ 35.571140209638195, 50.45569511035864 ], [ 35.570574974394816, 50.455473677995251 ], [ 35.569619318931778, 50.455730073363384 ], [ 35.568832651325017, 50.455689283191184 ], [ 35.568337342091127, 50.455502813832538 ], [ 35.568145045565025, 50.455339653143731 ], [ 35.568092601057906, 50.455182319622374 ], [ 35.568168354234857, 50.455024986101023 ], [ 35.568418922435526, 50.454990023096279 ], [ 35.56900163918128, 50.455141529450174 ], [ 35.56947363974534, 50.455001677431191 ], [ 35.569520257085003, 50.454885134082041 ], [ 35.569368750731115, 50.454646220216297 ], [ 35.568634527631467, 50.454413133517996 ], [ 35.568354823593502, 50.454220836991894 ], [ 35.568191662904688, 50.454046021968168 ], [ 35.567608946158941, 50.453766317930196 ], [ 35.56716608143217, 50.453364243375624 ], [ 35.566595019021328, 50.453014613328172 ], [ 35.566064746782693, 50.452554267099025 ], [ 35.565283906343382, 50.452128883874614 ], [ 35.564794424276954, 50.452088093702415 ], [ 35.564031065340018, 50.452035649195295 ], [ 35.563844595981379, 50.451755945157338 ], [ 35.563966966497986, 50.451581130133611 ], [ 35.564159263024081, 50.451464586784461 ], [ 35.564176744526456, 50.451283944593278 ], [ 35.564031065340018, 50.451120783904464 ], [ 35.563541583273583, 50.451173228411584 ], [ 35.56328518790545, 50.451324734765478 ], [ 35.562778224336647, 50.45197737752072 ], [ 35.562463557293938, 50.452088093702415 ], [ 35.561566173505483, 50.452280390228509 ], [ 35.560796987401091, 50.452484341089523 ], [ 35.5603424683394, 50.452600884438674 ], [ 35.559952048119747, 50.452909724313926 ], [ 35.559823850435677, 50.453282663031203 ], [ 35.559882122110253, 50.453451650887473 ], [ 35.559876294942796, 50.453632293078655 ], [ 35.559788887430933, 50.453766317930182 ], [ 35.559101281670948, 50.454139256647458 ], [ 35.55839619440858, 50.454430615020335 ], [ 35.558122317538079, 50.454337380341016 ], [ 35.557854267835033, 50.454354861843392 ], [ 35.557527946457405, 50.454488886694911 ], [ 35.557195797912328, 50.454436442187799 ], [ 35.557020982888602, 50.454337380341016 ], [ 35.557090908898097, 50.454185873987122 ], [ 35.55721910658216, 50.453882861279332 ], [ 35.557213279414704, 50.453754663595262 ], [ 35.557125871902841, 50.453690564753231 ], [ 35.55688113086962, 50.453748836427806 ], [ 35.556496537817424, 50.453842071107125 ], [ 35.556190611525899, 50.453926565035246 ], [ 35.556126512683868, 50.454124688728804 ], [ 35.556260537535394, 50.454346121092186 ], [ 35.556289673372682, 50.454544244785744 ], [ 35.55609737684658, 50.454689923972182 ], [ 35.555875944483191, 50.454794812986421 ], [ 35.555648684952352, 50.454800640153877 ], [ 35.555415598254051, 50.454707405474558 ], [ 35.555514660100826, 50.454357775427106 ], [ 35.555495777470952, 50.454141165373294 ], [ 35.555345672244556, 50.453938219370158 ], [ 35.555100931211342, 50.453879947695583 ], [ 35.554559004637788, 50.454188787570835 ], [ 35.554215201757792, 50.454567553455576 ], [ 35.553894707547627, 50.455091998526754 ], [ 35.554017078064241, 50.455237677713193 ], [ 35.554471597125925, 50.455325085225056 ], [ 35.554594474117046, 50.45539790121979 ], [ 35.554786264168634, 50.455511554583694 ], [ 35.555042659536767, 50.455756295616915 ], [ 35.554966906359816, 50.455901974803353 ], [ 35.554564831805244, 50.456030172487417 ], [ 35.554056024922495, 50.456148689954098 ], [ 35.553754855528645, 50.456315703692837 ], [ 35.55377930278528, 50.456534538545306 ], [ 35.554215201757792, 50.456793531424353 ], [ 35.554314263604567, 50.45703244529011 ], [ 35.554226856092704, 50.457166470141637 ], [ 35.55369658385407, 50.457457828514514 ], [ 35.553294509299498, 50.457807458561966 ], [ 35.552822508735439, 50.458361039470432 ], [ 35.552393963478679, 50.458466191810132 ], [ 35.551732828420882, 50.458413483977552 ], [ 35.551179247512415, 50.45776084122231 ], [ 35.550753864288012, 50.457661779375528 ], [ 35.550497468919879, 50.457725878217559 ], [ 35.550287690891409, 50.457906520408748 ], [ 35.550619839436493, 50.458495064321959 ], [ 35.549622301207322, 50.459309046776205 ], [ 35.548022743740226, 50.459086157620952 ], [ 35.546980409161257, 50.458915712972818 ], [ 35.546541186414139, 50.457630822548431 ], [ 35.545846296694826, 50.457480044590461 ], [ 35.543807516480619, 50.457670155928767 ], [ 35.542666848450807, 50.458083156422319 ], [ 35.541735958449465, 50.458640379310445 ], [ 35.540844401828458, 50.458889490719258 ], [ 35.539002288515945, 50.459407380227056 ], [ 35.537900953866469, 50.459813825157219 ], [ 35.537527286753253, 50.460233381214159 ], [ 35.537592842387149, 50.460436603679241 ], [ 35.537809175979007, 50.460902048679912 ], [ 35.537481397809522, 50.461301938046688 ], [ 35.536825841470552, 50.461734605230411 ], [ 35.536294840835978, 50.462298383681926 ], [ 35.535219728440062, 50.463484940655469 ], [ 35.534144616044145, 50.46427160826223 ], [ 35.533639322125289, 50.464620086826955 ], [ 35.532512280760123, 50.465484387489354 ], [ 35.531109390194722, 50.466166166081884 ], [ 35.529988388855074, 50.4665398331951 ], [ 35.528375720261202, 50.466926611435099 ], [ 35.527012163076137, 50.467175722843919 ], [ 35.525491272369713, 50.467772279112381 ], [ 35.524363715466677, 50.468132835098821 ], [ 35.523000158281612, 50.468880169325246 ], [ 35.521918490322292, 50.46938494770626 ], [ 35.521249822856539, 50.469673392495409 ], [ 35.520725377785361, 50.469811059326595 ], [ 35.520220599404354, 50.469915948340827 ], [ 35.519899376798257, 50.470047059608625 ], [ 35.519551931938601, 50.470361726651333 ], [ 35.518496486232848, 50.470873060595729 ], [ 35.516877262075589, 50.471567950315041 ], [ 35.516025038834918, 50.472007173062153 ], [ 35.515317037988829, 50.472361173485197 ], [ 35.514759815100703, 50.472570951513674 ], [ 35.514314036790196, 50.472702062781465 ], [ 35.512780034956997, 50.473678841726539 ], [ 35.511337811011252, 50.474472064896695 ], [ 35.510243031925164, 50.474924398770582 ], [ 35.509272808543486, 50.47540295489803 ], [ 35.508125584950285, 50.475999511166499 ], [ 35.506998028047242, 50.476779623209865 ], [ 35.506014693538781, 50.477546624126468 ], [ 35.505693470932684, 50.47795962462002 ], [ 35.50489369219914, 50.478936403565093 ], [ 35.504238135860163, 50.47959195990407 ], [ 35.503189245717806, 50.480208182862704 ], [ 35.50239602254765, 50.480634294483039 ], [ 35.501629021631047, 50.480975183779307 ], [ 35.500199908812085, 50.481375073146083 ], [ 35.498547906837871, 50.481892962653873 ], [ 35.496738571342291, 50.482410852161664 ], [ 35.495073458241301, 50.483033630683686 ], [ 35.493723012183011, 50.483603964698595 ], [ 35.492044787955251, 50.484311965544677 ], [ 35.490910675488827, 50.484665965967721 ], [ 35.489855229783075, 50.484856077306027 ], [ 35.488531005978352, 50.485210077729072 ], [ 35.485672780340423, 50.485793522870757 ], [ 35.483529111111984, 50.486245856744645 ], [ 35.482204887307255, 50.486521190407025 ], [ 35.480985552516763, 50.486737523998883 ], [ 35.479595773078138, 50.486875190830069 ], [ 35.478022437864603, 50.48741930259142 ], [ 35.476455658214455, 50.487910969845643 ], [ 35.475911546453112, 50.48814697012768 ], [ 35.475747657368366, 50.488291192522254 ], [ 35.475662435044299, 50.488743526396142 ], [ 35.475406768072098, 50.489077860129022 ], [ 35.4748298784938, 50.489523638439522 ], [ 35.474600433775159, 50.489903861116126 ], [ 35.474377544619905, 50.490552861891707 ], [ 35.473780988351443, 50.491293640554751 ], [ 35.472791098279593, 50.49223764168287 ], [ 35.472476431236885, 50.492637531049645 ], [ 35.472574764687728, 50.492886642458451 ], [ 35.471820874897908, 50.494001088234704 ], [ 35.470857207079618, 50.4951548673913 ], [ 35.469762427993537, 50.496544646829925 ], [ 35.469041316020672, 50.49751487021161 ], [ 35.468556204329829, 50.498288426691595 ], [ 35.468071092638986, 50.499920761975638 ], [ 35.466864868975279, 50.500346873595966 ], [ 35.465481645100049, 50.501756319724763 ], [ 35.463075753336014, 50.504535878602013 ], [ 35.462885641997715, 50.504739101067109 ], [ 35.462561141609925, 50.504758767757281 ], [ 35.461912140834336, 50.504660434306437 ], [ 35.461597473791628, 50.505132434870497 ], [ 35.460564972557748, 50.505024268074564 ], [ 35.459099804140138, 50.504453934059661 ], [ 35.458765470407265, 50.504621100926094 ], [ 35.458352469913713, 50.505181601595922 ], [ 35.457978802800497, 50.505535602018966 ], [ 35.457624802377445, 50.505987935892861 ], [ 35.45718230184864, 50.50652876987251 ], [ 35.457349468715073, 50.507040103816905 ], [ 35.458549136815392, 50.507748104663001 ], [ 35.45917847090081, 50.508180771846725 ], [ 35.459434137873011, 50.508869106002642 ], [ 35.459424304527921, 50.509488606742977 ], [ 35.459198137590981, 50.509852440511104 ], [ 35.45853930347031, 50.509960607307036 ], [ 35.458165636357094, 50.510206440934148 ], [ 35.45757563565202, 50.510806274984311 ], [ 35.457487135546259, 50.511248775513103 ], [ 35.457762469208625, 50.513353111361205 ], [ 35.451213461382274, 50.518446784115035 ], [ 35.447378456799278, 50.52156395450686 ], [ 35.44529378764134, 50.523314289931925 ], [ 35.444841453767445, 50.524690958243767 ], [ 35.44519545419049, 50.524877791800378 ], [ 35.444615286830498, 50.529007796735904 ], [ 35.44445795330914, 50.52921429698268 ], [ 35.443327118624417, 50.529401130539277 ], [ 35.441670302062114, 50.529457773840555 ], [ 35.441026115874614, 50.529479797299956 ], [ 35.439688780943108, 50.529499463990128 ], [ 35.438646446364139, 50.529627297476232 ], [ 35.436610943931626, 50.529971464554187 ], [ 35.435814442979776, 50.53143663297179 ], [ 35.435076942098434, 50.532459300860594 ], [ 35.435263775655038, 50.533177135051766 ], [ 35.435519442627239, 50.534435803222593 ], [ 35.435558776007575, 50.535173304103935 ], [ 35.435381775796053, 50.535664971358166 ], [ 35.435430942521478, 50.53642213892968 ], [ 35.436994444389931, 50.538113474284245 ], [ 35.437171444601461, 50.539244308968968 ], [ 35.437397611538401, 50.539529475976423 ], [ 35.438744779814996, 50.54032597692828 ], [ 35.439305280484817, 50.541210977985891 ], [ 35.439226613724138, 50.541938645522137 ], [ 35.438990613442108, 50.542548312917383 ], [ 35.438479279497706, 50.543118646932292 ], [ 35.43843994611737, 50.543610314186523 ], [ 35.438479279497706, 50.543954481264493 ], [ 35.438951280061765, 50.544278981652283 ], [ 35.43697477769976, 50.54747481880478 ], [ 35.435942276465873, 50.548733486975607 ], [ 35.434378774597427, 50.550631322576933 ], [ 35.432461272305929, 50.553138825573498 ], [ 35.430917437127647, 50.555341494872451 ], [ 35.43068143684561, 50.556295329345659 ], [ 35.430612603430021, 50.557091830297509 ], [ 35.430878103747304, 50.557819497833769 ], [ 35.430897770437468, 50.558183331601903 ], [ 35.42841976747615, 50.560877668155086 ], [ 35.42745609965786, 50.562264169812018 ], [ 35.42599093124025, 50.562972170658114 ], [ 35.424112762329095, 50.564388172350299 ], [ 35.42269676063691, 50.565253506717745 ], [ 35.421615092677605, 50.566010674289259 ], [ 35.420454757957621, 50.566649841719759 ], [ 35.418055421756982, 50.567643009573302 ], [ 35.416098586085141, 50.568193676898041 ], [ 35.414702251083128, 50.568882011053965 ], [ 35.413738583264838, 50.569137678026166 ], [ 35.413040415763831, 50.56926551151227 ], [ 35.411939081114355, 50.569186844751592 ], [ 35.410926246570639, 50.568990177849898 ], [ 35.409795411885909, 50.569767012111583 ], [ 35.409195577835746, 50.570121012534628 ], [ 35.407573075896785, 50.571065013662754 ], [ 35.406963408501539, 50.571920514685111 ], [ 35.405803073781556, 50.572825182432894 ], [ 35.405296656509705, 50.573700350145423 ], [ 35.404431322142258, 50.574811518139981 ], [ 35.401505901979583, 50.574752518069474 ], [ 35.400311150551808, 50.575367102137257 ], [ 35.398885315514541, 50.575952186169793 ], [ 35.398054397854892, 50.57637010333589 ], [ 35.396736729613558, 50.576965020713509 ], [ 35.394725810543754, 50.577913938514172 ], [ 35.392646058058354, 50.578877606332462 ], [ 35.391195639658378, 50.579600357196185 ], [ 35.390423722069237, 50.580101857795498 ], [ 35.390241805185177, 50.580342774750093 ], [ 35.392316640998025, 50.581394942674144 ], [ 35.393417975647502, 50.582270110386673 ], [ 35.394224309944441, 50.583518945212418 ], [ 35.397469313822363, 50.587884950429981 ], [ 35.398196981358623, 50.588091450676757 ], [ 35.398924648894884, 50.589241952051658 ], [ 35.399691649811487, 50.58955661909436 ], [ 35.400055483579621, 50.589871286137061 ], [ 35.400094816959957, 50.590431786806889 ], [ 35.401363318475873, 50.591041454202134 ], [ 35.40738132566765, 50.593686624029893 ], [ 35.414215500501456, 50.596715294315956 ], [ 35.415808502405163, 50.597256128295605 ], [ 35.418316005401735, 50.598386962980335 ], [ 35.420705508257292, 50.599507964319976 ], [ 35.42132500899762, 50.599852131397945 ], [ 35.424412679354184, 50.602566134641293 ], [ 35.425651680834861, 50.60366746929077 ], [ 35.423852178684378, 50.604650803799224 ], [ 35.423183511218625, 50.605457138096178 ], [ 35.422770510725073, 50.606371639189042 ], [ 35.421570842624753, 50.607217306866318 ], [ 35.420892341813911, 50.607905641022242 ], [ 35.420312174453919, 50.608269474790369 ], [ 35.419712340403763, 50.608633308558503 ], [ 35.419407506706136, 50.609016809016801 ], [ 35.419230506494614, 50.61018697708186 ], [ 35.419525506847151, 50.611563645393709 ], [ 35.420233507693247, 50.612645313353013 ], [ 35.420213841003076, 50.613825314763169 ], [ 35.420272841073583, 50.614493982228922 ], [ 35.420843175088493, 50.615732983709584 ], [ 35.419033839592927, 50.615919817266203 ], [ 35.41760800455566, 50.615929650611285 ], [ 35.415484002017379, 50.615546150152987 ], [ 35.414156500430963, 50.614965982792995 ], [ 35.413438666239784, 50.613618814516407 ], [ 35.413251832683173, 50.613402480924542 ], [ 35.413074832471651, 50.613363147544206 ], [ 35.412740498738778, 50.613461480995049 ], [ 35.412189831414047, 50.614405482123161 ], [ 35.411452330532697, 50.615801817125174 ], [ 35.410203495706952, 50.618024153114305 ], [ 35.408826827395103, 50.620039988856647 ], [ 35.407902492957156, 50.619764655194281 ], [ 35.406869991723269, 50.619735155159027 ], [ 35.40606365742633, 50.61957782163767 ], [ 35.405768657073793, 50.619784321884453 ], [ 35.405257323129398, 50.620197322378004 ], [ 35.404785322565331, 50.620256322448512 ], [ 35.404647655734152, 50.620413655969863 ], [ 35.404647655734152, 50.620629989561728 ], [ 35.405385156615495, 50.621387157133242 ], [ 35.406270157673113, 50.622576991888479 ], [ 35.406574991370732, 50.62329482607965 ], [ 35.406525824645307, 50.624032326961 ], [ 35.406348824433785, 50.624818994567768 ], [ 35.405394989960577, 50.62652999661249 ], [ 35.404903322706353, 50.626502954913512 ], [ 35.404512447239235, 50.62637020475487 ], [ 35.404018321648735, 50.626407079798938 ], [ 35.403605321155183, 50.626473454878258 ], [ 35.403435695952474, 50.626650455089781 ], [ 35.403538946075862, 50.626797955266049 ], [ 35.404564072300929, 50.62760183122672 ], [ 35.404121571772116, 50.628737582583987 ], [ 35.403738071313818, 50.629386583359569 ], [ 35.403566639195283, 50.629657914770199 ], [ 35.401973545064202, 50.632170718541936 ], [ 35.399702683083738, 50.635752572519223 ], [ 35.393685934301097, 50.645242852308506 ], [ 35.394374313199584, 50.650518793874163 ], [ 35.402658193158949, 50.657947548316997 ], [ 35.403316472604111, 50.674470362390657 ], [ 35.405237226448335, 50.677031367516292 ], [ 35.40665237179001, 50.68924543108708 ], [ 35.404646873897917, 50.689428674549298 ], [ 35.403038403507303, 50.695109221878262 ], [ 35.401175428308029, 50.697827333234507 ], [ 35.402000023888021, 50.699334001701665 ], [ 35.405522370439634, 50.700728688053033 ], [ 35.418159953757922, 50.71607305161708 ], [ 35.42657024356086, 50.728503623741922 ], [ 35.425927484742097, 50.731833566293346 ], [ 35.419420519210519, 50.734759110687058 ], [ 35.414244767887233, 50.739903869487449 ], [ 35.416847072443865, 50.742497168322878 ], [ 35.414375567282903, 50.749514219139598 ], [ 35.412598212780964, 50.756228669480301 ], [ 35.410015953738608, 50.758077865363511 ], [ 35.400557971084829, 50.757252605210127 ], [ 35.400068765085493, 50.75846470105089 ], [ 35.401087944250776, 50.759393093654609 ], [ 35.400313368085165, 50.762616536084302 ], [ 35.398478845587668, 50.763570632453145 ], [ 35.39815270825477, 50.765736616855094 ], [ 35.396399720090493, 50.766948492951599 ], [ 35.396277418590664, 50.768392389445275 ], [ 35.396642379642067, 50.768646595776502 ], [ 35.396766624589993, 50.770016719733249 ], [ 35.396440487257102, 50.770764408369722 ], [ 35.39137228599153, 50.781743775394226 ], [ 35.386542259188971, 50.786683458579816 ], [ 35.384110194784895, 50.791689070282416 ], [ 35.387228820122843, 50.800820245776052 ], [ 35.386534065770583, 50.806974319860387 ], [ 35.385330542680947, 50.811434039174642 ], [ 35.385709183420303, 50.815466933386496 ], [ 35.385119821008658, 50.816607890278156 ], [ 35.391922934061007, 50.848814139913891 ], [ 35.390820474496849, 50.866008478763227 ], [ 35.385170295869621, 50.867688597958548 ], [ 35.382108745335934, 50.870239890069961 ], [ 35.386265484678454, 50.887426887171685 ], [ 35.371321340274136, 50.904221632379709 ], [ 35.362389029205225, 50.911320065388644 ], [ 35.3471943, 50.9198782 ], [ 35.346159399973629, 50.923654703922992 ], [ 35.33851893259596, 50.925122226407538 ], [ 35.334114030152207, 50.927846076618088 ], [ 35.332276914441074, 50.929438205053096 ], [ 35.330536397135305, 50.934783195251711 ], [ 35.313099274644131, 50.942752150268156 ], [ 35.308672802366161, 50.943326717876616 ], [ 35.30380897544849, 50.944984293863882 ], [ 35.302768911830888, 50.951479109295818 ], [ 35.297507413529956, 50.95907130366804 ], [ 35.29680384108282, 50.969783051581118 ], [ 35.296895611401951, 50.977102609534768 ], [ 35.301178226298006, 50.982187096988319 ], [ 35.31353662928376, 50.987964247805081 ], [ 35.31769688375428, 50.992277384931242 ], [ 35.330325945189557, 50.995318291125677 ], [ 35.33756677091138, 50.997028119516592 ], [ 35.338368152568087, 50.997698057621143 ], [ 35.339321709828425, 50.998495211309674 ], [ 35.340463697426955, 50.999885794848012 ], [ 35.341151172952216, 51.000722924909375 ], [ 35.338487872894454, 51.001755887081316 ], [ 35.333522187272735, 51.004468968448563 ], [ 35.328245368466703, 51.008451473207835 ], [ 35.327638658757294, 51.009465767388683 ], [ 35.326555915275868, 51.010274713667911 ], [ 35.324689116169957, 51.011705926315777 ], [ 35.323581482033788, 51.012601989886612 ], [ 35.32292187968303, 51.013274037564742 ], [ 35.323046332956757, 51.013827854632815 ], [ 35.324085517792383, 51.01425099576349 ], [ 35.345556172123445, 51.011538100401651 ], [ 35.348130997320162, 51.011580731619084 ], [ 35.352444958833978, 51.011246786033773 ], [ 35.359106788107162, 51.011226902353506 ], [ 35.367690634340924, 51.010756521137353 ], [ 35.3754922, 51.0120302 ], [ 35.380556190746177, 51.012508649931355 ], [ 35.382622115090051, 51.01295668171678 ], [ 35.382522552471066, 51.013865190614979 ], [ 35.382709232381657, 51.014923043441662 ], [ 35.383032810893347, 51.017300100969855 ], [ 35.383779530535712, 51.020150080938208 ], [ 35.393798019070758, 51.02061055805099 ], [ 35.394818535915327, 51.023124514180282 ], [ 35.400107800048737, 51.031512664829492 ], [ 35.400381597250934, 51.033653261137601 ], [ 35.403779171623697, 51.036129881284779 ], [ 35.412951377897393, 51.039888370151345 ], [ 35.412254439564521, 51.042004075804712 ], [ 35.406392690371966, 51.051599423209062 ], [ 35.404140086117501, 51.051624313863819 ], [ 35.399317521760565, 51.052912405246893 ], [ 35.398695255391928, 51.053335546377561 ], [ 35.389809291647815, 51.060435605643711 ], [ 35.382615892426379, 51.065712424449742 ], [ 35.382615892426365, 51.06571242444975 ], [ 35.352413506573747, 51.061446679351228 ], [ 35.323598039347885, 51.06333614118099 ], [ 35.317400169992737, 51.059208294011285 ], [ 35.303914753453121, 51.060955198061407 ], [ 35.298356403726459, 51.064565042528741 ], [ 35.289594153812203, 51.067724507642055 ], [ 35.287101116172558, 51.066592931361313 ], [ 35.273866599766897, 51.057562877971364 ], [ 35.26160787512724, 51.05737331006457 ], [ 35.251876722578231, 51.059395367737096 ], [ 35.243246393511164, 51.067278841404132 ], [ 35.243128663232902, 51.067230754389065 ], [ 35.240776496359459, 51.066502702737758 ], [ 35.239955104752859, 51.06605467095234 ], [ 35.238293653548595, 51.066204014880817 ], [ 35.236762878281752, 51.06590532702387 ], [ 35.235474786898671, 51.065214611354683 ], [ 35.234261367479832, 51.064729243587145 ], [ 35.233794667703357, 51.064355883765963 ], [ 35.232450572347098, 51.063786510038668 ], [ 35.230471765294837, 51.063319810262193 ], [ 35.230212544199674, 51.063137395417449 ], [ 35.228959658019043, 51.062255734771817 ], [ 35.2282502743588, 51.061172991290391 ], [ 35.227018186948897, 51.060276927719556 ], [ 35.226346139270774, 51.059847563925196 ], [ 35.225860771503235, 51.059231520220244 ], [ 35.224124648334737, 51.059567544059313 ], [ 35.218584939017006, 51.055772696962549 ], [ 35.216688352420185, 51.055368910822843 ], [ 35.214822355929755, 51.053465300166145 ], [ 35.202922804540002, 51.054465186227489 ], [ 35.196804783259921, 51.049734765489802 ], [ 35.181234419102132, 51.057945390504038 ], [ 35.162233115076191, 51.064065763649467 ], [ 35.157177986416407, 51.067729302646619 ], [ 35.150777541258471, 51.069496920553085 ], [ 35.144893372698526, 51.074823553699623 ], [ 35.149313902781088, 51.095275043430163 ], [ 35.158056076813928, 51.102539973198681 ], [ 35.157631817146779, 51.103136716010567 ], [ 35.155815985771333, 51.103584268064211 ], [ 35.154763821796784, 51.103264588468072 ], [ 35.154441384449747, 51.103200652283533 ], [ 35.150775780925507, 51.106280144721268 ], [ 35.155222022237318, 51.109817578320893 ], [ 35.149440281385623, 51.120466511933635 ], [ 35.111484573824342, 51.121351162165375 ], [ 35.097785434231156, 51.127039164166256 ], [ 35.050168045016548, 51.11269629186215 ], [ 35.043274186461332, 51.110069858719555 ], [ 35.04157437539169, 51.112543439588912 ], [ 35.036547830308336, 51.111910558505372 ], [ 35.034349191007983, 51.109794897001152 ], [ 35.02860098614893, 51.105789314800475 ], [ 35.0193974, 51.1068814 ], [ 34.998439496228194, 51.101560904248849 ], [ 34.972921222107765, 51.113706219289234 ], [ 34.965503013663906, 51.107872657150139 ], [ 34.946853023862431, 51.111595851222475 ], [ 34.937155960133502, 51.112460051863103 ], [ 34.9366053382183, 51.117107253716362 ], [ 34.931586371822085, 51.135823478372551 ], [ 34.922054843111518, 51.126362197301596 ], [ 34.920373161176464, 51.11845534188766 ], [ 34.910645753821875, 51.12220868234602 ], [ 34.912085269786978, 51.124402911411117 ], [ 34.905908710451413, 51.125353151308893 ], [ 34.884087338068788, 51.121730297978964 ], [ 34.868506509264165, 51.11734161869353 ], [ 34.862223839484663, 51.115916882170467 ], [ 34.851770539215288, 51.119311329354879 ], [ 34.834697595764439, 51.127298733595026 ], [ 34.829744385021186, 51.131280251775998 ], [ 34.821703061407121, 51.132297162832451 ], [ 34.817346070475551, 51.128114253223004 ], [ 34.813267428869423, 51.128396423960062 ], [ 34.812519416064625, 51.128862777622309 ], [ 34.812418630558994, 51.130263110706238 ], [ 34.8049502, 51.1429358 ], [ 34.801987207341071, 51.142684652583313 ], [ 34.800655277351041, 51.142941694100145 ], [ 34.786609362105921, 51.151395125474522 ], [ 34.781317553701257, 51.152937555395496 ], [ 34.770556887540081, 51.152098479913057 ], [ 34.751346263610976, 51.15313118851018 ], [ 34.736852593224235, 51.180051882428835 ], [ 34.716773234755351, 51.19291232181785 ], [ 34.690942753137797, 51.180136616194638 ], [ 34.699885789093003, 51.202042677055061 ], [ 34.668678036944101, 51.209867812133105 ], [ 34.665040740955277, 51.230009029377293 ], [ 34.662987029614655, 51.249209993236612 ], [ 34.667150125193686, 51.253614338039299 ], [ 34.609404958432478, 51.258810475166257 ], [ 34.607400734112112, 51.260987904057515 ], [ 34.599104328100793, 51.257091397225423 ], [ 34.597293010224831, 51.252104983921555 ], [ 34.586387308135919, 51.243184948520351 ], [ 34.57781368187657, 51.2434447553767 ], [ 34.565899681749947, 51.249680119928939 ], [ 34.539547843463637, 51.254059721221616 ], [ 34.527933670995239, 51.258525301468183 ], [ 34.517352914878828, 51.258624898840203 ], [ 34.503546036227412, 51.259515665204809 ], [ 34.511210338489562, 51.25188847820786 ], [ 34.504659494183173, 51.24626551553127 ], [ 34.486305995545749, 51.244397380516702 ], [ 34.47873448144658, 51.248368713892233 ], [ 34.476420963249616, 51.248566661973264 ], [ 34.472907384811442, 51.250694603844266 ], [ 34.466919455360468, 51.253168954857067 ], [ 34.447916439582166, 51.263462255070316 ], [ 34.445200839345603, 51.261668350585957 ], [ 34.431616652285335, 51.258736244635791 ], [ 34.424384200352669, 51.269499429701163 ], [ 34.4061823, 51.2686798 ], [ 34.399400602098694, 51.257400095088883 ], [ 34.391829087999554, 51.260480662099837 ], [ 34.383589499126934, 51.25988681785676 ], [ 34.382401810640765, 51.262559116950598 ], [ 34.386113337159962, 51.268757366237665 ], [ 34.3790598, 51.2705593 ], [ 34.374180779400767, 51.272357546961281 ], [ 34.361332850884097, 51.260720755341069 ], [ 34.344162677042235, 51.249568060078843 ], [ 34.297838271924071, 51.242741841426948 ], [ 34.276460387496456, 51.254426156037368 ], [ 34.262265019794498, 51.256371656630755 ], [ 34.255160172430244, 51.266231831259439 ], [ 34.25228867372828, 51.274197871370369 ], [ 34.25774645026938, 51.274711917515106 ], [ 34.261541112596959, 51.274944400667827 ], [ 34.27036373156708, 51.278360337756254 ], [ 34.272580697359572, 51.281414321245911 ], [ 34.272966202202745, 51.282965743175758 ], [ 34.273508203456423, 51.285146967733269 ], [ 34.27868866433888, 51.287499666125306 ], [ 34.281898867571059, 51.287810018099414 ], [ 34.286176579413521, 51.28822357332286 ], [ 34.291583261295209, 51.290553649614964 ], [ 34.294093969992225, 51.29336996132669 ], [ 34.302281882747245, 51.295154361361625 ], [ 34.304862433950241, 51.297204546992454 ], [ 34.307795948605765, 51.301854267500865 ], [ 34.309024900336162, 51.302520740474435 ], [ 34.310171408759061, 51.306801627172817 ], [ 34.309409476034823, 51.308447730654386 ], [ 34.312859346273143, 51.309544902500683 ], [ 34.313617186620583, 51.311094516345406 ], [ 34.318164228705193, 51.313944900935766 ], [ 34.316399704911163, 51.315822535229401 ], [ 34.310314360031782, 51.320211222614539 ], [ 34.314114872818905, 51.322858008305573 ], [ 34.316965257409237, 51.327834870288719 ], [ 34.31701050160909, 51.33152227257623 ], [ 34.31352669822089, 51.334417901366422 ], [ 34.3138434076198, 51.335662116862203 ], [ 34.318435693904249, 51.336680111358753 ], [ 34.319747775699803, 51.338037437354153 ], [ 34.316150861811984, 51.340978310344198 ], [ 34.315902018712826, 51.342222525839979 ], [ 34.317010501609069, 51.343331008736229 ], [ 34.33006345326487, 51.349687818814701 ], [ 34.337732345138896, 51.354483703998454 ], [ 34.339202781633915, 51.357469821188332 ], [ 34.337393013640046, 51.359483188081512 ], [ 34.332122064357897, 51.360365449978524 ], [ 34.331466023460116, 51.361270333975462 ], [ 34.332280419057362, 51.3621752179724 ], [ 34.337483502039738, 51.364007608066188 ], [ 34.336261908643877, 51.366179329658841 ], [ 34.328638260969697, 51.368486783851026 ], [ 34.323978108385475, 51.368237940751868 ], [ 34.312508703724319, 51.372649250236933 ], [ 34.308504592037885, 51.373056448035548 ], [ 34.307079399742712, 51.373735111033248 ], [ 34.306988911343019, 51.374187553031717 ], [ 34.307124643942558, 51.37663073982344 ], [ 34.305744695847231, 51.378779839316167 ], [ 34.304591186463753, 51.378806912018746 ], [ 34.301265520062401, 51.374572128730414 ], [ 34.293121564089972, 51.373101692235394 ], [ 34.284819253418092, 51.37493408232919 ], [ 34.292080947493496, 51.388190632884289 ], [ 34.281742647828494, 51.388937162181776 ], [ 34.277761158241979, 51.385770068192507 ], [ 34.272784296258834, 51.387172638387753 ], [ 34.262468618693774, 51.389751557779022 ], [ 34.25735602411109, 51.396492943556183 ], [ 34.257107181011932, 51.397148984453963 ], [ 34.253985331222502, 51.39818960105044 ], [ 34.250184818435372, 51.398574176749136 ], [ 34.250003841635987, 51.400429188942859 ], [ 34.244800758653611, 51.402374689536288 ], [ 34.243262455858819, 51.401696026538588 ], [ 34.236769913180794, 51.399196284497044 ], [ 34.23296940039365, 51.399648726495514 ], [ 34.229417730705684, 51.401820448088181 ], [ 34.220595111735562, 51.421094477222908 ], [ 34.220911821134493, 51.425211699408962 ], [ 34.222721589128355, 51.428378793398231 ], [ 34.247696387443781, 51.444847682142452 ], [ 34.245796131050213, 51.451634312119467 ], [ 34.241407443665082, 51.456656418302458 ], [ 34.256021320215588, 51.469731992058179 ], [ 34.263109811520899, 51.476441263664022 ], [ 34.282036735127463, 51.473306283846064 ], [ 34.290504080857751, 51.478859287324994 ], [ 34.291764238094522, 51.479685716024463 ], [ 34.292488145292069, 51.482898054213578 ], [ 34.292080947493446, 51.486472346001477 ], [ 34.293868093387402, 51.490024015689428 ], [ 34.289615138601789, 51.509207556424435 ], [ 34.296266035979258, 51.51251038301325 ], [ 34.293189430389674, 51.523459479376164 ], [ 34.28495498601756, 51.533367959142609 ], [ 34.282466555025991, 51.534770529337855 ], [ 34.259437257303979, 51.532463075145664 ], [ 34.255365279317772, 51.548117568292646 ], [ 34.249347800738157, 51.554813709869975 ], [ 34.251202812931872, 51.562550468043774 ], [ 34.243647031557458, 51.569699051619558 ], [ 34.246587904547496, 51.578069228591218 ], [ 34.23749382037829, 51.584222439770379 ], [ 34.22437300242273, 51.575987995398265 ], [ 34.216002825451078, 51.573861518005465 ], [ 34.211342672866863, 51.598202897523031 ], [ 34.181662477767375, 51.596845571527631 ], [ 34.179038314176267, 51.625145818531784 ], [ 34.174604382591284, 51.631932448508813 ], [ 34.171030090803391, 51.642202881874034 ], [ 34.167591531615038, 51.646048638861011 ], [ 34.129767380543129, 51.645505708462835 ], [ 34.112076898403039, 51.648763290851782 ], [ 34.097779731251457, 51.660526782811942 ], [ 34.082577680102943, 51.661612643608265 ], [ 34.080541691109829, 51.665232179596003 ], [ 34.080473824810063, 51.66627279619248 ], [ 34.080971511008372, 51.667041947589873 ], [ 34.082577680102936, 51.667901587386964 ], [ 34.083595674599486, 51.66941726808183 ], [ 34.088911868081482, 51.670390018378534 ], [ 34.088617780782478, 51.671498501274783 ], [ 34.092259938870143, 51.671815210673707 ], [ 34.096354538956277, 51.671724722274014 ], [ 34.097123690353676, 51.673692844967341 ], [ 34.098526260548923, 51.676565851657614 ], [ 34.101738598738045, 51.67762909035401 ], [ 34.102077930236895, 51.678307753351717 ], [ 34.104046052930229, 51.678986416349417 ], [ 34.106602350221571, 51.679190015248729 ], [ 34.107620344718121, 51.678217264952025 ], [ 34.108547850814979, 51.678420863851329 ], [ 34.109588467411456, 51.679212637348648 ], [ 34.110855305007163, 51.679122148948956 ], [ 34.110629084007932, 51.679959166646121 ], [ 34.111194636506013, 51.680208009745279 ], [ 34.111828055303874, 51.679551968847498 ], [ 34.11334373599874, 51.680841428543133 ], [ 34.114316486295444, 51.68109027164229 ], [ 34.11467843989422, 51.681814178839844 ], [ 34.114655817794294, 51.682311865038152 ], [ 34.11467843989422, 51.682832173336394 ], [ 34.115221370292382, 51.683375103734555 ], [ 34.114814172493759, 51.684121633032028 ], [ 34.115560701791232, 51.684777673929801 ], [ 34.117076382486097, 51.68489078442942 ], [ 34.118750417880428, 51.684664563430182 ], [ 34.119610057677519, 51.684257365631559 ], [ 34.121532936171008, 51.684302609831406 ], [ 34.121193604672158, 51.684936028629259 ], [ 34.121487691971161, 51.68525273802819 ], [ 34.122166354968861, 51.685049139128878 ], [ 34.123795146163346, 51.685230115928263 ], [ 34.124157099762122, 51.684619319230329 ], [ 34.125785890956607, 51.684619319230329 ], [ 34.126736019153384, 51.685003894929032 ], [ 34.126170466655303, 51.685886156826044 ], [ 34.126555042353999, 51.686089755725355 ], [ 34.126306199254842, 51.686745796623129 ], [ 34.127030106452388, 51.686745796623129 ], [ 34.127573036850549, 51.687333971221136 ], [ 34.127233705351699, 51.687560192220374 ], [ 34.127912368349399, 51.687990012118917 ], [ 34.127256327451626, 51.688872274015928 ], [ 34.127980234649172, 51.689596181213474 ], [ 34.128862496546184, 51.689166361314932 ], [ 34.129518537443964, 51.689121117115086 ], [ 34.130332933041203, 51.688827029816082 ], [ 34.131712881136529, 51.689053250815313 ], [ 34.134269178427871, 51.688691297216536 ], [ 34.136169434821433, 51.689256849714624 ], [ 34.136893342018986, 51.689256849714624 ], [ 34.137707737616225, 51.688872274015928 ], [ 34.138725732112775, 51.689234227614698 ], [ 34.139743726609332, 51.689098495015159 ], [ 34.14101056420504, 51.689505692813782 ], [ 34.141282029404117, 51.690206977911402 ], [ 34.143091797397993, 51.690636797809951 ], [ 34.144946809591708, 51.689890268512478 ], [ 34.145037297991401, 51.688849651916001 ], [ 34.14582907148872, 51.688057878418682 ], [ 34.146643467085966, 51.687718546919832 ], [ 34.148634211879212, 51.688261477317994 ], [ 34.149878427374993, 51.688170988918301 ], [ 34.151303619670166, 51.688781785616236 ], [ 34.15168819536887, 51.689143739215005 ], [ 34.152683567765493, 51.688940140315694 ], [ 34.152412102566416, 51.689618803313401 ], [ 34.152909788764731, 51.690048623211943 ], [ 34.154900533557985, 51.690003379012097 ], [ 34.156642435252088, 51.689483070713855 ], [ 34.157298476149869, 51.688170988918301 ], [ 34.157450770392465, 51.68779025331181 ], [ 34.1582033601468, 51.685908778925963 ], [ 34.161189477336691, 51.686089755725348 ], [ 34.162546073267947, 51.687825615035237 ], [ 34.163293332629564, 51.688781785616236 ], [ 34.166121095119998, 51.688487698317232 ], [ 34.169050657060076, 51.690026001112024 ], [ 34.171064023953257, 51.690127800561676 ], [ 34.175102068789585, 51.691767902806134 ], [ 34.177488700331494, 51.69258229840338 ], [ 34.179649110874173, 51.692175100604757 ], [ 34.180531372771192, 51.692491810003681 ], [ 34.183065047962607, 51.692469187903761 ], [ 34.183675844660542, 51.693193095101307 ], [ 34.184377129758168, 51.69326096140108 ], [ 34.184942682256249, 51.694030112798472 ], [ 34.187091781748968, 51.694550421096707 ], [ 34.187046537549122, 51.695432682993719 ], [ 34.189037282342383, 51.695138595694715 ], [ 34.190371986237864, 51.695952991291961 ], [ 34.189602834840464, 51.697174584687822 ], [ 34.190914916636025, 51.697491294086753 ], [ 34.191593579633725, 51.696269700690884 ], [ 34.192950905629132, 51.696450677490276 ], [ 34.193720057026525, 51.697106718388049 ], [ 34.195303604021163, 51.697242450987595 ], [ 34.196095377518482, 51.697038852088284 ], [ 34.196525197417024, 51.694686153696253 ], [ 34.198334965410901, 51.693849135999073 ], [ 34.19903625050852, 51.69423371169777 ], [ 34.200936506902089, 51.693781269699308 ], [ 34.2024974317968, 51.694052734898385 ], [ 34.204035734591592, 51.693984868598612 ], [ 34.205415682686919, 51.694482554796927 ], [ 34.206139589884465, 51.695862502892254 ], [ 34.207429049580099, 51.697446049886892 ], [ 34.208944730274965, 51.699459416780073 ], [ 34.210958097168152, 51.701653760472645 ], [ 34.212609510462556, 51.702897975968426 ], [ 34.213717993358806, 51.703011086468045 ], [ 34.214464522656272, 51.702649132869269 ], [ 34.21704344204754, 51.702626510769349 ], [ 34.217631616645548, 51.702558644469576 ], [ 34.218468634342713, 51.702739621268961 ], [ 34.21916991944034, 51.702694377069115 ], [ 34.21978071613826, 51.703305173767049 ], [ 34.221319018933038, 51.702581266569474 ], [ 34.222020304030664, 51.701676382572536 ], [ 34.224437576295088, 51.701423080348036 ], [ 34.224893310720937, 51.700205946077517 ], [ 34.226569916002724, 51.700412479562935 ], [ 34.228739067707913, 51.700160701877671 ], [ 34.229201110117849, 51.69916545178917 ], [ 34.232222871096113, 51.697287695187399 ], [ 34.234123127489674, 51.696903119488702 ], [ 34.23525423248585, 51.697287695187399 ], [ 34.236407959581939, 51.697038852088241 ], [ 34.237044855821999, 51.697612458561444 ], [ 34.239188160639621, 51.697918125577409 ], [ 34.240660914367538, 51.699052218981421 ], [ 34.24154317626455, 51.699708259879202 ], [ 34.243533921057811, 51.700251190277363 ], [ 34.246395616698123, 51.700477411276594 ], [ 34.24795808703329, 51.701438147203241 ], [ 34.249058869491321, 51.701579743786077 ], [ 34.249868109036363, 51.702275868220504 ], [ 34.250840859333067, 51.702626510769321 ], [ 34.251564766530613, 51.702185379820811 ], [ 34.252379162127859, 51.702445533969929 ], [ 34.252691839113346, 51.702047062355945 ], [ 34.254098441722029, 51.702004403021427 ], [ 34.254426462170912, 51.702524711319661 ], [ 34.255795099216279, 51.70264913286924 ], [ 34.255919520765858, 51.702287179270463 ], [ 34.25568198871666, 51.70199309197146 ], [ 34.256123119665169, 51.701778182022188 ], [ 34.256564250613671, 51.701823426222035 ], [ 34.25700538156218, 51.701597205222804 ], [ 34.258509751207086, 51.701416228423419 ], [ 34.258894326905782, 51.701823426222035 ], [ 34.259867077202486, 51.70163113837269 ], [ 34.260862449599117, 51.701778182022188 ], [ 34.261292269497666, 51.701122141124415 ], [ 34.261507179446937, 51.701054274824642 ], [ 34.261880444095674, 51.7013031179238 ], [ 34.262672217592993, 51.701167385324261 ], [ 34.262830572292451, 51.701721626772382 ], [ 34.264063476738279, 51.701450161573298 ], [ 34.264334941937371, 51.701563272072917 ], [ 34.26401823253844, 51.701936536721654 ], [ 34.264255764587638, 51.702298490320423 ], [ 34.265092782284803, 51.702569955519508 ], [ 34.264606407136455, 51.703406973216673 ], [ 34.266608462979669, 51.703022397517977 ], [ 34.26824856522412, 51.703746304715523 ], [ 34.268339053623812, 51.703305173767014 ], [ 34.269142138171091, 51.703067641717823 ], [ 34.271347792913609, 51.702954531218218 ], [ 34.27367786920572, 51.703452217416526 ], [ 34.274141622254149, 51.703542705816226 ], [ 34.27400588965461, 51.70406301411446 ], [ 34.274582753202658, 51.703938592564882 ], [ 34.277059873144267, 51.704198746713999 ], [ 34.278858330088177, 51.705250674360435 ], [ 34.279684036735382, 51.70502445336119 ], [ 34.279717969885269, 51.705725738458817 ], [ 34.280068612434079, 51.705601316909238 ], [ 34.280181722933698, 51.705250674360428 ], [ 34.282817197574772, 51.70545427325974 ], [ 34.28297555227423, 51.704877409711692 ], [ 34.284864497617839, 51.704911342861578 ], [ 34.286187890463353, 51.704628566612534 ], [ 34.287036219210485, 51.70512625281085 ], [ 34.287748815358071, 51.705092319660963 ], [ 34.288076835806955, 51.704707743962267 ], [ 34.290780176747809, 51.70476429921208 ], [ 34.291185906419472, 51.705339526002881 ], [ 34.291766350863192, 51.705675772421976 ], [ 34.29195652594381, 51.706042447857733 ], [ 34.292488145292012, 51.705827537908462 ], [ 34.294387286015137, 51.707194057365619 ], [ 34.295788123397308, 51.707299631019808 ], [ 34.296695855877765, 51.707546817502639 ], [ 34.2972038, 51.708245 ], [ 34.297736472474234, 51.708225480500339 ], [ 34.297498940425044, 51.709605428595665 ], [ 34.298924132720209, 51.711245530840095 ], [ 34.298426446521894, 51.713292830883162 ], [ 34.294852154733988, 51.718337559166052 ], [ 34.300178949065121, 51.723704848507488 ], [ 34.303535676141834, 51.723420276190907 ], [ 34.3090484, 51.7201572 ], [ 34.309653580213961, 51.720069943454867 ], [ 34.310653691530462, 51.719660952011523 ], [ 34.312339037974752, 51.719853239860868 ], [ 34.312689680523569, 51.719185887913135 ], [ 34.313357032471302, 51.718710823814739 ], [ 34.313526698220734, 51.718088716066845 ], [ 34.314884024216134, 51.717489230418877 ], [ 34.3153464, 51.7167608 ], [ 34.316825345471543, 51.7164013790807 ], [ 34.319284022651225, 51.715769950824701 ], [ 34.322428494540581, 51.715475863525697 ], [ 34.324690704532919, 51.715588974025316 ], [ 34.327450600723573, 51.715340130926158 ], [ 34.329249057667482, 51.715317508826232 ], [ 34.33161306710948, 51.714865066827763 ], [ 34.334915893698295, 51.713700028681707 ], [ 34.337508399681305, 51.713738683236386 ], [ 34.341374503226412, 51.713292830883084 ], [ 34.345299437563121, 51.714209025929989 ], [ 34.348048022703807, 51.714593601628685 ], [ 34.350741029552822, 51.714498960102375 ], [ 34.352561131638517, 51.713971493880791 ], [ 34.354676297981356, 51.712636789985311 ], [ 34.356738567627751, 51.713357165687015 ], [ 34.358227967669329, 51.713145787233586 ], [ 34.359086819333555, 51.713493355553148 ], [ 34.361112285409561, 51.713292830883098 ], [ 34.36190405890688, 51.712421880036047 ], [ 34.3635272, 51.7121714 ], [ 34.36539917334504, 51.712930877284322 ], [ 34.3654498, 51.7124362 ], [ 34.366813054590253, 51.712365324786241 ], [ 34.366995266867725, 51.71290029646665 ], [ 34.368803799383514, 51.712682034185171 ], [ 34.370599829051528, 51.713712388578436 ], [ 34.372593001120684, 51.714401313779334 ], [ 34.374796316761653, 51.714548963969278 ], [ 34.376857266956236, 51.714457869029147 ], [ 34.377773462003134, 51.714978177327382 ], [ 34.380035671995479, 51.715125220976887 ], [ 34.381024603458229, 51.715790581182858 ], [ 34.382750323986286, 51.715860439224393 ], [ 34.384596807928375, 51.716502704881819 ], [ 34.385736441176171, 51.717014166320489 ], [ 34.387410476570501, 51.717353497819339 ], [ 34.390701992109349, 51.718167893416563 ], [ 34.393462312254307, 51.717949294952334 ], [ 34.396086051891118, 51.716493858022233 ], [ 34.398858181907968, 51.71559708793577 ], [ 34.400293762476863, 51.715023421527214 ], [ 34.401537977972652, 51.715521107725529 ], [ 34.401537977972652, 51.717783317717867 ], [ 34.403144147067209, 51.717376119919251 ], [ 34.404388362562997, 51.718484602815494 ], [ 34.407238747153343, 51.717941672417339 ], [ 34.408799672048062, 51.718778690114505 ], [ 34.408071748145488, 51.719138223285647 ], [ 34.40861869524867, 51.720136016109905 ], [ 34.41142383563917, 51.719593085711743 ], [ 34.413505068832123, 51.720543213908527 ], [ 34.413572935131896, 51.721764807304389 ], [ 34.415925633523926, 51.722533958701781 ], [ 34.417825889917488, 51.722352981902397 ], [ 34.42004285570998, 51.721900539903928 ], [ 34.421739513204223, 51.722172005102976 ], [ 34.423051594999784, 51.722386915052255 ], [ 34.423176016549363, 51.722669691301292 ], [ 34.423074217099703, 51.723144755399687 ], [ 34.423639769597791, 51.723800796297461 ], [ 34.423119461299549, 51.724547325594934 ], [ 34.423583214347985, 51.725045011793249 ], [ 34.423323060198861, 51.726232672039224 ], [ 34.424271111670009, 51.727309299417691 ], [ 34.424906607193506, 51.727522131734844 ], [ 34.425754361342932, 51.728821705918079 ], [ 34.426422287888371, 51.729309277628793 ], [ 34.427417660285002, 51.729761719627263 ], [ 34.429126398031428, 51.729773756198725 ], [ 34.429815602876872, 51.729433699178372 ], [ 34.430176762372007, 51.729785789758566 ], [ 34.430787478911732, 51.729792786467932 ], [ 34.431365216721623, 51.729331899728713 ], [ 34.431930769219711, 51.729580742827871 ], [ 34.432552876967605, 51.729478943378219 ], [ 34.43375184826354, 51.730101051126113 ], [ 34.434339987091505, 51.731010853446392 ], [ 34.435154418458794, 51.731752464420531 ], [ 34.43551637205757, 51.73253292686789 ], [ 34.436211448349056, 51.732729790478864 ], [ 34.436161101905384, 51.73353961031448 ], [ 34.435448505757797, 51.733845008663444 ], [ 34.435459816807764, 51.734987424709573 ], [ 34.43654567760408, 51.736141151805668 ], [ 34.436613543903853, 51.736898992153101 ], [ 34.439362129044547, 51.738109274499003 ], [ 34.439916370492668, 51.741389478987898 ], [ 34.440561100340481, 51.743334979581306 ], [ 34.439950303642554, 51.743798732629735 ], [ 34.440221768841631, 51.744409529327669 ], [ 34.438050047248986, 51.746253230471424 ], [ 34.436998119602549, 51.748357085764304 ], [ 34.436930253302776, 51.748820838812733 ], [ 34.436081924555651, 51.749080992961858 ], [ 34.435742593056801, 51.749058370861931 ], [ 34.435459816807757, 51.749748344909598 ], [ 34.4358896367063, 51.750110298508368 ], [ 34.435731282006834, 51.75051749630699 ], [ 34.436319456604842, 51.750540118406917 ], [ 34.43620634610523, 51.751015182505306 ], [ 34.436692721253578, 51.75096993830546 ], [ 34.436704032303538, 51.751603357103313 ], [ 34.436624854953813, 51.75196531070209 ], [ 34.435855703556413, 51.751840889152511 ], [ 34.435810459356567, 51.752146287501475 ], [ 34.436070613505684, 51.75232726430086 ], [ 34.436047991405765, 51.752711839999556 ], [ 34.435516372057563, 51.752474307950365 ], [ 34.435278840008365, 51.7529946162486 ], [ 34.434826398009896, 51.75393343339541 ], [ 34.436319456604842, 51.755200270991125 ], [ 34.436511744454187, 51.756184332337789 ], [ 34.436353389754721, 51.757191015784379 ], [ 34.436930253302769, 51.757790501432346 ], [ 34.438366756647909, 51.757960167181778 ], [ 34.437326140051432, 51.758978161678328 ], [ 34.43654567760408, 51.760290243473882 ], [ 34.436285523454963, 51.761059394871282 ], [ 34.434826398009903, 51.762122633567678 ], [ 34.43518835160868, 51.762937029164924 ], [ 34.436149790855431, 51.764237799910518 ], [ 34.433616115663995, 51.765097439707603 ], [ 34.430528199024451, 51.766047567904387 ], [ 34.430528199024451, 51.766884585601552 ], [ 34.431127684672433, 51.768185356347132 ], [ 34.429770358677033, 51.768513376796022 ], [ 34.427960590683163, 51.768592554145755 ], [ 34.427214061385691, 51.769644481792191 ], [ 34.427756991783852, 51.770651165238782 ], [ 34.428446965831505, 51.772031113334108 ], [ 34.427881413333431, 51.773727770828344 ], [ 34.423877301646989, 51.773999236027429 ], [ 34.42209015575304, 51.774338567526279 ], [ 34.4216082, 51.7751489 ], [ 34.421547225354878, 51.77589949242099 ], [ 34.422169333102772, 51.776374556519386 ], [ 34.422712081127486, 51.776856366897995 ], [ 34.422244599481992, 51.777471843438988 ], [ 34.421445425905219, 51.777946792464057 ], [ 34.420517919808361, 51.778331368162753 ], [ 34.419737457361009, 51.778320057112794 ], [ 34.418425375565455, 51.778727254911423 ], [ 34.416849057991691, 51.778927031004692 ], [ 34.415495813625377, 51.779202319009819 ], [ 34.414432574928973, 51.780446534505607 ], [ 34.413437202532343, 51.78079717705441 ], [ 34.412283475436247, 51.781294863252725 ], [ 34.410473707442378, 51.781430595852264 ], [ 34.409920773913413, 51.782047900096522 ], [ 34.4094202, 51.7821585 ], [ 34.409297358246363, 51.782742677647825 ], [ 34.409862910744451, 51.78492571029043 ], [ 34.409659311845139, 51.785479951738552 ], [ 34.40853951789893, 51.786678923034493 ], [ 34.4082228085, 51.787606429131358 ], [ 34.407476279202534, 51.788296403179018 ], [ 34.40786085490123, 51.788952444076799 ], [ 34.407679878101838, 51.789529307624846 ], [ 34.407114325603757, 51.79017403747266 ], [ 34.40720481400345, 51.790683034720935 ], [ 34.408121009050348, 51.79085270047036 ], [ 34.408471651599157, 51.791214654069137 ], [ 34.408686561548436, 51.791768895517258 ], [ 34.409523579245601, 51.792424936415031 ], [ 34.409342602446216, 51.793307198312043 ], [ 34.408098386950428, 51.793827506610285 ], [ 34.408143631150274, 51.794268637558787 ], [ 34.408686561548436, 51.794540102757871 ], [ 34.410722550541543, 51.795207454705611 ], [ 34.410846972091122, 51.795761696153733 ], [ 34.41031535274292, 51.796723135400477 ], [ 34.410948771540774, 51.79774112989702 ], [ 34.412034632337097, 51.798317993445067 ], [ 34.412792472684529, 51.799347298991584 ], [ 34.413595557231815, 51.800478403987753 ], [ 34.414342086529281, 51.801360665884765 ], [ 34.414364708629208, 51.801801796833274 ], [ 34.413697356681467, 51.802254238831736 ], [ 34.413697356681467, 51.802627503480473 ], [ 34.414149798679937, 51.803306166478173 ], [ 34.414941572177263, 51.803826474776415 ], [ 34.415314836825999, 51.803883030026228 ], [ 34.415348769975886, 51.804256294674957 ], [ 34.41519041527642, 51.805014135022397 ], [ 34.415382703125765, 51.805353466521247 ], [ 34.415326147875959, 51.805919019019328 ], [ 34.415676790424776, 51.806461949417489 ], [ 34.416253653972817, 51.80710667926531 ], [ 34.416197098723011, 51.807762720163083 ], [ 34.416683473871366, 51.808350894761091 ], [ 34.417000183270289, 51.808656293110062 ], [ 34.416830517520864, 51.809131357208443 ], [ 34.416378075522395, 51.810805392602774 ], [ 34.415970877723773, 51.811812076049364 ], [ 34.416038744023545, 51.81320333519465 ], [ 34.413946199780625, 51.814820815339182 ], [ 34.414014066080398, 51.816381740233894 ], [ 34.413369336232584, 51.816596650183165 ], [ 34.412600184835185, 51.816540094933359 ], [ 34.411401213539243, 51.817343179480638 ], [ 34.41142383563917, 51.817840865678953 ], [ 34.411593501388595, 51.818971970675122 ], [ 34.412566251685298, 51.818824927025616 ], [ 34.412905583184148, 51.819356546373818 ], [ 34.414556996478531, 51.819820299422183 ], [ 34.414851083777535, 51.820238808270766 ], [ 34.414824999533323, 51.820554190496253 ], [ 34.414726662227956, 51.821743177915685 ], [ 34.415099926876692, 51.823315413860364 ], [ 34.415099926876692, 51.824797161405343 ], [ 34.415812523024279, 51.825181737104039 ], [ 34.415699412524667, 51.825905644301585 ], [ 34.41468141802811, 51.825973510601358 ], [ 34.414115865530029, 51.826335464200135 ], [ 34.413414580432402, 51.826380708399981 ], [ 34.412747228484662, 51.826640862549098 ], [ 34.41153694613876, 51.826720039898831 ], [ 34.411367280389335, 51.827217726097146 ], [ 34.410790416841287, 51.827692790195535 ], [ 34.41085828314106, 51.828133921144037 ], [ 34.411129748340144, 51.828382764243194 ], [ 34.410722550541522, 51.828823895191704 ], [ 34.409681933945045, 51.829072738290861 ], [ 34.409127692496924, 51.829604357639063 ], [ 34.409082448297077, 51.829841889688254 ], [ 34.408188875350106, 51.830656285285485 ], [ 34.407612011802058, 51.831289704083339 ], [ 34.406503528905809, 51.831753457131768 ], [ 34.405768310658303, 51.831708212931922 ], [ 34.405315868659834, 51.831719523981889 ], [ 34.404908670861211, 51.831459369832764 ], [ 34.403845432164815, 51.831821323431541 ], [ 34.403144147067188, 51.831821323431541 ], [ 34.402872681868111, 51.832092788630618 ], [ 34.402736949268572, 51.832499986429241 ], [ 34.402182707820444, 51.832748829528398 ], [ 34.402137463620598, 51.833144716277054 ], [ 34.402374995669796, 51.833665024575296 ], [ 34.40153797797263, 51.833993045024187 ], [ 34.400893248124817, 51.834230577073377 ], [ 34.400825381825044, 51.83462646382204 ], [ 34.401074224924201, 51.834943173220964 ], [ 34.400938492324663, 51.835452170469246 ], [ 34.40053129452604, 51.835848057217916 ], [ 34.399773454178607, 51.835633147268645 ], [ 34.399106102230867, 51.835587903068799 ], [ 34.398235151383815, 51.836006411917381 ], [ 34.396255717640521, 51.835746257768257 ], [ 34.393224356250784, 51.835599214118758 ], [ 34.38980841916235, 51.835859368267876 ], [ 34.388994023565111, 51.8367981854147 ], [ 34.388496337366796, 51.837544714712166 ], [ 34.387950682002177, 51.838230974011729 ], [ 34.388043895368334, 51.839603325805179 ], [ 34.387819648783768, 51.84013508102489 ], [ 34.387353921320667, 51.840078389903567 ], [ 34.386901479322205, 51.840383788252531 ], [ 34.386482970473622, 51.841299983299429 ], [ 34.387715874919436, 51.843788414291005 ], [ 34.38664132517308, 51.844534943588478 ], [ 34.385182199728007, 51.843788414291005 ], [ 34.384537469880193, 51.844139056839815 ], [ 34.383517707335479, 51.843969254904401 ], [ 34.382263056405662, 51.843997223437839 ], [ 34.381144154891686, 51.844240856289467 ], [ 34.3797528957464, 51.844274789439353 ], [ 34.379068599076376, 51.844095553352531 ], [ 34.378983744349, 51.843471704892075 ], [ 34.377920505652604, 51.839795613654502 ], [ 34.372231047521879, 51.837273249513061 ], [ 34.359788892564019, 51.842159623096506 ], [ 34.351463959792184, 51.841424404849 ], [ 34.345491725412408, 51.84357350434172 ], [ 34.35015187799663, 51.851604349814515 ], [ 34.35406550128338, 51.855472728901411 ], [ 34.3462771, 51.8639982 ], [ 34.346034655810577, 51.864600746220525 ], [ 34.344089155217162, 51.865222853968412 ], [ 34.342731829221762, 51.866150360065276 ], [ 34.340786328628347, 51.866557557863892 ], [ 34.337142219963859, 51.867898711556954 ], [ 34.327886411019193, 51.871850858669433 ], [ 34.324113840984815, 51.875549842583432 ], [ 34.325549, 51.876084 ], [ 34.321783764692711, 51.877789430475843 ], [ 34.319793019899464, 51.87987066366879 ], [ 34.318367827604291, 51.881386344363655 ], [ 34.317236722608122, 51.882132873661128 ], [ 34.315788908213023, 51.882630559859436 ], [ 34.31327785512152, 51.883331844957063 ], [ 34.310563203130712, 51.883625932256066 ], [ 34.30902490033592, 51.883558065956301 ], [ 34.307712818540367, 51.883829531155378 ], [ 34.305925672646417, 51.884621304652697 ], [ 34.304726701350482, 51.885526188649635 ], [ 34.304477858251325, 51.887607421842581 ], [ 34.275498948249471, 51.888308706940222 ], [ 34.272128255360876, 51.885865520148492 ], [ 34.269685068569153, 51.883603310156154 ], [ 34.265929799981869, 51.880798169765654 ], [ 34.26375807838923, 51.879599198469705 ], [ 34.263463991090227, 51.878671692372848 ], [ 34.260070676101712, 51.878309738774085 ], [ 34.256157052814963, 51.87883004707232 ], [ 34.247628521143852, 51.880730303465889 ], [ 34.246610526647295, 51.882743670359069 ], [ 34.254234174321482, 51.88744906714313 ], [ 34.259572989903397, 51.889371945636618 ], [ 34.265364247483781, 51.908872195770577 ], [ 34.256994070512121, 51.920364222531667 ], [ 34.232946778293559, 51.913193016855956 ], [ 34.222585856528653, 51.919097384935952 ], [ 34.221726216731568, 51.922173990525529 ], [ 34.22360385102521, 51.92416473531879 ], [ 34.222789455427964, 51.924685043617025 ], [ 34.223241897426441, 51.926788898909919 ], [ 34.223875316224301, 51.928055736505634 ], [ 34.221703594631656, 51.929051108902257 ], [ 34.219373518339545, 51.930272702298126 ], [ 34.21740539564621, 51.930453679097511 ], [ 34.211161696067364, 51.933371929987615 ], [ 34.21165938226568, 51.935860360979191 ], [ 34.210279434170353, 51.936154448278195 ], [ 34.209781747972038, 51.936855733375822 ], [ 34.208922108174946, 51.937262931174438 ], [ 34.208492288276403, 51.937873727872372 ], [ 34.206840874981999, 51.938258303571068 ], [ 34.205279950087281, 51.939027454968468 ], [ 34.203719025192569, 51.940452647263641 ], [ 34.202949873795177, 51.941628996459656 ], [ 34.203198716894335, 51.942986322455056 ], [ 34.198810029509183, 51.950067039731074 ], [ 34.195190493521437, 51.953641331518973 ], [ 34.194738051522968, 51.956469094009393 ], [ 34.191254248134769, 51.959817164798054 ], [ 34.189874300039442, 51.962690171488326 ], [ 34.189643635147142, 51.967707132895818 ], [ 34.177997697579663, 51.96936369096575 ], [ 34.16650567081858, 51.969227958366211 ], [ 34.149629584275736, 51.967780143971105 ], [ 34.142888198498561, 51.967893254470724 ], [ 34.136689743119554, 51.972802250154096 ], [ 34.126916995952662, 51.983117927719157 ], [ 34.135219306624542, 51.989497359897555 ], [ 34.137730359716038, 51.994021779882232 ], [ 34.139200796211064, 51.997369850670886 ], [ 34.140105680207995, 51.997844914769274 ], [ 34.139969947608456, 51.999179618664755 ], [ 34.137866092315583, 52.000559566760082 ], [ 34.136825475719107, 52.00035596786077 ], [ 34.134201312127992, 52.001238229757782 ], [ 34.132866608232511, 52.002459823153643 ], [ 34.131373549637573, 52.004269591147519 ], [ 34.129122650695194, 52.005027431494945 ], [ 34.126227021905002, 52.006610978489583 ], [ 34.123376637314657, 52.006543112189817 ], [ 34.119915456026376, 52.006724088989202 ], [ 34.116386408438323, 52.005683472392725 ], [ 34.113784866947135, 52.005887071292037 ], [ 34.111975098953259, 52.006724088989202 ], [ 34.111024970756482, 52.005570361893106 ], [ 34.108830627063909, 52.005570361893106 ], [ 34.108287696665748, 52.005434629293568 ], [ 34.107201835869425, 52.005389385093721 ], [ 34.106591039171498, 52.005004809395025 ], [ 34.105188468976245, 52.004326146397325 ], [ 34.103627544081533, 52.004122547498014 ], [ 34.102292840186053, 52.004371390597171 ], [ 34.100731915291341, 52.004258280097552 ], [ 34.100121118593407, 52.004461878996864 ], [ 34.098831658897772, 52.004484501096783 ], [ 34.098537571598769, 52.004235657997633 ], [ 34.097768420201376, 52.004394012697091 ], [ 34.09627536160643, 52.004959565195179 ], [ 34.093130889717074, 52.005434629293582 ], [ 34.089873307328105, 52.011542596272896 ], [ 34.09073294712519, 52.013895294664927 ], [ 34.090009039927644, 52.016157504657265 ], [ 34.089873307328098, 52.018419714649596 ], [ 34.090325749326567, 52.020614058342161 ], [ 34.089488731629402, 52.021835651738037 ], [ 34.088040917234309, 52.026201717023248 ], [ 34.086299015540206, 52.029210456313059 ], [ 34.086841945938374, 52.031857242004087 ], [ 34.086004928241209, 52.033056213300029 ], [ 34.085688218842279, 52.035046958093282 ], [ 34.086140660840748, 52.036110196789686 ], [ 34.086593102839217, 52.037490144885012 ], [ 34.093515465415784, 52.038598627781276 ], [ 34.096999268803984, 52.042987315166414 ], [ 34.093289244416553, 52.046787827953544 ], [ 34.090348371426515, 52.050814561739905 ], [ 34.082023438654709, 52.054841295526266 ], [ 34.08179721765547, 52.062170855901449 ], [ 34.076684623072786, 52.067464427283511 ], [ 34.062161234921973, 52.06936468367708 ], [ 34.062342211721358, 52.07307470806451 ], [ 34.099167055304036, 52.093393710555226 ], [ 34.08432670428693, 52.103200110749519 ], [ 34.086029236572308, 52.108551647605083 ], [ 34.088801268796175, 52.110235192892063 ], [ 34.091738241640073, 52.110733866994657 ], [ 34.092774820290856, 52.11123253551991 ], [ 34.096523779744544, 52.111603880798576 ], [ 34.098717871222057, 52.111614490618237 ], [ 34.100786709445934, 52.113359771583596 ], [ 34.103067182477659, 52.117051690973319 ], [ 34.106643378822874, 52.119014224795649 ], [ 34.110858798669412, 52.122928426099726 ], [ 34.109891325262019, 52.127510468887884 ], [ 34.110478719830795, 52.129122557081956 ], [ 34.111791719455127, 52.130458849135422 ], [ 34.110927903912788, 52.131455739327123 ], [ 34.110893351291104, 52.132855590028072 ], [ 34.109766270944029, 52.133440976650668 ], [ 34.106401510471038, 52.135188576787826 ], [ 34.099352775645691, 52.143268250141922 ], [ 34.098454407481675, 52.149501956894404 ], [ 34.089729870504222, 52.154081266998709 ], [ 34.081938254312476, 52.153487679297484 ], [ 34.075407808812535, 52.154017668695012 ], [ 34.070121257693529, 52.156582728206693 ], [ 34.068773705447498, 52.158575317054876 ], [ 34.069015573799341, 52.16020747762947 ], [ 34.066424127172382, 52.161860774071165 ], [ 34.062139602082468, 52.163683568190734 ], [ 34.061730649107041, 52.166880294590243 ] ] ] ] } }
]
}
